-- MySQL dump 10.13  Distrib 8.0.36, for Win64 (x86_64)
--
-- Host: 127.0.0.1    Database: acs_parking
-- ------------------------------------------------------
-- Server version	8.0.36

/*!40101 SET @OLD_CHARACTER_SET_CLIENT=@@CHARACTER_SET_CLIENT */;
/*!40101 SET @OLD_CHARACTER_SET_RESULTS=@@CHARACTER_SET_RESULTS */;
/*!40101 SET @OLD_COLLATION_CONNECTION=@@COLLATION_CONNECTION */;
/*!50503 SET NAMES utf8 */;
/*!40103 SET @OLD_TIME_ZONE=@@TIME_ZONE */;
/*!40103 SET TIME_ZONE='+00:00' */;
/*!40014 SET @OLD_UNIQUE_CHECKS=@@UNIQUE_CHECKS, UNIQUE_CHECKS=0 */;
/*!40014 SET @OLD_FOREIGN_KEY_CHECKS=@@FOREIGN_KEY_CHECKS, FOREIGN_KEY_CHECKS=0 */;
/*!40101 SET @OLD_SQL_MODE=@@SQL_MODE, SQL_MODE='NO_AUTO_VALUE_ON_ZERO' */;
/*!40111 SET @OLD_SQL_NOTES=@@SQL_NOTES, SQL_NOTES=0 */;

--
-- Table structure for table `companies`
--

DROP TABLE IF EXISTS `companies`;
/*!40101 SET @saved_cs_client     = @@character_set_client */;
/*!50503 SET character_set_client = utf8mb4 */;
CREATE TABLE `companies` (
  `id` bigint unsigned NOT NULL AUTO_INCREMENT,
  `company_name` varchar(255) COLLATE utf8mb4_unicode_ci NOT NULL,
  `company_phone` varchar(50) COLLATE utf8mb4_unicode_ci DEFAULT NULL,
  `company_address` varchar(255) COLLATE utf8mb4_unicode_ci DEFAULT NULL,
  `company_status_id` bigint unsigned NOT NULL,
  `created_at` timestamp NULL DEFAULT NULL,
  `updated_at` timestamp NULL DEFAULT NULL,
  PRIMARY KEY (`id`)
) ENGINE=InnoDB AUTO_INCREMENT=6 DEFAULT CHARSET=utf8mb4 COLLATE=utf8mb4_unicode_ci;
/*!40101 SET character_set_client = @saved_cs_client */;

--
-- Dumping data for table `companies`
--

LOCK TABLES `companies` WRITE;
/*!40000 ALTER TABLE `companies` DISABLE KEYS */;
INSERT INTO `companies` VALUES (1,'บริษัท อรุณ ชัยเสรี คอนซัลติ้ง เอนจิเนียร์ส จำกัด','1234','1/1',1,'2024-03-20 09:38:45','2024-03-20 09:38:45'),(2,'บริษัท คอมพิวเตอร์ โปรดักส์ จำกัด','1111','2/2',1,'2024-03-20 09:41:07','2024-03-20 09:41:59'),(3,'บริษัท เมดิเซน อิมเมจ เทคโนโลยี จำกัด','333','2/85',1,'2024-03-20 09:42:37','2024-03-20 09:42:37'),(4,'บริษัท คลิคอินเตอร์ บิซิเนส จำกัด','1234','22',1,'2024-03-27 01:30:27','2024-03-27 01:30:27'),(5,'บริษัท ซี ดับเบิลยู วาย (ประเทศไทย) จำกัด','1234','102/6',1,'2024-04-03 01:34:39','2024-04-03 01:34:39');
/*!40000 ALTER TABLE `companies` ENABLE KEYS */;
UNLOCK TABLES;

--
-- Table structure for table `company_setup`
--

DROP TABLE IF EXISTS `company_setup`;
/*!40101 SET @saved_cs_client     = @@character_set_client */;
/*!50503 SET character_set_client = utf8mb4 */;
CREATE TABLE `company_setup` (
  `id` bigint unsigned NOT NULL AUTO_INCREMENT,
  `company_id` bigint unsigned NOT NULL,
  `stamp_id` bigint unsigned NOT NULL,
  `place_id` bigint unsigned NOT NULL,
  `floor_id` bigint unsigned NOT NULL,
  `total_quota` int unsigned NOT NULL,
  `remaining_quota` int unsigned NOT NULL,
  `created_at` timestamp NULL DEFAULT NULL,
  `updated_at` timestamp NULL DEFAULT NULL,
  PRIMARY KEY (`id`),
  KEY `company_setup_company_id_foreign` (`company_id`),
  KEY `company_setup_stamp_id_foreign` (`stamp_id`),
  KEY `company_setup_place_id_foreign` (`place_id`),
  KEY `company_setup_floor_id_foreign` (`floor_id`),
  CONSTRAINT `company_setup_company_id_foreign` FOREIGN KEY (`company_id`) REFERENCES `companies` (`id`) ON DELETE CASCADE,
  CONSTRAINT `company_setup_floor_id_foreign` FOREIGN KEY (`floor_id`) REFERENCES `floors` (`id`) ON DELETE CASCADE,
  CONSTRAINT `company_setup_place_id_foreign` FOREIGN KEY (`place_id`) REFERENCES `places` (`id`) ON DELETE CASCADE,
  CONSTRAINT `company_setup_stamp_id_foreign` FOREIGN KEY (`stamp_id`) REFERENCES `stamps` (`id`) ON DELETE CASCADE
) ENGINE=InnoDB AUTO_INCREMENT=7 DEFAULT CHARSET=utf8mb4 COLLATE=utf8mb4_unicode_ci;
/*!40101 SET character_set_client = @saved_cs_client */;

--
-- Dumping data for table `company_setup`
--

LOCK TABLES `company_setup` WRITE;
/*!40000 ALTER TABLE `company_setup` DISABLE KEYS */;
INSERT INTO `company_setup` VALUES (1,1,1,1,2,300,25,'2024-03-20 09:43:36','2024-03-20 09:43:36'),(2,1,2,1,2,3800,20,'2024-03-20 09:44:44','2024-03-20 09:44:44'),(3,2,6,1,6,50,10,'2024-03-20 09:45:55','2024-04-01 03:28:10'),(4,3,7,2,11,20,0,'2024-03-20 09:49:21','2024-04-05 01:48:15'),(5,4,9,2,13,0,0,'2024-03-27 01:31:49','2024-04-04 01:33:21'),(6,5,10,1,10,0,0,'2024-04-03 01:36:00','2024-04-03 03:42:03');
/*!40000 ALTER TABLE `company_setup` ENABLE KEYS */;
UNLOCK TABLES;

--
-- Table structure for table `company_status`
--

DROP TABLE IF EXISTS `company_status`;
/*!40101 SET @saved_cs_client     = @@character_set_client */;
/*!50503 SET character_set_client = utf8mb4 */;
CREATE TABLE `company_status` (
  `id` bigint unsigned NOT NULL AUTO_INCREMENT,
  `status` varchar(100) COLLATE utf8mb4_unicode_ci NOT NULL,
  `created_at` timestamp NULL DEFAULT NULL,
  `updated_at` timestamp NULL DEFAULT NULL,
  PRIMARY KEY (`id`)
) ENGINE=InnoDB AUTO_INCREMENT=8 DEFAULT CHARSET=utf8mb4 COLLATE=utf8mb4_unicode_ci;
/*!40101 SET character_set_client = @saved_cs_client */;

--
-- Dumping data for table `company_status`
--

LOCK TABLES `company_status` WRITE;
/*!40000 ALTER TABLE `company_status` DISABLE KEYS */;
INSERT INTO `company_status` VALUES (1,'ดำเนินการอยู่','2024-02-28 04:21:42','2024-02-28 04:21:42'),(3,'ไม่ได้ดำเนินการแล้ว','2024-02-28 04:28:55','2024-02-28 08:51:12');
/*!40000 ALTER TABLE `company_status` ENABLE KEYS */;
UNLOCK TABLES;

--
-- Table structure for table `failed_jobs`
--

DROP TABLE IF EXISTS `failed_jobs`;
/*!40101 SET @saved_cs_client     = @@character_set_client */;
/*!50503 SET character_set_client = utf8mb4 */;
CREATE TABLE `failed_jobs` (
  `id` bigint unsigned NOT NULL AUTO_INCREMENT,
  `uuid` varchar(255) COLLATE utf8mb4_unicode_ci NOT NULL,
  `connection` text COLLATE utf8mb4_unicode_ci NOT NULL,
  `queue` text COLLATE utf8mb4_unicode_ci NOT NULL,
  `payload` longtext COLLATE utf8mb4_unicode_ci NOT NULL,
  `exception` longtext COLLATE utf8mb4_unicode_ci NOT NULL,
  `failed_at` timestamp NOT NULL DEFAULT CURRENT_TIMESTAMP,
  PRIMARY KEY (`id`),
  UNIQUE KEY `failed_jobs_uuid_unique` (`uuid`)
) ENGINE=InnoDB DEFAULT CHARSET=utf8mb4 COLLATE=utf8mb4_unicode_ci;
/*!40101 SET character_set_client = @saved_cs_client */;

--
-- Dumping data for table `failed_jobs`
--

LOCK TABLES `failed_jobs` WRITE;
/*!40000 ALTER TABLE `failed_jobs` DISABLE KEYS */;
/*!40000 ALTER TABLE `failed_jobs` ENABLE KEYS */;
UNLOCK TABLES;

--
-- Table structure for table `floors`
--

DROP TABLE IF EXISTS `floors`;
/*!40101 SET @saved_cs_client     = @@character_set_client */;
/*!50503 SET character_set_client = utf8mb4 */;
CREATE TABLE `floors` (
  `id` bigint unsigned NOT NULL AUTO_INCREMENT,
  `floor_number` varchar(50) COLLATE utf8mb4_unicode_ci NOT NULL,
  `created_at` timestamp NULL DEFAULT NULL,
  `updated_at` timestamp NULL DEFAULT NULL,
  PRIMARY KEY (`id`)
) ENGINE=InnoDB AUTO_INCREMENT=25 DEFAULT CHARSET=utf8mb4 COLLATE=utf8mb4_unicode_ci;
/*!40101 SET character_set_client = @saved_cs_client */;

--
-- Dumping data for table `floors`
--

LOCK TABLES `floors` WRITE;
/*!40000 ALTER TABLE `floors` DISABLE KEYS */;
INSERT INTO `floors` VALUES (1,'-','2024-03-20 09:26:06','2024-03-20 09:26:06'),(2,'ชั้น 21-25','2024-03-20 09:26:14','2024-03-25 06:57:50'),(3,'25','2024-03-20 09:26:20','2024-03-20 09:26:20'),(4,'29','2024-03-20 09:26:26','2024-03-20 09:26:26'),(5,'8-10','2024-03-20 09:26:39','2024-03-20 09:26:39'),(6,'9','2024-03-20 09:26:58','2024-03-20 09:26:58'),(7,'10','2024-03-20 09:27:05','2024-03-20 09:27:05'),(8,'11','2024-03-20 09:27:11','2024-03-20 09:27:11'),(9,'21','2024-03-20 09:27:21','2024-03-20 09:27:21'),(10,'22','2024-03-20 09:27:31','2024-03-20 09:27:31'),(11,'ชั้น 12','2024-03-20 09:27:46','2024-03-27 07:35:53'),(12,'14','2024-03-20 09:27:50','2024-03-20 09:27:50'),(13,'16','2024-03-20 09:27:57','2024-03-20 09:27:57'),(14,'17','2024-03-20 09:28:07','2024-03-20 09:28:07'),(15,'18','2024-03-20 09:28:12','2024-03-20 09:28:12'),(16,'19','2024-03-20 09:28:17','2024-03-20 09:28:17'),(17,'20','2024-03-20 09:28:27','2024-03-20 09:28:27'),(18,'23','2024-03-20 09:28:45','2024-03-20 09:28:45'),(19,'24','2024-03-20 09:28:53','2024-03-20 09:28:53'),(20,'1','2024-03-20 09:28:59','2024-03-20 09:28:59'),(21,'5','2024-03-20 09:29:04','2024-03-20 09:29:04'),(22,'6','2024-03-20 09:29:09','2024-03-20 09:29:09'),(23,'คอนโด','2024-03-20 09:29:24','2024-03-20 09:29:24'),(24,'7A','2024-03-20 09:29:34','2024-03-20 09:29:34');
/*!40000 ALTER TABLE `floors` ENABLE KEYS */;
UNLOCK TABLES;

--
-- Table structure for table `member_types`
--

DROP TABLE IF EXISTS `member_types`;
/*!40101 SET @saved_cs_client     = @@character_set_client */;
/*!50503 SET character_set_client = utf8mb4 */;
CREATE TABLE `member_types` (
  `id` bigint unsigned NOT NULL AUTO_INCREMENT,
  `member_type` varchar(255) COLLATE utf8mb4_unicode_ci NOT NULL,
  `created_at` timestamp NULL DEFAULT NULL,
  `updated_at` timestamp NULL DEFAULT NULL,
  PRIMARY KEY (`id`)
) ENGINE=InnoDB AUTO_INCREMENT=6 DEFAULT CHARSET=utf8mb4 COLLATE=utf8mb4_unicode_ci;
/*!40101 SET character_set_client = @saved_cs_client */;

--
-- Dumping data for table `member_types`
--

LOCK TABLES `member_types` WRITE;
/*!40000 ALTER TABLE `member_types` DISABLE KEYS */;
INSERT INTO `member_types` VALUES (1,'ตลอดชีพ','2024-02-28 02:37:04','2024-02-28 02:37:04'),(2,'ตามระยะเวลาสัญญาเช่า','2024-02-28 02:23:28','2024-02-28 02:37:16'),(3,'เช่าที่จอดรายเดือน','2024-02-28 02:25:12','2024-02-28 02:37:33');
/*!40000 ALTER TABLE `member_types` ENABLE KEYS */;
UNLOCK TABLES;

--
-- Table structure for table `members`
--

DROP TABLE IF EXISTS `members`;
/*!40101 SET @saved_cs_client     = @@character_set_client */;
/*!50503 SET character_set_client = utf8mb4 */;
CREATE TABLE `members` (
  `id` bigint unsigned NOT NULL AUTO_INCREMENT,
  `member_code` varchar(255) COLLATE utf8mb4_unicode_ci NOT NULL,
  `first_name` varchar(255) COLLATE utf8mb4_unicode_ci NOT NULL,
  `last_name` varchar(255) COLLATE utf8mb4_unicode_ci NOT NULL,
  `phone` varchar(15) COLLATE utf8mb4_unicode_ci NOT NULL,
  `member_status` enum('active','inactive') COLLATE utf8mb4_unicode_ci NOT NULL,
  `member_type_id` bigint unsigned NOT NULL,
  `place_id` bigint unsigned NOT NULL,
  `company_id` bigint unsigned NOT NULL,
  `id_card` varchar(13) COLLATE utf8mb4_unicode_ci NOT NULL,
  `license_driver` varchar(20) COLLATE utf8mb4_unicode_ci DEFAULT NULL,
  `license_plate` varchar(255) COLLATE utf8mb4_unicode_ci DEFAULT NULL,
  `issue_date` date DEFAULT NULL,
  `expiry_date` date DEFAULT NULL,
  `created_at` timestamp NULL DEFAULT NULL,
  `updated_at` timestamp NULL DEFAULT NULL,
  PRIMARY KEY (`id`),
  UNIQUE KEY `members_member_code_unique` (`member_code`),
  KEY `members_member_type_id_foreign` (`member_type_id`),
  KEY `members_place_id_foreign` (`place_id`),
  CONSTRAINT `members_member_type_id_foreign` FOREIGN KEY (`member_type_id`) REFERENCES `member_types` (`id`),
  CONSTRAINT `members_place_id_foreign` FOREIGN KEY (`place_id`) REFERENCES `places` (`id`)
) ENGINE=InnoDB AUTO_INCREMENT=5 DEFAULT CHARSET=utf8mb4 COLLATE=utf8mb4_unicode_ci;
/*!40101 SET character_set_client = @saved_cs_client */;

--
-- Dumping data for table `members`
--

LOCK TABLES `members` WRITE;
/*!40000 ALTER TABLE `members` DISABLE KEYS */;
INSERT INTO `members` VALUES (1,'B200267','นายทดสอบ','นามสกุล','0813232136','inactive',3,4,1,'5411321321231','111521212133213265','กบ2053','2024-04-03','2024-04-02','2024-04-03 02:59:34','2024-04-04 07:57:43'),(2,'41141','test','nn','0100100000','inactive',3,3,1,'1202452242222','2222222222222','10112','2024-04-04','2024-04-05','2024-04-04 08:14:43','2024-04-05 04:15:27'),(3,'00000','กก','กฟ','0000000000','active',3,4,1,'1111111111111','111414141414111','1415165165165ฟ1ก1ฟก1ฟก1ฟ1ก231231ก32ฟ1ก1ฟ1กฟ','2024-04-09','2024-04-24','2024-04-09 02:10:15','2024-04-09 02:20:05'),(4,'dd','ddd','dd','1111111111','active',3,4,2,'1123131321111','2312312312332','132132กฟ32ก123ฟ','2024-04-09','2024-04-24','2024-04-09 02:16:38','2024-04-09 02:16:38');
/*!40000 ALTER TABLE `members` ENABLE KEYS */;
UNLOCK TABLES;

--
-- Table structure for table `migrations`
--

DROP TABLE IF EXISTS `migrations`;
/*!40101 SET @saved_cs_client     = @@character_set_client */;
/*!50503 SET character_set_client = utf8mb4 */;
CREATE TABLE `migrations` (
  `id` int unsigned NOT NULL AUTO_INCREMENT,
  `migration` varchar(255) COLLATE utf8mb4_unicode_ci NOT NULL,
  `batch` int NOT NULL,
  PRIMARY KEY (`id`)
) ENGINE=InnoDB AUTO_INCREMENT=52 DEFAULT CHARSET=utf8mb4 COLLATE=utf8mb4_unicode_ci;
/*!40101 SET character_set_client = @saved_cs_client */;

--
-- Dumping data for table `migrations`
--

LOCK TABLES `migrations` WRITE;
/*!40000 ALTER TABLE `migrations` DISABLE KEYS */;
INSERT INTO `migrations` VALUES (13,'2014_10_12_000000_create_users_table',1),(14,'2014_10_12_100000_create_password_resets_table',1),(15,'2019_08_19_000000_create_failed_jobs_table',1),(16,'2019_12_14_000001_create_personal_access_tokens_table',1),(17,'2024_02_21_062112_create_places_table',2),(18,'2024_02_21_062200_create_member_types_table',2),(19,'2024_02_21_062236_create_members_table',3),(20,'2024_02_27_145358_rename_desciption_in_member_types',4),(21,'2024_02_28_095227_create_floors_table',5),(22,'2024_02_28_103938_create_company_status_table',6),(23,'2024_02_28_134648_create_stamp_table',7),(24,'2024_02_28_143106_create_company_table',8),(25,'2024_02_28_144734_rename_stamp_to_stamps',9),(26,'2024_02_28_144948_rename_company_to_companies',10),(27,'2024_02_29_090948_add_phone_and_address_to_companies_table',11),(28,'2024_02_29_091359_add_phone_and_address_to_companies_table',12),(29,'2024_02_29_091941_add_phone_and_address_to_companies_table',13),(30,'2024_02_29_113327_create_company_setup_table',14),(33,'2024_02_29_133358_rename_name_in_places',15),(34,'2024_03_01_143829_add_company_id_to_members',16),(35,'2024_03_05_141316_create_payment_methods_table',16),(36,'2024_03_06_114324_create_visitors_table',17),(37,'2024_03_06_141006_create_parking_records_table',17),(38,'2024_03_13_153226_create_payment_transactions_table',17),(39,'2024_03_20_085214_remove_license_place_path_from_visitors_table',18),(40,'2024_03_20_085731_rename_in_payment_methods_table',19),(41,'2024_03_20_085844_add_field_in_parking_records_table',20),(42,'2024_03_20_091004_add_field_in_payment_transactions_table',21),(43,'2024_03_20_095730_create__payment_transactions_table',22),(44,'2024_03_20_102634_add_field_in_parking_records_table',22),(45,'2024_03_20_104455_create__payment_transactions_table',23),(46,'2024_03_20_104958_rename_in_parking_records_table',24),(47,'2024_03_20_133030_change_stamp_code_type_to_parking_records_table',25),(48,'2024_03_20_140745_rename_field_to_parking_records_table',26),(49,'2024_03_20_141011_rename_field_to_parking_records_table',27),(50,'2024_03_20_141246_rename_field_to_parking_records_table',28),(51,'2024_04_05_095414_add_username_to_users_table',29);
/*!40000 ALTER TABLE `migrations` ENABLE KEYS */;
UNLOCK TABLES;

--
-- Table structure for table `parking_records`
--

DROP TABLE IF EXISTS `parking_records`;
/*!40101 SET @saved_cs_client     = @@character_set_client */;
/*!50503 SET character_set_client = utf8mb4 */;
CREATE TABLE `parking_records` (
  `id` bigint unsigned NOT NULL AUTO_INCREMENT,
  `parking_pass_code` varchar(255) COLLATE utf8mb4_unicode_ci NOT NULL,
  `parking_pass_type` varchar(255) COLLATE utf8mb4_unicode_ci NOT NULL,
  `license_plate` varchar(255) COLLATE utf8mb4_unicode_ci DEFAULT NULL,
  `license_plate_path` varchar(255) COLLATE utf8mb4_unicode_ci DEFAULT NULL,
  `stamp_id` varchar(255) COLLATE utf8mb4_unicode_ci DEFAULT NULL,
  `stamp_qty` int DEFAULT NULL,
  `carin_datetime` varchar(255) COLLATE utf8mb4_unicode_ci DEFAULT NULL,
  `carout_datetime` varchar(255) COLLATE utf8mb4_unicode_ci DEFAULT NULL,
  PRIMARY KEY (`id`)
) ENGINE=InnoDB AUTO_INCREMENT=1291 DEFAULT CHARSET=utf8mb4 COLLATE=utf8mb4_unicode_ci;
/*!40101 SET character_set_client = @saved_cs_client */;

--
-- Dumping data for table `parking_records`
--

LOCK TABLES `parking_records` WRITE;
/*!40000 ALTER TABLE `parking_records` DISABLE KEYS */;
INSERT INTO `parking_records` VALUES (1,'1234567890','0','กพ2560','/license_plate/path','1',2,'2024-03-20 14:27:28','2024-03-20 18:25:28'),(2,'2564441411','0','ขค254','/license_plate/path','1',4,'2024-03-28 14:27:28','2024-03-28 18:22:20'),(3,'1015564666','0','บบ5623','/license_plate/path','1',2,'2024-03-28 09:09:44','2024-03-28 11:31:55'),(4,'3015564666','0','กด2633','/license_plate/path','1',1,'2024-03-28 09:38:23','2024-03-28 12:37:01'),(5,'14141414141','0','XYZ456','/path/to/license_plate_image.jpg','1',2,'2024-03-25 15:09:58','2024-03-25 17:29:58'),(6,'14032','0','MFZ-1002','https://via.placeholder.com/640x480.png/004488?text=cars+ipsam','7',5,'2024-03-26 00:57:56','2024-03-26 17:58:03'),(7,'23050','0','IKG-0856','https://via.placeholder.com/640x480.png/0011aa?text=cars+labore','7',5,'2024-03-26 12:15:36','2024-03-26 16:14:29'),(8,'41115','0','QDT-5431','https://via.placeholder.com/640x480.png/00aa99?text=cars+ut','7',3,'2024-03-26 09:22:41','2024-03-26 15:05:36'),(9,'16289','0','FQY-8083','https://via.placeholder.com/640x480.png/006622?text=cars+dicta','7',1,'2024-03-26 08:19:54','2024-03-26 15:44:43'),(10,'24638','0','NMM-0495','https://via.placeholder.com/640x480.png/006644?text=cars+inventore','7',5,'2024-03-26 18:03:41','2024-03-26 19:01:39'),(11,'48359','0','OFV-3864','https://via.placeholder.com/640x480.png/006655?text=cars+consequatur','6',2,'2024-03-26 06:28:08','2024-03-26 16:06:04'),(12,'38391','0','GRQ-4898','https://via.placeholder.com/640x480.png/0011ff?text=cars+amet','7',1,'2024-03-26 14:31:22','2024-03-26 15:29:08'),(13,'39323','0','WSD-3317','https://via.placeholder.com/640x480.png/0011cc?text=cars+corrupti','6',5,'2024-03-26 23:08:41','2024-03-26 16:30:37'),(14,'27737','0','NUO-7803','https://via.placeholder.com/640x480.png/007777?text=cars+omnis','6',5,'2024-03-26 08:41:52','2024-03-26 18:20:38'),(15,'27855','0','QWQ-6902','https://via.placeholder.com/640x480.png/00cc00?text=cars+velit','7',6,'2024-03-26 04:02:39','2024-03-26 16:06:08'),(16,'29141','0','ADE-3198','https://via.placeholder.com/640x480.png/0088dd?text=cars+accusantium','6',3,'2024-03-2615:28:24','2024-03-26 18:10:10'),(17,'41019','0','FZQ-4365','https://via.placeholder.com/640x480.png/005555?text=cars+maxime','6',5,'2024-03-2618:26:01','2024-03-26 18:07:24'),(18,'26606','0','HAM-7902','https://via.placeholder.com/640x480.png/0011ee?text=cars+ut','6',1,'2024-03-26 03:28:30','2024-03-26 14:52:41'),(19,'28573','0','ZHI-5695','https://via.placeholder.com/640x480.png/00bb99?text=cars+dolor','6',2,'2024-03-26 04:24:22','2024-03-26 17:05:02'),(20,'38586','0','PEX-7809','https://via.placeholder.com/640x480.png/00aaaa?text=cars+suscipit','6',3,'2024-03-26 11:43:21','2024-03-26 17:32:24'),(21,'49088','0','PQW-3422','https://via.placeholder.com/640x480.png/007755?text=cars+qui','7',2,'2024-03-26 03:22:02','2024-03-26 15:20:39'),(22,'18165','0','WCX-3710','https://via.placeholder.com/640x480.png/00ee66?text=cars+deleniti','7',3,'2024-03-26 17:30:54','2024-03-28 18:02:56'),(23,'19685','0','PJY-6744','https://via.placeholder.com/640x480.png/008888?text=cars+odit','6',6,'2024-03-26 19:17:24','2024-03-26 15:50:20'),(24,'44832','0','ZFP-2752','https://via.placeholder.com/640x480.png/008800?text=cars+ducimus','6',2,'2024-03-26 14:53:47','2024-03-26 17:56:49'),(25,'40030','0','RJJ-9401','https://via.placeholder.com/640x480.png/006600?text=cars+ut','6',3,'2024-03-26 06:07:01','2024-03-26 18:36:49'),(46,'18562','0','VBY-2236','https://via.placeholder.com/640x480.png/009911?text=cars+sed','6',6,'2024-03-26 14:31:30','2024-03-26 17:31:30'),(47,'18712','0','FYF-4310','https://via.placeholder.com/640x480.png/00aaaa?text=cars+aperiam','7',4,'2024-03-26 14:31:30','2024-03-26 17:31:30'),(48,'31098','0','PCP-9073','https://via.placeholder.com/640x480.png/00ee33?text=cars+praesentium','6',4,'2024-03-26 14:31:30','2024-03-26 17:31:30'),(49,'33471','0','WSV-0091','https://via.placeholder.com/640x480.png/000077?text=cars+doloribus','7',1,'2024-03-26 14:31:30','2024-03-26 17:31:30'),(50,'33892','0','HFZ-6751','https://via.placeholder.com/640x480.png/0066cc?text=cars+voluptatibus','6',1,'2024-03-26 14:31:30','2024-03-26 17:31:30'),(51,'49604','0','IZZ-2948','https://via.placeholder.com/640x480.png/007766?text=cars+illum','7',2,'2024-03-26 14:31:30','2024-03-26 17:31:30'),(52,'17751','0','BSJ-6724','https://via.placeholder.com/640x480.png/006644?text=cars+facilis','7',3,'2024-03-26 14:31:30','2024-03-26 17:31:30'),(53,'20041','0','MKV-8045','https://via.placeholder.com/640x480.png/00bbff?text=cars+ut','7',6,'2024-03-26 14:31:30','2024-03-26 17:31:30'),(54,'17430','0','XSG-5739','https://via.placeholder.com/640x480.png/00ee33?text=cars+rerum','6',3,'2024-03-26 14:31:30','2024-03-26 17:31:30'),(55,'47580','0','JKQ-4600','https://via.placeholder.com/640x480.png/007755?text=cars+sint','7',4,'2024-03-26 14:31:30','2024-03-26 17:31:30'),(56,'41862','0','SPF-9871','https://via.placeholder.com/640x480.png/004433?text=cars+nemo','6',4,'2024-03-26 14:31:30','2024-03-26 17:31:30'),(57,'43135','0','WDX-6701','https://via.placeholder.com/640x480.png/00aa22?text=cars+qui','6',5,'2024-03-26 14:31:30','2024-03-26 17:31:30'),(58,'20164','0','XAH-1431','https://via.placeholder.com/640x480.png/00eebb?text=cars+dicta','6',5,'2024-03-26 14:31:30','2024-03-26 17:31:30'),(59,'36938','0','SJQ-6811','https://via.placeholder.com/640x480.png/00aadd?text=cars+sint','7',4,'2024-03-26 14:31:30','2024-03-26 17:31:30'),(60,'42776','0','YBY-8190','https://via.placeholder.com/640x480.png/0011cc?text=cars+hic','6',6,'2024-03-26 14:31:30','2024-03-26 17:31:30'),(61,'14067','0','WOP-0686','https://via.placeholder.com/640x480.png/002222?text=cars+tenetur','6',4,'2024-03-26 14:31:30','2024-03-26 17:31:30'),(62,'11211','0','PKA-3712','https://via.placeholder.com/640x480.png/00bbbb?text=cars+ipsam','7',1,'2024-03-26 14:31:30','2024-03-26 17:31:30'),(63,'32144','0','JTR-4520','https://via.placeholder.com/640x480.png/00ee11?text=cars+molestias','6',1,'2024-03-26 14:31:30','2024-03-26 17:31:30'),(64,'10742','0','CYW-4681','https://via.placeholder.com/640x480.png/00aa88?text=cars+ut','7',4,'2024-03-26 14:31:30','2024-03-26 17:31:30'),(65,'49430','0','NIG-2291','https://via.placeholder.com/640x480.png/007788?text=cars+quibusdam','6',3,'2024-03-26 14:31:30','2024-03-26 17:31:30'),(66,'40011','0','YHE-5203','https://via.placeholder.com/640x480.png/0011ee?text=cars+consequuntur','7',5,'2024-03-26 14:34:09','2024-03-26 17:34:09'),(67,'49823','0','DNT-4781','https://via.placeholder.com/640x480.png/000011?text=cars+occaecati','6',6,'2024-03-26 14:34:09','2024-03-26 17:34:09'),(68,'46425','0','GQD-4687','https://via.placeholder.com/640x480.png/00bbcc?text=cars+soluta','6',5,'2024-03-26 14:34:09','2024-03-26 17:34:09'),(69,'35046','0','QDO-7774','https://via.placeholder.com/640x480.png/00cc55?text=cars+temporibus','7',2,'2024-03-26 14:34:09','2024-03-26 17:34:09'),(70,'24703','0','OOH-7276','https://via.placeholder.com/640x480.png/0000aa?text=cars+ut','6',1,'2024-03-26 14:34:09','2024-03-26 17:34:09'),(71,'40773','0','JIU-5291','https://via.placeholder.com/640x480.png/006644?text=cars+quis','6',5,'2024-03-26 14:34:09','2024-03-26 17:34:09'),(72,'40080','0','NZU-5365','https://via.placeholder.com/640x480.png/002277?text=cars+ipsa','7',2,'2024-03-26 14:34:09','2024-03-26 17:34:09'),(73,'42618','0','CBW-3178','https://via.placeholder.com/640x480.png/0055cc?text=cars+eaque','7',4,'2024-03-26 14:34:09','2024-03-26 17:34:09'),(74,'41259','0','ETQ-6464','https://via.placeholder.com/640x480.png/0055dd?text=cars+consectetur','7',1,'2024-03-26 14:34:09','2024-03-26 17:34:09'),(75,'42639','0','GEI-8405','https://via.placeholder.com/640x480.png/004477?text=cars+repellendus','6',5,'2024-03-26 14:34:09','2024-03-26 17:34:09'),(76,'41681','0','AJD-0560','https://via.placeholder.com/640x480.png/00ddee?text=cars+ducimus','7',6,'2024-03-26 14:34:09','2024-03-26 17:34:09'),(77,'34296','0','QIS-4573','https://via.placeholder.com/640x480.png/00ddbb?text=cars+at','6',1,'2024-03-26 14:34:09','2024-03-26 17:34:09'),(78,'34152','0','SZW-2947','https://via.placeholder.com/640x480.png/00aaaa?text=cars+quia','6',2,'2024-03-26 14:34:09','2024-03-26 17:34:09'),(79,'47444','0','HEI-3966','https://via.placeholder.com/640x480.png/004477?text=cars+quasi','6',6,'2024-03-26 14:34:09','2024-03-26 17:34:09'),(80,'43579','0','KYK-5068','https://via.placeholder.com/640x480.png/003388?text=cars+a','7',3,'2024-03-26 14:34:09','2024-03-26 17:34:09'),(81,'39385','0','RGL-8915','https://via.placeholder.com/640x480.png/0000ff?text=cars+sunt','7',2,'2024-03-26 14:34:09','2024-03-26 17:34:09'),(82,'22884','0','FQH-4616','https://via.placeholder.com/640x480.png/00ff55?text=cars+tempora','7',3,'2024-03-26 14:34:09','2024-03-26 17:34:09'),(83,'21677','0','KMD-2870','https://via.placeholder.com/640x480.png/00bb77?text=cars+animi','6',2,'2024-03-26 14:34:09','2024-03-26 17:34:09'),(84,'14283','0','NHS-8233','https://via.placeholder.com/640x480.png/000099?text=cars+voluptatem','7',5,'2024-03-26 14:34:09','2024-03-26 17:34:09'),(85,'39359','0','LCX-8996','https://via.placeholder.com/640x480.png/006600?text=cars+ducimus','6',5,'2024-03-26 14:34:09','2024-03-26 17:34:09'),(86,'34565','0','AAY-5329','https://via.placeholder.com/640x480.png/001100?text=cars+et','6',5,'2024-03-26 14:34:10','2024-03-26 17:34:10'),(87,'45586','0','EJJ-0658','https://via.placeholder.com/640x480.png/0033ff?text=cars+ut','7',5,'2024-03-26 14:34:10','2024-03-26 17:34:10'),(88,'35541','0','KWC-7167','https://via.placeholder.com/640x480.png/004411?text=cars+sequi','6',5,'2024-03-26 14:34:10','2024-03-26 17:34:10'),(89,'13738','0','ZSC-1835','https://via.placeholder.com/640x480.png/007788?text=cars+nemo','7',3,'2024-03-26 14:34:10','2024-03-26 17:34:10'),(90,'29820','0','KDT-5883','https://via.placeholder.com/640x480.png/004400?text=cars+quis','7',5,'2024-03-26 14:34:10','2024-03-26 17:34:10'),(91,'38029','0','RRS-2984','https://via.placeholder.com/640x480.png/009911?text=cars+tenetur','7',2,'2024-03-26 14:34:10','2024-03-26 17:34:10'),(92,'29247','0','QDO-2769','https://via.placeholder.com/640x480.png/0099dd?text=cars+unde','6',1,'2024-03-26 14:34:10','2024-03-26 17:34:10'),(93,'10178','0','TLB-9610','https://via.placeholder.com/640x480.png/00eecc?text=cars+maxime','6',4,'2024-03-26 14:34:10','2024-03-26 17:34:10'),(94,'14418','0','ROK-4529','https://via.placeholder.com/640x480.png/002211?text=cars+nobis','6',6,'2024-03-26 14:34:10','2024-03-26 17:34:10'),(95,'15771','0','TAQ-3293','https://via.placeholder.com/640x480.png/0011cc?text=cars+facilis','7',1,'2024-03-26 14:34:10','2024-03-26 17:34:10'),(96,'48465','0','WYN-1579','https://via.placeholder.com/640x480.png/0099ff?text=cars+sit','7',1,'2024-03-26 14:34:10','2024-03-26 17:34:10'),(97,'34500','0','AQW-4432','https://via.placeholder.com/640x480.png/00bbbb?text=cars+nesciunt','7',5,'2024-03-26 14:34:10','2024-03-26 17:34:10'),(98,'26534','0','VAA-5854','https://via.placeholder.com/640x480.png/001100?text=cars+facilis','7',4,'2024-03-26 14:34:10','2024-03-26 17:34:10'),(99,'11940','0','OIL-3690','https://via.placeholder.com/640x480.png/003311?text=cars+minima','7',6,'2024-03-26 14:34:10','2024-03-26 17:34:10'),(100,'47789','0','KQJ-1061','https://via.placeholder.com/640x480.png/005555?text=cars+vitae','6',5,'2024-03-26 14:34:10','2024-03-26 17:34:10'),(101,'29238','0','BAO-9556','https://via.placeholder.com/640x480.png/0055cc?text=cars+nihil','7',5,'2024-03-26 14:34:10','2024-03-26 17:34:10'),(102,'36658','0','RYR-2013','https://via.placeholder.com/640x480.png/0055bb?text=cars+qui','7',6,'2024-03-26 14:34:10','2024-03-26 17:34:10'),(103,'14773','0','UWR-1666','https://via.placeholder.com/640x480.png/009900?text=cars+corporis','7',4,'2024-03-26 14:34:10','2024-03-26 17:34:10'),(104,'16518','0','HMB-6062','https://via.placeholder.com/640x480.png/000077?text=cars+blanditiis','7',6,'2024-03-26 14:34:10','2024-03-26 17:34:10'),(105,'36860','0','NRE-5284','https://via.placeholder.com/640x480.png/002211?text=cars+aut','6',3,'2024-03-26 14:34:10','2024-03-26 17:34:10'),(106,'36850','0','YNV-0085','https://via.placeholder.com/640x480.png/0055ff?text=cars+quo','9',1,'2024-02-20 15:20:25','2024-02-20 23:32:20'),(107,'30330','0','ENB-6828','https://via.placeholder.com/640x480.png/0066cc?text=cars+molestiae','9',4,'2024-02-20 09:50:30','2024-02-20 22:42:22'),(108,'34561','0','UXW-7663','https://via.placeholder.com/640x480.png/00ddee?text=cars+harum','9',1,'2024-02-21 10:09:16','2024-02-21 22:33:17'),(109,'35973','0','GNF-5231','https://via.placeholder.com/640x480.png/000033?text=cars+illo','9',1,'2024-02-22 12:09:06','2024-02-22 21:39:32'),(110,'18144','0','LTT-9351','https://via.placeholder.com/640x480.png/0055bb?text=cars+dolores','9',1,'2024-02-29 14:15:48','2024-02-29 15:41:16'),(146,'15936','0','SZF-3806','https://via.placeholder.com/640x480.png/009999?text=cars+corrupti','9',3,'2024-02-23 09:22:34','2024-02-23 15:15:40'),(147,'23957','0','NVN-3255','https://via.placeholder.com/640x480.png/008811?text=cars+eligendi','9',1,'2024-02-27 12:40:42','2024-02-27 13:58:38'),(148,'41184','0','SVM-0943','https://via.placeholder.com/640x480.png/00cc77?text=cars+assumenda','9',1,'2024-02-06 11:37:29','2024-02-06 12:35:48'),(149,'40447','0','PDP-0417','https://via.placeholder.com/640x480.png/00eeaa?text=cars+autem','9',4,'2024-02-19 09:14:31','2024-02-19 17:32:23'),(150,'36757','0','HTG-1744','https://via.placeholder.com/640x480.png/0088cc?text=cars+et','9',1,'2024-02-14 11:14:15','2024-02-14 12:16:54'),(151,'34636','0','VKN-2416','https://via.placeholder.com/640x480.png/00aa55?text=cars+excepturi','9',1,'2024-02-14 10:05:21','2024-02-14 11:11:07'),(152,'25984','0','XFW-4879','https://via.placeholder.com/640x480.png/00bbaa?text=cars+voluptatum','9',1,'2024-02-12 13:52:32','2024-02-12 14:25:18'),(153,'36525','0','TYC-1289','https://via.placeholder.com/640x480.png/00dd66?text=cars+nihil','9',1,'2024-02-05 14:36:29','2024-02-05 16:35:50'),(154,'43203','0','DKZ-3360','https://via.placeholder.com/640x480.png/009966?text=cars+at','9',2,'2024-02-01 11:03:42','2024-02-01 14:48:24'),(155,'24896','0','YNX-2500','https://via.placeholder.com/640x480.png/00aaaa?text=cars+sunt','9',1,'2024-02-01 10:13:45','2024-02-01 13:01:22'),(161,'14141414141','Regular','XYZ456','/path/to/license_plate_image.jpg','1',2,'2024-03-28 14:39:05','2024-03-28 18:39:05'),(162,'14141414141','Regular','XYZ456','/path/to/license_plate_image.jpg','1',2,'2024-03-28 14:39:23','2024-03-28 18:39:05'),(163,'25241','0','GBI-9849','https://via.placeholder.com/640x480.png/003344?text=cars+omnis','2',6,'2024-03-29 09:24:33','2024-03-29 12:24:33'),(164,'47302','0','SDT-5095','https://via.placeholder.com/640x480.png/003311?text=cars+quis','2',4,'2024-03-29 09:24:33','2024-03-29 12:24:33'),(165,'19820','0','BYA-5078','https://via.placeholder.com/640x480.png/003388?text=cars+quia','2',3,'2024-03-29 09:24:33','2024-03-29 12:24:33'),(166,'48281','0','UOG-9639','https://via.placeholder.com/640x480.png/0000aa?text=cars+aperiam','2',5,'2024-03-29 09:24:33','2024-03-29 12:24:33'),(167,'39506','0','KNB-3068','https://via.placeholder.com/640x480.png/0033dd?text=cars+facere','2',6,'2024-03-29 09:24:33','2024-03-29 12:24:33'),(168,'19664','0','OMB-9001','https://via.placeholder.com/640x480.png/00ccee?text=cars+delectus','2',5,'2024-03-29 09:24:33','2024-03-29 12:24:33'),(169,'17637','0','NAZ-8997','https://via.placeholder.com/640x480.png/00eeee?text=cars+id','2',4,'2024-03-29 09:24:33','2024-03-29 12:24:33'),(170,'45750','0','ZVC-1353','https://via.placeholder.com/640x480.png/00cc55?text=cars+laboriosam','2',4,'2024-03-29 09:24:33','2024-03-29 12:24:33'),(171,'36753','0','GRD-7100','https://via.placeholder.com/640x480.png/00cc44?text=cars+qui','2',6,'2024-03-29 09:24:33','2024-03-29 12:24:33'),(172,'39056','0','QWE-5023','https://via.placeholder.com/640x480.png/004488?text=cars+molestiae','2',5,'2024-03-29 09:24:33','2024-03-29 12:24:33'),(173,'35627','0','KEP-8851','https://via.placeholder.com/640x480.png/00bb88?text=cars+magni','2',1,'2024-03-29 09:24:33','2024-03-29 12:24:33'),(174,'45427','0','KUC-6773','https://via.placeholder.com/640x480.png/00cccc?text=cars+necessitatibus','2',4,'2024-03-29 09:24:33','2024-03-29 12:24:33'),(175,'37179','0','XUO-0868','https://via.placeholder.com/640x480.png/009966?text=cars+vel','2',2,'2024-03-29 09:24:33','2024-03-29 12:24:33'),(176,'36740','0','HBV-0501','https://via.placeholder.com/640x480.png/00eecc?text=cars+numquam','2',2,'2024-03-29 09:24:33','2024-03-29 12:24:33'),(177,'30935','0','RKS-2476','https://via.placeholder.com/640x480.png/0044ff?text=cars+et','2',2,'2024-03-29 09:24:33','2024-03-29 12:24:33'),(178,'25881','0','HDR-5463','https://via.placeholder.com/640x480.png/00dd00?text=cars+et','6',3,'2024-04-03 08:38:03','2024-04-03 11:38:03'),(179,'44979','0','WOT-7341','https://via.placeholder.com/640x480.png/005599?text=cars+sunt','6',5,'2024-04-03 08:38:03','2024-04-03 11:38:03'),(180,'23373','0','YIN-2991','https://via.placeholder.com/640x480.png/00aa11?text=cars+architecto','6',3,'2024-04-03 08:38:03','2024-04-03 11:38:03'),(181,'39696','0','QLT-0532','https://via.placeholder.com/640x480.png/002222?text=cars+vitae','6',1,'2024-04-03 08:38:03','2024-04-03 11:38:03'),(182,'49310','0','JIV-5762','https://via.placeholder.com/640x480.png/008855?text=cars+officia','6',2,'2024-04-03 08:38:03','2024-04-03 11:38:03'),(183,'13763','0','KWF-2645','https://via.placeholder.com/640x480.png/00ddcc?text=cars+corporis','6',2,'2024-04-03 08:38:03','2024-04-03 11:38:03'),(184,'16302','0','VWF-2589','https://via.placeholder.com/640x480.png/0033dd?text=cars+inventore','6',2,'2024-04-03 08:38:03','2024-04-03 11:38:03'),(185,'45395','0','YOK-5638','https://via.placeholder.com/640x480.png/00ddff?text=cars+minus','6',2,'2024-04-03 08:38:03','2024-04-03 11:38:03'),(186,'46205','0','DFK-5807','https://via.placeholder.com/640x480.png/005544?text=cars+omnis','6',4,'2024-04-03 08:38:03','2024-04-03 11:38:03'),(187,'49001','0','TME-7242','https://via.placeholder.com/640x480.png/00ffbb?text=cars+exercitationem','6',2,'2024-04-03 08:38:03','2024-04-03 11:38:03'),(188,'38597','0','DDA-6212','https://via.placeholder.com/640x480.png/001188?text=cars+et','6',6,'2024-04-03 08:38:03','2024-04-03 11:38:03'),(189,'39465','0','LJW-3498','https://via.placeholder.com/640x480.png/00ee44?text=cars+consequatur','6',5,'2024-04-03 08:38:03','2024-04-03 11:38:03'),(190,'13732','0','ZMQ-7642','https://via.placeholder.com/640x480.png/009911?text=cars+ut','6',5,'2024-04-03 08:38:03','2024-04-03 11:38:03'),(191,'43237','0','JBL-2044','https://via.placeholder.com/640x480.png/00ee44?text=cars+nisi','6',3,'2024-04-03 08:38:03','2024-04-03 11:38:03'),(192,'28354','0','WCX-1507','https://via.placeholder.com/640x480.png/006655?text=cars+eum','6',3,'2024-04-03 08:38:03','2024-04-03 11:38:03'),(193,'45881','0','UOM-1986','https://via.placeholder.com/640x480.png/0066dd?text=cars+animi','6',1,'2024-04-03 08:38:03','2024-04-03 11:38:03'),(194,'13728','0','IHH-3797','https://via.placeholder.com/640x480.png/0044ff?text=cars+velit','6',1,'2024-04-03 08:38:03','2024-04-03 11:38:03'),(195,'47174','0','MOG-4267','https://via.placeholder.com/640x480.png/00dd66?text=cars+atque','6',1,'2024-04-03 08:38:03','2024-04-03 11:38:03'),(196,'46549','0','JMW-2732','https://via.placeholder.com/640x480.png/006677?text=cars+voluptas','6',3,'2024-04-03 08:38:03','2024-04-03 11:38:03'),(197,'29147','0','OTJ-5995','https://via.placeholder.com/640x480.png/001111?text=cars+quia','6',4,'2024-04-03 08:38:03','2024-04-03 11:38:03'),(198,'28978','0','JDK-4084','https://via.placeholder.com/640x480.png/0011ee?text=cars+ipsam','6',3,'2024-04-03 08:38:03','2024-04-03 11:38:03'),(199,'17592','0','RVU-4866','https://via.placeholder.com/640x480.png/007755?text=cars+voluptas','6',4,'2024-04-03 08:38:03','2024-04-03 11:38:03'),(200,'13678','0','GON-6312','https://via.placeholder.com/640x480.png/00cc99?text=cars+rerum','6',6,'2024-04-03 08:38:03','2024-04-03 11:38:03'),(201,'17764','0','UMQ-0578','https://via.placeholder.com/640x480.png/00ee66?text=cars+distinctio','6',4,'2024-04-03 08:38:03','2024-04-03 11:38:03'),(202,'48048','0','HFM-6012','https://via.placeholder.com/640x480.png/0011cc?text=cars+et','6',5,'2024-04-03 08:38:03','2024-04-03 11:38:03'),(203,'27548','0','OQE-5298','https://via.placeholder.com/640x480.png/00aaaa?text=cars+ut','6',4,'2024-04-03 08:38:03','2024-04-03 11:38:03'),(204,'18527','0','XAE-2427','https://via.placeholder.com/640x480.png/001111?text=cars+ipsa','6',4,'2024-04-03 08:38:03','2024-04-03 11:38:03'),(205,'41463','0','ETF-2138','https://via.placeholder.com/640x480.png/00bb77?text=cars+est','6',1,'2024-04-03 08:38:03','2024-04-03 11:38:03'),(206,'12870','0','BAC-8906','https://via.placeholder.com/640x480.png/00eeee?text=cars+optio','6',2,'2024-04-03 08:38:03','2024-04-03 11:38:03'),(207,'37182','0','LCN-6945','https://via.placeholder.com/640x480.png/008866?text=cars+nisi','6',2,'2024-04-03 08:38:03','2024-04-03 11:38:03'),(208,'37861','0','JLR-7140','https://via.placeholder.com/640x480.png/0044aa?text=cars+facilis','6',2,'2024-04-03 08:38:03','2024-04-03 11:38:03'),(209,'40949','0','FVC-0198','https://via.placeholder.com/640x480.png/006666?text=cars+ab','6',6,'2024-04-03 08:38:03','2024-04-03 11:38:03'),(210,'32406','0','AXH-8876','https://via.placeholder.com/640x480.png/00eeaa?text=cars+quas','6',1,'2024-04-03 08:38:03','2024-04-03 11:38:03'),(211,'13384','0','EBJ-7227','https://via.placeholder.com/640x480.png/002244?text=cars+aut','6',5,'2024-04-03 08:38:03','2024-04-03 11:38:03'),(212,'33510','0','ZFW-6837','https://via.placeholder.com/640x480.png/00ee22?text=cars+commodi','6',1,'2024-04-03 08:38:03','2024-04-03 11:38:03'),(213,'41323','0','NOM-2561','https://via.placeholder.com/640x480.png/00bb55?text=cars+enim','6',6,'2024-04-03 08:38:03','2024-04-03 11:38:03'),(214,'31179','0','JDL-4082','https://via.placeholder.com/640x480.png/002277?text=cars+fuga','6',5,'2024-04-03 08:38:03','2024-04-03 11:38:03'),(215,'10467','0','BKV-9313','https://via.placeholder.com/640x480.png/006600?text=cars+voluptatum','6',4,'2024-04-03 08:38:03','2024-04-03 11:38:03'),(216,'29828','0','TGE-5022','https://via.placeholder.com/640x480.png/001177?text=cars+expedita','6',3,'2024-04-03 08:38:03','2024-04-03 11:38:03'),(217,'36785','0','GQZ-7909','https://via.placeholder.com/640x480.png/003311?text=cars+nemo','6',6,'2024-04-03 08:38:03','2024-04-03 11:38:03'),(218,'28890','0','JCO-2608','https://via.placeholder.com/640x480.png/000055?text=cars+officiis','6',2,'2024-04-03 08:38:03','2024-04-03 11:38:03'),(219,'29944','0','YBL-6448','https://via.placeholder.com/640x480.png/0000ee?text=cars+id','6',2,'2024-04-03 08:38:03','2024-04-03 11:38:03'),(220,'27722','0','NZC-4209','https://via.placeholder.com/640x480.png/006699?text=cars+voluptatum','6',4,'2024-04-03 08:38:03','2024-04-03 11:38:03'),(221,'21654','0','NAB-6560','https://via.placeholder.com/640x480.png/007722?text=cars+numquam','6',3,'2024-04-03 08:38:03','2024-04-03 11:38:03'),(222,'37636','0','OTF-0035','https://via.placeholder.com/640x480.png/0066ee?text=cars+aut','6',1,'2024-04-03 08:38:03','2024-04-03 11:38:03'),(223,'25146','0','CJK-0528','https://via.placeholder.com/640x480.png/0066ff?text=cars+in','6',1,'2024-04-03 08:38:03','2024-04-03 11:38:03'),(224,'33494','0','BBC-2151','https://via.placeholder.com/640x480.png/00ddee?text=cars+exercitationem','6',3,'2024-04-03 08:38:03','2024-04-03 11:38:03'),(225,'19786','0','DWJ-3716','https://via.placeholder.com/640x480.png/00aa22?text=cars+recusandae','6',2,'2024-04-03 08:38:03','2024-04-03 11:38:03'),(226,'16209','0','XMM-2415','https://via.placeholder.com/640x480.png/0000aa?text=cars+velit','6',2,'2024-04-03 08:38:03','2024-04-03 11:38:03'),(227,'46340','0','VCC-6610','https://via.placeholder.com/640x480.png/00dddd?text=cars+quia','6',3,'2024-04-03 08:38:03','2024-04-03 11:38:03'),(228,'46516','0','DHB-1978','https://via.placeholder.com/640x480.png/0055ff?text=cars+iste','6',1,'2024-04-03 08:38:03','2024-04-03 11:38:03'),(229,'33333','0','MIV-2595','https://via.placeholder.com/640x480.png/00bb00?text=cars+debitis','6',4,'2024-04-03 08:38:03','2024-04-03 11:38:03'),(230,'43211','0','KZJ-1364','https://via.placeholder.com/640x480.png/00ccff?text=cars+qui','6',5,'2024-04-03 08:38:03','2024-04-03 11:38:03'),(231,'21047','0','ICR-2384','https://via.placeholder.com/640x480.png/007711?text=cars+quidem','6',2,'2024-04-03 08:38:03','2024-04-03 11:38:03'),(232,'33979','0','PXJ-8810','https://via.placeholder.com/640x480.png/0022ee?text=cars+aut','6',6,'2024-04-03 08:38:03','2024-04-03 11:38:03'),(233,'34576','0','QRU-1667','https://via.placeholder.com/640x480.png/0022cc?text=cars+fugiat','6',2,'2024-04-03 08:38:03','2024-04-03 11:38:03'),(234,'13739','0','AUX-0161','https://via.placeholder.com/640x480.png/001100?text=cars+omnis','6',4,'2024-04-03 08:38:03','2024-04-03 11:38:03'),(235,'22518','0','DIF-8878','https://via.placeholder.com/640x480.png/00ddff?text=cars+expedita','6',4,'2024-04-03 08:38:03','2024-04-03 11:38:03'),(236,'31797','0','QQM-9907','https://via.placeholder.com/640x480.png/00bb44?text=cars+eum','6',6,'2024-04-03 08:38:03','2024-04-03 11:38:03'),(237,'15061','0','DVC-5411','https://via.placeholder.com/640x480.png/0066bb?text=cars+ut','6',5,'2024-04-03 08:38:03','2024-04-03 11:38:03'),(238,'45329','0','JKR-8441','https://via.placeholder.com/640x480.png/00dd00?text=cars+magni','6',1,'2024-04-03 08:38:03','2024-04-03 11:38:03'),(239,'45158','0','QZU-1680','https://via.placeholder.com/640x480.png/006688?text=cars+libero','6',6,'2024-04-03 08:38:03','2024-04-03 11:38:03'),(240,'32931','0','NUL-2257','https://via.placeholder.com/640x480.png/0099ff?text=cars+quis','6',2,'2024-04-03 08:38:03','2024-04-03 11:38:03'),(241,'30918','0','RYU-6103','https://via.placeholder.com/640x480.png/008866?text=cars+rerum','6',5,'2024-04-03 08:38:03','2024-04-03 11:38:03'),(242,'47981','0','BAQ-6115','https://via.placeholder.com/640x480.png/004455?text=cars+quo','6',1,'2024-04-03 08:38:03','2024-04-03 11:38:03'),(243,'35730','0','AVZ-6269','https://via.placeholder.com/640x480.png/00ee22?text=cars+eos','6',5,'2024-04-03 08:38:03','2024-04-03 11:38:03'),(244,'17595','0','HMK-5333','https://via.placeholder.com/640x480.png/00ee88?text=cars+architecto','6',4,'2024-04-03 08:38:03','2024-04-03 11:38:03'),(245,'45850','0','CGA-1762','https://via.placeholder.com/640x480.png/0077bb?text=cars+quae','6',3,'2024-04-03 08:38:03','2024-04-03 11:38:03'),(246,'38421','0','NWX-5085','https://via.placeholder.com/640x480.png/00dd77?text=cars+qui','6',4,'2024-04-03 08:38:03','2024-04-03 11:38:03'),(247,'27189','0','NYC-5273','https://via.placeholder.com/640x480.png/0099bb?text=cars+in','6',3,'2024-04-03 08:38:03','2024-04-03 11:38:03'),(248,'29575','0','VVL-8826','https://via.placeholder.com/640x480.png/000055?text=cars+quasi','6',6,'2024-04-03 08:38:03','2024-04-03 11:38:03'),(249,'34186','0','UVN-3923','https://via.placeholder.com/640x480.png/002200?text=cars+deleniti','6',5,'2024-04-03 08:38:03','2024-04-03 11:38:03'),(250,'46828','0','NNU-1288','https://via.placeholder.com/640x480.png/007766?text=cars+adipisci','6',4,'2024-04-03 08:38:03','2024-04-03 11:38:03'),(251,'38139','0','LBC-7521','https://via.placeholder.com/640x480.png/006622?text=cars+mollitia','6',3,'2024-04-03 08:38:03','2024-04-03 11:38:03'),(252,'46390','0','MBU-0878','https://via.placeholder.com/640x480.png/001122?text=cars+vel','6',5,'2024-04-03 08:38:03','2024-04-03 11:38:03'),(253,'29674','0','JME-8581','https://via.placeholder.com/640x480.png/004422?text=cars+voluptate','6',4,'2024-04-03 08:38:03','2024-04-03 11:38:03'),(254,'34082','0','FEB-9653','https://via.placeholder.com/640x480.png/0099aa?text=cars+sed','6',2,'2024-04-03 08:38:03','2024-04-03 11:38:03'),(255,'18388','0','GVO-2827','https://via.placeholder.com/640x480.png/00cccc?text=cars+natus','6',1,'2024-04-03 08:38:03','2024-04-03 11:38:03'),(256,'40664','0','OGC-2127','https://via.placeholder.com/640x480.png/002233?text=cars+cum','6',6,'2024-04-03 08:38:03','2024-04-03 11:38:03'),(257,'15122','0','PFX-2603','https://via.placeholder.com/640x480.png/00bb55?text=cars+fugiat','6',2,'2024-04-03 08:38:03','2024-04-03 11:38:03'),(258,'17016','0','FSD-7722','https://via.placeholder.com/640x480.png/0000ff?text=cars+necessitatibus','6',1,'2024-04-03 08:38:03','2024-04-03 11:38:03'),(259,'39683','0','ZNH-1359','https://via.placeholder.com/640x480.png/008855?text=cars+non','6',1,'2024-04-03 08:38:03','2024-04-03 11:38:03'),(260,'37506','0','DVU-5184','https://via.placeholder.com/640x480.png/0000aa?text=cars+autem','6',5,'2024-04-03 08:38:03','2024-04-03 11:38:03'),(261,'30064','0','ZAV-7971','https://via.placeholder.com/640x480.png/0044bb?text=cars+commodi','6',4,'2024-04-03 08:38:03','2024-04-03 11:38:03'),(262,'12104','0','OQK-1653','https://via.placeholder.com/640x480.png/00ddcc?text=cars+saepe','6',3,'2024-04-03 08:38:03','2024-04-03 11:38:03'),(263,'45762','0','ITP-2694','https://via.placeholder.com/640x480.png/005533?text=cars+et','6',3,'2024-04-03 08:38:03','2024-04-03 11:38:03'),(264,'10748','0','CDZ-8816','https://via.placeholder.com/640x480.png/009955?text=cars+et','6',3,'2024-04-03 08:38:03','2024-04-03 11:38:03'),(265,'13877','0','BEC-4951','https://via.placeholder.com/640x480.png/00bbbb?text=cars+iure','6',1,'2024-04-03 08:38:03','2024-04-03 11:38:03'),(266,'26137','0','FJJ-7608','https://via.placeholder.com/640x480.png/007744?text=cars+reiciendis','6',3,'2024-04-03 08:38:03','2024-04-03 11:38:03'),(267,'40055','0','WWU-3146','https://via.placeholder.com/640x480.png/0055ff?text=cars+porro','6',2,'2024-04-03 08:38:03','2024-04-03 11:38:03'),(268,'39621','0','ALZ-7453','https://via.placeholder.com/640x480.png/00bb33?text=cars+eligendi','6',6,'2024-04-03 08:38:03','2024-04-03 11:38:03'),(269,'27129','0','IHA-9441','https://via.placeholder.com/640x480.png/009999?text=cars+ipsum','6',5,'2024-04-03 08:38:03','2024-04-03 11:38:03'),(270,'25193','0','ZML-7082','https://via.placeholder.com/640x480.png/005577?text=cars+ea','6',3,'2024-04-03 08:38:03','2024-04-03 11:38:03'),(271,'10755','0','EGL-7574','https://via.placeholder.com/640x480.png/009900?text=cars+suscipit','6',2,'2024-04-03 08:38:03','2024-04-03 11:38:03'),(272,'39118','0','ZHW-6509','https://via.placeholder.com/640x480.png/00bbdd?text=cars+alias','6',3,'2024-04-03 08:38:03','2024-04-03 11:38:03'),(273,'43661','0','WKW-5798','https://via.placeholder.com/640x480.png/00dd88?text=cars+deserunt','6',3,'2024-04-03 08:38:03','2024-04-03 11:38:03'),(274,'42349','0','LLG-1328','https://via.placeholder.com/640x480.png/00aa55?text=cars+velit','6',5,'2024-04-03 08:38:03','2024-04-03 11:38:03'),(275,'30911','0','XAD-5132','https://via.placeholder.com/640x480.png/0077cc?text=cars+est','6',1,'2024-04-03 08:38:03','2024-04-03 11:38:03'),(276,'45843','0','RID-0205','https://via.placeholder.com/640x480.png/00aa22?text=cars+voluptatem','6',5,'2024-04-03 08:38:03','2024-04-03 11:38:03'),(277,'14827','0','CHY-5239','https://via.placeholder.com/640x480.png/00bbcc?text=cars+et','6',3,'2024-04-03 08:38:03','2024-04-03 11:38:03'),(280,'1712041774773','1','95ถ 2019,กรงเทพมหานคร','/storage/images/crop/image_20240403_100609.jpg','0',NULL,'2024-04-03 10:06:09','2024-04-03 10:25:30'),(281,'1712114420861','0','กข,73,กรุงเทพมหานคร','/storage/images/crop/image_20240403_102023.jpg',NULL,NULL,'2024-04-03 10:20:23',NULL),(282,'38371','0','TJB-4927','https://via.placeholder.com/640x480.png/0066ee?text=cars+velit','10',3,'2024-04-03 10:37:01','2024-04-03 21:37:01'),(283,'11145','0','JPV-4185','https://via.placeholder.com/640x480.png/000022?text=cars+consequatur','10',6,'2024-04-03 10:37:01','2024-04-03 21:37:01'),(284,'23208','0','TJN-4766','https://via.placeholder.com/640x480.png/00ddaa?text=cars+possimus','10',5,'2024-04-03 10:37:01','2024-04-03 13:37:01'),(285,'14869','0','LMC-9797','https://via.placeholder.com/640x480.png/00ff22?text=cars+voluptatem','10',5,'2024-04-03 10:37:01','2024-04-03 13:37:01'),(286,'44952','0','RNF-9575','https://via.placeholder.com/640x480.png/00cc00?text=cars+illo','10',3,'2024-04-03 10:37:01','2024-04-03 13:37:01'),(287,'39775','0','UNT-7869','https://via.placeholder.com/640x480.png/00bb22?text=cars+voluptatem','10',2,'2024-04-03 10:37:01','2024-04-03 13:37:01'),(288,'21825','0','SMM-0926','https://via.placeholder.com/640x480.png/00bb33?text=cars+exercitationem','10',3,'2024-04-03 10:37:01','2024-04-03 13:37:01'),(289,'32589','0','IFW-2092','https://via.placeholder.com/640x480.png/00ffff?text=cars+eum','10',5,'2024-04-03 10:37:01','2024-04-03 13:37:01'),(290,'29650','0','EXU-1287','https://via.placeholder.com/640x480.png/00ccdd?text=cars+qui','10',5,'2024-04-03 10:37:01','2024-04-03 13:37:01'),(291,'14921','0','PHC-4902','https://via.placeholder.com/640x480.png/005544?text=cars+molestiae','10',3,'2024-04-03 10:37:01','2024-04-03 13:37:01'),(292,'29143','0','NXR-8827','https://via.placeholder.com/640x480.png/0077bb?text=cars+itaque','10',2,'2024-04-03 10:37:01','2024-04-03 13:37:01'),(293,'18869','0','TPX-5974','https://via.placeholder.com/640x480.png/009911?text=cars+perspiciatis','10',3,'2024-04-03 10:37:01','2024-04-03 13:37:01'),(294,'27670','0','HAL-7438','https://via.placeholder.com/640x480.png/00aa11?text=cars+ut','10',5,'2024-04-03 10:37:01','2024-04-03 13:37:01'),(295,'26973','0','CIZ-7952','https://via.placeholder.com/640x480.png/000055?text=cars+culpa','10',4,'2024-04-03 10:37:01','2024-04-03 13:37:01'),(296,'48436','0','INO-9546','https://via.placeholder.com/640x480.png/00ee00?text=cars+doloribus','10',2,'2024-04-03 10:37:01','2024-04-03 13:37:01'),(297,'12907','0','OQG-3029','https://via.placeholder.com/640x480.png/00bbff?text=cars+eos','10',3,'2024-04-03 10:37:01','2024-04-03 13:37:01'),(298,'45305','0','HGO-7485','https://via.placeholder.com/640x480.png/00aa77?text=cars+laborum','10',3,'2024-04-03 10:37:01','2024-04-03 13:37:01'),(299,'43923','0','RGU-0225','https://via.placeholder.com/640x480.png/005522?text=cars+voluptates','10',2,'2024-04-03 10:37:01','2024-04-03 13:37:01'),(300,'34766','0','DTF-4370','https://via.placeholder.com/640x480.png/009933?text=cars+esse','10',1,'2024-04-03 10:37:01','2024-04-03 13:37:01'),(301,'34026','0','CWH-7012','https://via.placeholder.com/640x480.png/007733?text=cars+fugit','10',6,'2024-04-03 10:37:01','2024-04-03 13:37:01'),(302,'18293','0','YQM-3066','https://via.placeholder.com/640x480.png/00dd55?text=cars+nihil','10',2,'2024-04-03 10:37:01','2024-04-03 13:37:01'),(303,'42619','0','VRU-7181','https://via.placeholder.com/640x480.png/002244?text=cars+sint','10',3,'2024-04-03 10:37:01','2024-04-03 13:37:01'),(304,'35825','0','NNE-4104','https://via.placeholder.com/640x480.png/0000cc?text=cars+reiciendis','10',3,'2024-04-03 10:37:01','2024-04-03 13:37:01'),(305,'19115','0','TOT-9416','https://via.placeholder.com/640x480.png/00ee99?text=cars+aut','10',5,'2024-04-03 10:37:01','2024-04-03 13:37:01'),(306,'18379','0','GZM-8365','https://via.placeholder.com/640x480.png/00ee22?text=cars+numquam','10',1,'2024-04-03 10:37:01','2024-04-03 13:37:01'),(307,'19654','0','QKS-4367','https://via.placeholder.com/640x480.png/003322?text=cars+nobis','10',6,'2024-04-03 10:37:01','2024-04-03 13:37:01'),(308,'41324','0','LTU-4835','https://via.placeholder.com/640x480.png/00dd77?text=cars+doloribus','10',6,'2024-04-03 10:37:01','2024-04-03 13:37:01'),(309,'37296','0','GTG-2318','https://via.placeholder.com/640x480.png/004488?text=cars+dolores','10',4,'2024-04-03 10:37:01','2024-04-03 13:37:01'),(310,'23014','0','GLA-6552','https://via.placeholder.com/640x480.png/00dd00?text=cars+eos','10',5,'2024-04-03 10:37:01','2024-04-03 13:37:01'),(311,'34632','0','SXF-8131','https://via.placeholder.com/640x480.png/00ffaa?text=cars+provident','10',5,'2024-04-03 10:37:01','2024-04-03 13:37:01'),(312,'42263','0','VLM-2086','https://via.placeholder.com/640x480.png/00bbff?text=cars+unde','10',5,'2024-04-03 10:37:01','2024-04-03 13:37:01'),(313,'16416','0','BVE-7259','https://via.placeholder.com/640x480.png/0099aa?text=cars+quisquam','10',5,'2024-04-03 10:37:01','2024-04-03 13:37:01'),(314,'14187','0','JWX-5020','https://via.placeholder.com/640x480.png/00bb77?text=cars+voluptas','10',2,'2024-04-03 10:37:01','2024-04-03 13:37:01'),(315,'43258','0','OSO-4707','https://via.placeholder.com/640x480.png/005555?text=cars+in','10',5,'2024-04-03 10:37:01','2024-04-03 13:37:01'),(316,'10966','0','NRJ-5143','https://via.placeholder.com/640x480.png/006644?text=cars+unde','10',6,'2024-04-03 10:37:01','2024-04-03 13:37:01'),(317,'30604','0','VYD-0147','https://via.placeholder.com/640x480.png/00ee99?text=cars+qui','10',2,'2024-04-03 10:37:01','2024-04-03 13:37:01'),(318,'25015','0','FDQ-6429','https://via.placeholder.com/640x480.png/0077ff?text=cars+odit','10',6,'2024-04-03 10:37:01','2024-04-03 13:37:01'),(319,'13525','0','DYW-1772','https://via.placeholder.com/640x480.png/00ddaa?text=cars+non','10',4,'2024-04-03 10:37:01','2024-04-03 13:37:01'),(320,'31846','0','WRM-1776','https://via.placeholder.com/640x480.png/009944?text=cars+ab','10',3,'2024-04-03 10:37:01','2024-04-03 13:37:01'),(321,'25353','0','IWM-7591','https://via.placeholder.com/640x480.png/002222?text=cars+tenetur','10',3,'2024-04-03 10:37:01','2024-04-03 13:37:01'),(322,'29168','0','KUS-7660','https://via.placeholder.com/640x480.png/00dd44?text=cars+fugit','10',6,'2024-04-03 10:37:01','2024-04-03 13:37:01'),(323,'46302','0','CWJ-8946','https://via.placeholder.com/640x480.png/0099ee?text=cars+harum','10',3,'2024-04-03 10:37:01','2024-04-03 13:37:01'),(324,'38036','0','IDD-2674','https://via.placeholder.com/640x480.png/00ff44?text=cars+qui','10',4,'2024-04-03 10:37:01','2024-04-03 13:37:01'),(325,'20192','0','ODP-5123','https://via.placeholder.com/640x480.png/001144?text=cars+enim','10',5,'2024-04-03 10:37:01','2024-04-03 13:37:01'),(326,'18261','0','UGV-9163','https://via.placeholder.com/640x480.png/0077ff?text=cars+id','10',5,'2024-04-03 10:37:01','2024-04-03 13:37:01'),(327,'22498','0','MFF-7830','https://via.placeholder.com/640x480.png/0077aa?text=cars+dolores','10',6,'2024-04-03 10:37:01','2024-04-03 13:37:01'),(328,'37515','0','KKG-7788','https://via.placeholder.com/640x480.png/00ee33?text=cars+dignissimos','10',1,'2024-04-03 10:37:01','2024-04-03 13:37:01'),(329,'38135','0','XQL-7598','https://via.placeholder.com/640x480.png/003388?text=cars+aut','10',4,'2024-04-03 10:37:01','2024-04-03 13:37:01'),(330,'26864','0','FIV-2966','https://via.placeholder.com/640x480.png/0077dd?text=cars+quia','10',2,'2024-04-03 10:37:01','2024-04-03 13:37:01'),(331,'24402','0','GKA-8781','https://via.placeholder.com/640x480.png/0099aa?text=cars+rerum','10',3,'2024-04-03 10:37:01','2024-04-03 13:37:01'),(332,'12182','0','SYC-2518','https://via.placeholder.com/640x480.png/0044aa?text=cars+aut','10',5,'2024-04-03 10:37:01','2024-04-03 13:37:01'),(333,'49376','0','GQM-6014','https://via.placeholder.com/640x480.png/00dd66?text=cars+molestiae','10',5,'2024-04-03 10:37:01','2024-04-03 13:37:01'),(334,'10740','0','CNW-2370','https://via.placeholder.com/640x480.png/009933?text=cars+praesentium','10',3,'2024-04-03 10:37:01','2024-04-03 13:37:01'),(335,'28710','0','KYF-8403','https://via.placeholder.com/640x480.png/009900?text=cars+nihil','10',1,'2024-04-03 10:37:01','2024-04-03 13:37:01'),(336,'31615','0','MDU-8692','https://via.placeholder.com/640x480.png/00bb00?text=cars+sint','10',1,'2024-04-03 10:37:01','2024-04-03 13:37:01'),(337,'15820','0','MLM-8387','https://via.placeholder.com/640x480.png/008822?text=cars+recusandae','10',1,'2024-04-03 10:37:01','2024-04-03 13:37:01'),(338,'23670','0','HMJ-5136','https://via.placeholder.com/640x480.png/001177?text=cars+provident','10',2,'2024-04-03 10:37:01','2024-04-03 13:37:01'),(339,'17099','0','CON-0224','https://via.placeholder.com/640x480.png/00ccdd?text=cars+quo','10',2,'2024-04-03 10:37:01','2024-04-03 13:37:01'),(340,'15096','0','HLW-8131','https://via.placeholder.com/640x480.png/00aa44?text=cars+eveniet','10',2,'2024-04-03 10:37:01','2024-04-03 13:37:01'),(341,'47832','0','TLS-1448','https://via.placeholder.com/640x480.png/006633?text=cars+voluptatem','10',1,'2024-04-03 10:37:01','2024-04-03 13:37:01'),(342,'48392','0','NQV-1693','https://via.placeholder.com/640x480.png/00aacc?text=cars+possimus','10',2,'2024-04-03 10:37:01','2024-04-03 13:37:01'),(343,'23846','0','UPC-0953','https://via.placeholder.com/640x480.png/000000?text=cars+rerum','10',3,'2024-04-03 10:37:01','2024-04-03 13:37:01'),(344,'33852','0','SOA-4717','https://via.placeholder.com/640x480.png/0088ff?text=cars+recusandae','10',6,'2024-04-03 10:37:01','2024-04-03 13:37:01'),(345,'33083','0','CXX-6642','https://via.placeholder.com/640x480.png/009911?text=cars+voluptates','10',4,'2024-04-03 10:37:01','2024-04-03 13:37:01'),(346,'32044','0','MWR-3407','https://via.placeholder.com/640x480.png/000000?text=cars+quam','10',4,'2024-04-03 10:37:01','2024-04-03 13:37:01'),(347,'25220','0','BYV-9647','https://via.placeholder.com/640x480.png/0033aa?text=cars+velit','10',6,'2024-04-03 10:37:01','2024-04-03 13:37:01'),(348,'21612','0','STC-9388','https://via.placeholder.com/640x480.png/0011aa?text=cars+quia','10',5,'2024-04-03 10:37:01','2024-04-03 13:37:01'),(349,'15282','0','IGO-1371','https://via.placeholder.com/640x480.png/0066ee?text=cars+veritatis','10',2,'2024-04-03 10:37:01','2024-04-03 13:37:01'),(350,'35640','0','XRV-2149','https://via.placeholder.com/640x480.png/002255?text=cars+rerum','10',6,'2024-04-03 10:37:01','2024-04-03 13:37:01'),(351,'27050','0','WYM-0479','https://via.placeholder.com/640x480.png/00dd55?text=cars+earum','10',3,'2024-04-03 10:37:01','2024-04-03 13:37:01'),(352,'43805','0','BGB-9100','https://via.placeholder.com/640x480.png/007711?text=cars+pariatur','10',5,'2024-04-03 10:37:01','2024-04-03 13:37:01'),(353,'43738','0','NWX-7239','https://via.placeholder.com/640x480.png/00dd77?text=cars+ratione','10',2,'2024-04-03 10:37:01','2024-04-03 13:37:01'),(354,'12709','0','BFC-3569','https://via.placeholder.com/640x480.png/00aaaa?text=cars+aspernatur','10',1,'2024-04-03 10:37:01','2024-04-03 13:37:01'),(355,'24877','0','YDU-0626','https://via.placeholder.com/640x480.png/00cc00?text=cars+excepturi','10',3,'2024-04-03 10:37:01','2024-04-03 13:37:01'),(356,'35353','0','BTL-2552','https://via.placeholder.com/640x480.png/0022ff?text=cars+ratione','10',4,'2024-04-03 10:37:01','2024-04-03 13:37:01'),(357,'43705','0','IDZ-5756','https://via.placeholder.com/640x480.png/006633?text=cars+doloribus','10',3,'2024-04-03 10:37:01','2024-04-03 13:37:01'),(358,'48049','0','MDP-2305','https://via.placeholder.com/640x480.png/0066ee?text=cars+aspernatur','10',2,'2024-04-03 10:37:01','2024-04-03 13:37:01'),(359,'23869','0','IEB-3823','https://via.placeholder.com/640x480.png/001166?text=cars+ea','10',2,'2024-04-03 10:37:01','2024-04-03 13:37:01'),(360,'47929','0','VNC-4807','https://via.placeholder.com/640x480.png/006699?text=cars+nemo','10',3,'2024-04-03 10:37:01','2024-04-03 13:37:01'),(361,'10134','0','OUE-6084','https://via.placeholder.com/640x480.png/005511?text=cars+esse','10',1,'2024-04-03 10:37:01','2024-04-03 13:37:01'),(362,'17195','0','LWJ-2824','https://via.placeholder.com/640x480.png/000033?text=cars+eveniet','10',4,'2024-04-03 10:37:01','2024-04-03 13:37:01'),(363,'31493','0','SOM-4664','https://via.placeholder.com/640x480.png/003300?text=cars+cum','10',3,'2024-04-03 10:37:01','2024-04-03 13:37:01'),(364,'31728','0','YID-7692','https://via.placeholder.com/640x480.png/002200?text=cars+sunt','10',5,'2024-04-03 10:37:01','2024-04-03 13:37:01'),(365,'24139','0','FYF-5668','https://via.placeholder.com/640x480.png/0088cc?text=cars+numquam','10',5,'2024-04-03 10:37:01','2024-04-03 13:37:01'),(366,'34768','0','NTD-5127','https://via.placeholder.com/640x480.png/00ff22?text=cars+officiis','10',6,'2024-04-03 10:37:01','2024-04-03 13:37:01'),(367,'31291','0','ASG-5334','https://via.placeholder.com/640x480.png/001122?text=cars+aspernatur','10',5,'2024-04-03 10:37:01','2024-04-03 13:37:01'),(368,'26072','0','UXM-5738','https://via.placeholder.com/640x480.png/008866?text=cars+ea','10',1,'2024-04-03 10:37:01','2024-04-03 13:37:01'),(369,'27970','0','UGU-1366','https://via.placeholder.com/640x480.png/0011dd?text=cars+nisi','10',3,'2024-04-03 10:37:01','2024-04-03 13:37:01'),(370,'30730','0','EHB-8016','https://via.placeholder.com/640x480.png/00aa55?text=cars+odio','10',5,'2024-04-03 10:37:01','2024-04-03 13:37:01'),(371,'16499','0','RYK-6526','https://via.placeholder.com/640x480.png/009955?text=cars+alias','10',1,'2024-04-03 10:37:01','2024-04-03 13:37:01'),(372,'11791','0','XCQ-3519','https://via.placeholder.com/640x480.png/0044ee?text=cars+velit','10',4,'2024-04-03 10:37:01','2024-04-03 13:37:01'),(373,'29733','0','QTK-7001','https://via.placeholder.com/640x480.png/00bb44?text=cars+dolorem','10',1,'2024-04-03 10:37:01','2024-04-03 13:37:01'),(374,'34903','0','MBP-0513','https://via.placeholder.com/640x480.png/00ee11?text=cars+velit','10',3,'2024-04-03 10:37:01','2024-04-03 13:37:01'),(375,'25253','0','AOH-2135','https://via.placeholder.com/640x480.png/00ee33?text=cars+provident','10',5,'2024-04-03 10:37:01','2024-04-03 13:37:01'),(376,'28776','0','TUD-3145','https://via.placeholder.com/640x480.png/00aadd?text=cars+alias','10',6,'2024-04-03 10:37:01','2024-04-03 13:37:01'),(377,'47450','0','ETP-8035','https://via.placeholder.com/640x480.png/0055ff?text=cars+exercitationem','10',3,'2024-04-03 10:37:01','2024-04-03 13:37:01'),(378,'30155','0','KTU-4721','https://via.placeholder.com/640x480.png/0000cc?text=cars+minima','10',6,'2024-04-03 10:37:01','2024-04-03 13:37:01'),(379,'37788','0','COV-8051','https://via.placeholder.com/640x480.png/0033ee?text=cars+quis','10',2,'2024-04-03 10:37:01','2024-04-03 13:37:01'),(380,'34339','0','WBT-4320','https://via.placeholder.com/640x480.png/009966?text=cars+eos','10',4,'2024-04-03 10:37:01','2024-04-03 13:37:01'),(381,'40125','0','YPR-2090','https://via.placeholder.com/640x480.png/00cc44?text=cars+et','10',5,'2024-04-03 10:37:01','2024-04-03 13:37:01'),(382,'1712117313981','0',NULL,'/storage/images/origi/image_20240403_110834.jpg',NULL,NULL,'2024-04-03 11:08:34',NULL),(383,'1712117336043','0',NULL,'/storage/images/origi/image_20240403_110856.jpg','10',1,'2024-04-03 09:08:56','2024-04-03 11:27:16'),(384,'1712118718020','0','9กย4560,กรงเทรมทานคร','/storage/images/crop/image_20240403_113200.jpg','10',1,'2024-04-03 06:32:00','2024-04-03 11:34:24'),(385,'1712124235118','0',NULL,'/storage/images/origi/image_20240403_130355.jpg',NULL,NULL,'2024-04-03 13:03:55',NULL),(386,'1712124437710','0','9กย4560,กรุงเทพมหานคร','/storage/images/crop/image_20240403_130722.jpg',NULL,NULL,'2024-04-03 13:07:22',NULL),(387,'1712124460088','0',NULL,'/storage/images/origi/image_20240403_130740.jpg',NULL,NULL,'2024-04-03 13:07:40',NULL),(390,'1712125174663','0',NULL,'/storage/images/origi/image_20240403_131934.jpg',NULL,NULL,'2024-04-03 13:19:34',NULL),(391,'10224','0','PRH-8879','https://via.placeholder.com/640x480.png/0011bb?text=cars+exercitationem','10',2,'2024-04-05 13:43:43','2024-04-05 16:43:43'),(392,'39061','0','FMT-5395','https://via.placeholder.com/640x480.png/00cc88?text=cars+debitis','10',4,'2024-04-05 13:43:43','2024-04-05 16:43:43'),(393,'42471','0','AKH-0042','https://via.placeholder.com/640x480.png/0033bb?text=cars+et','10',3,'2024-04-05 13:43:43','2024-04-05 16:43:43'),(394,'11763','0','FQC-9382','https://via.placeholder.com/640x480.png/00ee44?text=cars+ut','10',4,'2024-04-05 13:43:43','2024-04-05 16:43:43'),(395,'14644','0','NPB-2559','https://via.placeholder.com/640x480.png/00cc66?text=cars+quo','10',3,'2024-04-05 13:43:43','2024-04-05 16:43:43'),(396,'34117','0','YVT-1080','https://via.placeholder.com/640x480.png/008866?text=cars+mollitia','10',4,'2024-04-05 13:43:43','2024-04-05 16:43:43'),(397,'47003','0','ZUZ-9585','https://via.placeholder.com/640x480.png/00dddd?text=cars+fuga','10',6,'2024-04-05 13:43:43','2024-04-05 16:43:43'),(398,'30591','0','QLG-3254','https://via.placeholder.com/640x480.png/00ee44?text=cars+placeat','10',2,'2024-04-05 13:43:43','2024-04-05 16:43:43'),(399,'39377','0','XZI-4190','https://via.placeholder.com/640x480.png/001199?text=cars+blanditiis','10',4,'2024-04-05 13:43:43','2024-04-05 16:43:43'),(400,'27899','0','LSZ-6639','https://via.placeholder.com/640x480.png/002266?text=cars+recusandae','10',1,'2024-04-05 13:43:43','2024-04-05 16:43:43'),(401,'28315','0','KUN-4881','https://via.placeholder.com/640x480.png/005566?text=cars+illum','10',2,'2024-04-05 13:43:43','2024-04-05 16:43:43'),(402,'42786','0','OWW-0637','https://via.placeholder.com/640x480.png/00eecc?text=cars+quae','10',2,'2024-04-05 13:43:43','2024-04-05 16:43:43'),(403,'19948','0','GEL-6109','https://via.placeholder.com/640x480.png/0055aa?text=cars+nihil','10',5,'2024-04-05 13:43:43','2024-04-05 16:43:43'),(404,'43532','0','GOM-8588','https://via.placeholder.com/640x480.png/0022cc?text=cars+nihil','10',4,'2024-04-05 13:43:43','2024-04-05 16:43:43'),(405,'36893','0','IJC-6416','https://via.placeholder.com/640x480.png/008899?text=cars+soluta','10',3,'2024-04-05 13:43:43','2024-04-05 16:43:43'),(406,'30993','0','KFS-5051','https://via.placeholder.com/640x480.png/0099ee?text=cars+error','10',4,'2024-04-05 13:43:43','2024-04-05 16:43:43'),(407,'13124','0','VKY-6235','https://via.placeholder.com/640x480.png/006611?text=cars+enim','10',4,'2024-04-05 13:43:43','2024-04-05 16:43:43'),(408,'45352','0','VZH-5919','https://via.placeholder.com/640x480.png/0044ff?text=cars+aut','10',5,'2024-04-05 13:43:43','2024-04-05 16:43:43'),(409,'45252','0','WPJ-1641','https://via.placeholder.com/640x480.png/00ddbb?text=cars+non','10',4,'2024-04-05 13:43:43','2024-04-05 16:43:43'),(410,'25985','0','VFG-5422','https://via.placeholder.com/640x480.png/006633?text=cars+beatae','10',5,'2024-04-05 13:43:43','2024-04-05 16:43:43'),(411,'45927','0','YTX-9782','https://via.placeholder.com/640x480.png/0000ff?text=cars+laudantium','10',1,'2024-04-05 13:43:43','2024-04-05 16:43:43'),(412,'17928','0','ZPN-1428','https://via.placeholder.com/640x480.png/003377?text=cars+aliquam','10',6,'2024-04-05 13:43:43','2024-04-05 16:43:43'),(413,'30367','0','NPF-3567','https://via.placeholder.com/640x480.png/004444?text=cars+eos','10',5,'2024-04-05 13:43:43','2024-04-05 16:43:43'),(414,'13441','0','STM-4872','https://via.placeholder.com/640x480.png/004455?text=cars+iste','10',5,'2024-04-05 13:43:43','2024-04-05 16:43:43'),(415,'22228','0','CYW-7070','https://via.placeholder.com/640x480.png/008855?text=cars+id','10',3,'2024-04-05 13:43:43','2024-04-05 16:43:43'),(416,'36002','0','QAZ-5656','https://via.placeholder.com/640x480.png/0033cc?text=cars+quis','10',4,'2024-04-05 13:43:43','2024-04-05 16:43:43'),(417,'41391','0','RHA-0756','https://via.placeholder.com/640x480.png/00bb00?text=cars+architecto','10',5,'2024-04-05 13:43:43','2024-04-05 16:43:43'),(418,'11466','0','JYP-6331','https://via.placeholder.com/640x480.png/00dd22?text=cars+quibusdam','10',6,'2024-04-05 13:43:43','2024-04-05 16:43:43'),(419,'16923','0','IMD-6316','https://via.placeholder.com/640x480.png/004444?text=cars+iste','10',3,'2024-04-05 13:43:43','2024-04-05 16:43:43'),(420,'49984','0','BLX-0025','https://via.placeholder.com/640x480.png/0099cc?text=cars+consequatur','10',2,'2024-04-05 13:43:43','2024-04-05 16:43:43'),(421,'22437','0','QVF-3739','https://via.placeholder.com/640x480.png/0022cc?text=cars+et','10',3,'2024-04-05 13:43:43','2024-04-05 16:43:43'),(422,'22058','0','FOV-5306','https://via.placeholder.com/640x480.png/004433?text=cars+et','10',5,'2024-04-05 13:43:43','2024-04-05 16:43:43'),(423,'10434','0','IPN-7357','https://via.placeholder.com/640x480.png/005577?text=cars+et','10',6,'2024-04-05 13:43:43','2024-04-05 16:43:43'),(424,'41734','0','FJB-7952','https://via.placeholder.com/640x480.png/00aa00?text=cars+vel','10',1,'2024-04-05 13:43:43','2024-04-05 16:43:43'),(425,'27131','0','RIL-2969','https://via.placeholder.com/640x480.png/00bb55?text=cars+eos','10',5,'2024-04-05 13:43:43','2024-04-05 16:43:43'),(426,'11944','0','LPT-7489','https://via.placeholder.com/640x480.png/0033ff?text=cars+id','10',2,'2024-04-05 13:43:43','2024-04-05 16:43:43'),(427,'37023','0','DGC-9558','https://via.placeholder.com/640x480.png/0077bb?text=cars+nihil','10',3,'2024-04-05 13:43:43','2024-04-05 16:43:43'),(428,'40764','0','SQJ-2660','https://via.placeholder.com/640x480.png/00dd00?text=cars+error','10',1,'2024-04-05 13:43:43','2024-04-05 16:43:43'),(429,'16245','0','XEX-3336','https://via.placeholder.com/640x480.png/00eedd?text=cars+iure','10',2,'2024-04-05 13:43:43','2024-04-05 16:43:43'),(430,'12532','0','KGG-6227','https://via.placeholder.com/640x480.png/00aaee?text=cars+deleniti','10',1,'2024-04-05 13:43:43','2024-04-05 16:43:43'),(431,'38622','0','LBJ-2660','https://via.placeholder.com/640x480.png/005511?text=cars+tenetur','10',1,'2024-04-05 13:43:43','2024-04-05 16:43:43'),(432,'21486','0','KEO-9102','https://via.placeholder.com/640x480.png/002255?text=cars+tenetur','10',1,'2024-04-05 13:43:43','2024-04-05 16:43:43'),(433,'48722','0','ROJ-8598','https://via.placeholder.com/640x480.png/009966?text=cars+quia','10',3,'2024-04-05 13:43:43','2024-04-05 16:43:43'),(434,'35367','0','FBM-2249','https://via.placeholder.com/640x480.png/00bb44?text=cars+ut','10',3,'2024-04-05 13:43:43','2024-04-05 16:43:43'),(435,'32560','0','WIF-7580','https://via.placeholder.com/640x480.png/005511?text=cars+voluptas','10',3,'2024-04-05 13:43:43','2024-04-05 16:43:43'),(436,'19661','0','GMW-7468','https://via.placeholder.com/640x480.png/008899?text=cars+fugiat','10',4,'2024-04-05 13:43:43','2024-04-05 16:43:43'),(437,'31224','0','ZZI-3731','https://via.placeholder.com/640x480.png/00ddcc?text=cars+ab','10',2,'2024-04-05 13:43:43','2024-04-05 16:43:43'),(438,'49378','0','ZAV-5092','https://via.placeholder.com/640x480.png/0055aa?text=cars+velit','10',2,'2024-04-05 13:43:43','2024-04-05 16:43:43'),(439,'44647','0','TMT-4491','https://via.placeholder.com/640x480.png/003300?text=cars+excepturi','10',2,'2024-04-05 13:43:43','2024-04-05 16:43:43'),(440,'49575','0','VMJ-1510','https://via.placeholder.com/640x480.png/003366?text=cars+quisquam','10',3,'2024-04-05 13:43:43','2024-04-05 16:43:43'),(441,'15468','0','CAG-3275','https://via.placeholder.com/640x480.png/00dd66?text=cars+et','10',4,'2024-04-05 13:43:43','2024-04-05 16:43:43'),(442,'46151','0','AEU-4081','https://via.placeholder.com/640x480.png/0077cc?text=cars+soluta','10',2,'2024-04-05 13:43:43','2024-04-05 16:43:43'),(443,'19629','0','OJZ-8785','https://via.placeholder.com/640x480.png/00dd00?text=cars+est','10',4,'2024-04-05 13:43:43','2024-04-05 16:43:43'),(444,'28388','0','OPC-7153','https://via.placeholder.com/640x480.png/00ff11?text=cars+ipsa','10',6,'2024-04-05 13:43:43','2024-04-05 16:43:43'),(445,'13401','0','TTM-2756','https://via.placeholder.com/640x480.png/00ddff?text=cars+nam','10',6,'2024-04-05 13:43:43','2024-04-05 16:43:43'),(446,'47509','0','HNM-2695','https://via.placeholder.com/640x480.png/005511?text=cars+vitae','10',2,'2024-04-05 13:43:43','2024-04-05 16:43:43'),(447,'30764','0','IPT-0074','https://via.placeholder.com/640x480.png/00ee88?text=cars+harum','10',5,'2024-04-05 13:43:43','2024-04-05 16:43:43'),(448,'17159','0','PHQ-7789','https://via.placeholder.com/640x480.png/005566?text=cars+iure','10',2,'2024-04-05 13:43:43','2024-04-05 16:43:43'),(449,'22364','0','IBV-9843','https://via.placeholder.com/640x480.png/00dd11?text=cars+rem','10',5,'2024-04-05 13:43:43','2024-04-05 16:43:43'),(450,'21095','0','TNA-7899','https://via.placeholder.com/640x480.png/00ccaa?text=cars+iure','10',6,'2024-04-05 13:43:43','2024-04-05 16:43:43'),(451,'36424','0','IMB-1415','https://via.placeholder.com/640x480.png/00dddd?text=cars+cupiditate','10',1,'2024-04-05 13:43:43','2024-04-05 16:43:43'),(452,'37946','0','HAK-6284','https://via.placeholder.com/640x480.png/008899?text=cars+aperiam','10',5,'2024-04-05 13:43:43','2024-04-05 16:43:43'),(453,'45672','0','HYL-7222','https://via.placeholder.com/640x480.png/0011ff?text=cars+enim','10',1,'2024-04-05 13:43:43','2024-04-05 16:43:43'),(454,'23855','0','JFB-9914','https://via.placeholder.com/640x480.png/00ff88?text=cars+ipsa','10',6,'2024-04-05 13:43:43','2024-04-05 16:43:43'),(455,'23400','0','SRV-4661','https://via.placeholder.com/640x480.png/0099cc?text=cars+eius','10',2,'2024-04-05 13:43:43','2024-04-05 16:43:43'),(456,'16436','0','KHR-7574','https://via.placeholder.com/640x480.png/00cc88?text=cars+in','10',5,'2024-04-05 13:43:43','2024-04-05 16:43:43'),(457,'41665','0','SSM-5405','https://via.placeholder.com/640x480.png/000055?text=cars+voluptas','10',4,'2024-04-05 13:43:43','2024-04-05 16:43:43'),(458,'47836','0','XUU-5253','https://via.placeholder.com/640x480.png/003300?text=cars+aut','10',3,'2024-04-05 13:43:43','2024-04-05 16:43:43'),(459,'34072','0','CLC-6304','https://via.placeholder.com/640x480.png/005522?text=cars+repudiandae','10',1,'2024-04-05 13:43:43','2024-04-05 16:43:43'),(460,'37472','0','WWN-9742','https://via.placeholder.com/640x480.png/008866?text=cars+commodi','10',4,'2024-04-05 13:43:43','2024-04-05 16:43:43'),(461,'37564','0','REH-8462','https://via.placeholder.com/640x480.png/0099bb?text=cars+sequi','10',1,'2024-04-05 13:43:43','2024-04-05 16:43:43'),(462,'29665','0','FSY-5964','https://via.placeholder.com/640x480.png/00ee11?text=cars+et','10',3,'2024-04-05 13:43:43','2024-04-05 16:43:43'),(463,'23480','0','HON-4547','https://via.placeholder.com/640x480.png/006699?text=cars+consequatur','10',1,'2024-04-05 13:43:43','2024-04-05 16:43:43'),(464,'26015','0','CXS-6581','https://via.placeholder.com/640x480.png/0000dd?text=cars+quia','10',2,'2024-04-05 13:43:43','2024-04-05 16:43:43'),(465,'39353','0','FRU-3361','https://via.placeholder.com/640x480.png/007722?text=cars+fugit','10',4,'2024-04-05 13:43:43','2024-04-05 16:43:43'),(466,'27445','0','RBT-0018','https://via.placeholder.com/640x480.png/003366?text=cars+excepturi','10',4,'2024-04-05 13:43:43','2024-04-05 16:43:43'),(467,'37304','0','OPJ-6349','https://via.placeholder.com/640x480.png/006666?text=cars+quis','10',4,'2024-04-05 13:43:43','2024-04-05 16:43:43'),(468,'44874','0','ZUH-9268','https://via.placeholder.com/640x480.png/004477?text=cars+iure','10',3,'2024-04-05 13:43:43','2024-04-05 16:43:43'),(469,'43159','0','ABB-8776','https://via.placeholder.com/640x480.png/00dd33?text=cars+molestiae','10',4,'2024-04-05 13:43:43','2024-04-05 16:43:43'),(470,'49309','0','DQM-0679','https://via.placeholder.com/640x480.png/00bb00?text=cars+laboriosam','10',4,'2024-04-05 13:43:43','2024-04-05 16:43:43'),(471,'46430','0','YCP-2837','https://via.placeholder.com/640x480.png/005566?text=cars+et','10',2,'2024-04-05 13:43:43','2024-04-05 16:43:43'),(472,'36802','0','CIE-9733','https://via.placeholder.com/640x480.png/0022ff?text=cars+enim','10',5,'2024-04-05 13:43:43','2024-04-05 16:43:43'),(473,'29671','0','QPT-7450','https://via.placeholder.com/640x480.png/0044ee?text=cars+reiciendis','10',2,'2024-04-05 13:43:43','2024-04-05 16:43:43'),(474,'36666','0','HGH-2405','https://via.placeholder.com/640x480.png/0099ee?text=cars+ab','10',5,'2024-04-05 13:43:43','2024-04-05 16:43:43'),(475,'34674','0','KKT-0550','https://via.placeholder.com/640x480.png/006611?text=cars+fugiat','10',4,'2024-04-05 13:43:43','2024-04-05 16:43:43'),(476,'25242','0','ILL-2243','https://via.placeholder.com/640x480.png/008855?text=cars+enim','10',2,'2024-04-05 13:43:43','2024-04-05 16:43:43'),(477,'46028','0','AEC-1039','https://via.placeholder.com/640x480.png/0055cc?text=cars+ea','10',2,'2024-04-05 13:43:43','2024-04-05 16:43:43'),(478,'28212','0','ARO-1716','https://via.placeholder.com/640x480.png/00bb88?text=cars+dolorum','10',5,'2024-04-05 13:43:43','2024-04-05 16:43:43'),(479,'25789','0','EHM-3070','https://via.placeholder.com/640x480.png/0000aa?text=cars+ipsa','10',5,'2024-04-05 13:43:43','2024-04-05 16:43:43'),(480,'37963','0','ZJC-9778','https://via.placeholder.com/640x480.png/00aa88?text=cars+incidunt','10',4,'2024-04-05 13:43:43','2024-04-05 16:43:43'),(481,'26329','0','HYC-6829','https://via.placeholder.com/640x480.png/00ff11?text=cars+provident','10',3,'2024-04-05 13:43:43','2024-04-05 16:43:43'),(482,'43267','0','STZ-4331','https://via.placeholder.com/640x480.png/005500?text=cars+enim','10',5,'2024-04-05 13:43:43','2024-04-05 16:43:43'),(483,'32287','0','CUY-8213','https://via.placeholder.com/640x480.png/00aa77?text=cars+quisquam','10',1,'2024-04-05 13:43:43','2024-04-05 16:43:43'),(484,'24150','0','PNS-3460','https://via.placeholder.com/640x480.png/006655?text=cars+at','10',1,'2024-04-05 13:43:43','2024-04-05 16:43:43'),(485,'24708','0','XWK-5291','https://via.placeholder.com/640x480.png/0055aa?text=cars+atque','10',4,'2024-04-05 13:43:43','2024-04-05 16:43:43'),(486,'46027','0','EGP-5173','https://via.placeholder.com/640x480.png/0066aa?text=cars+sit','10',2,'2024-04-05 13:43:43','2024-04-05 16:43:43'),(487,'39044','0','RVR-0341','https://via.placeholder.com/640x480.png/005566?text=cars+nobis','10',5,'2024-04-05 13:43:43','2024-04-05 16:43:43'),(488,'17476','0','WEK-3411','https://via.placeholder.com/640x480.png/00eecc?text=cars+id','10',4,'2024-04-05 13:43:43','2024-04-05 16:43:43'),(489,'12184','0','NZZ-4195','https://via.placeholder.com/640x480.png/00ccbb?text=cars+ad','10',4,'2024-04-05 13:43:43','2024-04-05 16:43:43'),(490,'30575','0','FOT-3029','https://via.placeholder.com/640x480.png/005522?text=cars+amet','10',5,'2024-04-05 13:43:43','2024-04-05 16:43:43'),(491,'38587','0','QFY-1450','https://via.placeholder.com/640x480.png/00aa22?text=cars+quam','10',1,'2024-04-05 13:56:57','2024-04-05 16:56:57'),(492,'13177','0','GWJ-5365','https://via.placeholder.com/640x480.png/00ee33?text=cars+in','10',5,'2024-04-05 13:56:57','2024-04-05 16:56:57'),(493,'35863','0','RDT-8824','https://via.placeholder.com/640x480.png/000044?text=cars+explicabo','10',3,'2024-04-05 13:56:57','2024-04-05 16:56:57'),(494,'17125','0','JPZ-0980','https://via.placeholder.com/640x480.png/00bb33?text=cars+accusantium','10',1,'2024-04-05 13:56:57','2024-04-05 16:56:57'),(495,'26122','0','MIW-8378','https://via.placeholder.com/640x480.png/00ff88?text=cars+occaecati','10',2,'2024-04-05 13:56:57','2024-04-05 16:56:57'),(496,'16164','0','GLC-8794','https://via.placeholder.com/640x480.png/00bb33?text=cars+perspiciatis','10',6,'2024-04-05 13:56:57','2024-04-05 16:56:57'),(497,'12922','0','UUI-9467','https://via.placeholder.com/640x480.png/0055cc?text=cars+molestias','10',6,'2024-04-05 13:56:57','2024-04-05 16:56:57'),(498,'24749','0','YFZ-3072','https://via.placeholder.com/640x480.png/005555?text=cars+aut','10',6,'2024-04-05 13:56:57','2024-04-05 16:56:57'),(499,'41642','0','YXN-0660','https://via.placeholder.com/640x480.png/0055aa?text=cars+amet','10',5,'2024-04-05 13:56:57','2024-04-05 16:56:57'),(500,'35890','0','UNC-2075','https://via.placeholder.com/640x480.png/0099dd?text=cars+odio','10',3,'2024-04-05 13:56:57','2024-04-05 16:56:57'),(501,'48031','0','OMC-0153','https://via.placeholder.com/640x480.png/008822?text=cars+id','10',6,'2024-04-05 13:56:57','2024-04-05 16:56:57'),(502,'36506','0','RCN-0519','https://via.placeholder.com/640x480.png/00dd77?text=cars+doloremque','10',6,'2024-04-05 13:56:57','2024-04-05 16:56:57'),(503,'43505','0','ZJN-4956','https://via.placeholder.com/640x480.png/006633?text=cars+et','10',5,'2024-04-05 13:56:57','2024-04-05 16:56:57'),(504,'18026','0','DSK-1978','https://via.placeholder.com/640x480.png/0077bb?text=cars+aspernatur','10',5,'2024-04-05 13:56:57','2024-04-05 16:56:57'),(505,'12340','0','TTS-7533','https://via.placeholder.com/640x480.png/0088ff?text=cars+mollitia','10',5,'2024-04-05 13:56:57','2024-04-05 16:56:57'),(506,'49610','0','FOG-6880','https://via.placeholder.com/640x480.png/008800?text=cars+dolores','10',3,'2024-04-05 13:56:57','2024-04-05 16:56:57'),(507,'44847','0','LNJ-1467','https://via.placeholder.com/640x480.png/00cc22?text=cars+odit','10',1,'2024-04-05 13:56:57','2024-04-05 16:56:57'),(508,'39955','0','JLK-3309','https://via.placeholder.com/640x480.png/00dd11?text=cars+dolore','10',6,'2024-04-05 13:56:57','2024-04-05 16:56:57'),(509,'19460','0','KUT-0991','https://via.placeholder.com/640x480.png/00bb33?text=cars+quidem','10',5,'2024-04-05 13:56:57','2024-04-05 16:56:57'),(510,'26389','0','EKZ-0923','https://via.placeholder.com/640x480.png/00ccbb?text=cars+voluptas','10',4,'2024-04-05 13:56:57','2024-04-05 16:56:57'),(511,'43295','0','WRJ-8377','https://via.placeholder.com/640x480.png/0044ff?text=cars+et','10',6,'2024-04-05 13:56:57','2024-04-05 16:56:57'),(512,'10074','0','TJT-0235','https://via.placeholder.com/640x480.png/0077ff?text=cars+qui','10',2,'2024-04-05 13:56:57','2024-04-05 16:56:57'),(513,'26844','0','CMD-2357','https://via.placeholder.com/640x480.png/00aadd?text=cars+quia','10',5,'2024-04-05 13:56:57','2024-04-05 16:56:57'),(514,'47260','0','FJJ-7967','https://via.placeholder.com/640x480.png/002244?text=cars+cum','10',6,'2024-04-05 13:56:57','2024-04-05 16:56:57'),(515,'37576','0','CCY-2429','https://via.placeholder.com/640x480.png/0022aa?text=cars+repudiandae','10',6,'2024-04-05 13:56:57','2024-04-05 16:56:57'),(516,'41815','0','WKO-5236','https://via.placeholder.com/640x480.png/005511?text=cars+ipsam','10',2,'2024-04-05 13:56:57','2024-04-05 16:56:57'),(517,'27946','0','TOJ-2971','https://via.placeholder.com/640x480.png/009911?text=cars+nam','10',2,'2024-04-05 13:56:57','2024-04-05 16:56:57'),(518,'35625','0','XDB-4857','https://via.placeholder.com/640x480.png/007755?text=cars+eum','10',6,'2024-04-05 13:56:57','2024-04-05 16:56:57'),(519,'12991','0','OCA-8370','https://via.placeholder.com/640x480.png/00ccbb?text=cars+aut','10',1,'2024-04-05 13:56:57','2024-04-05 16:56:57'),(520,'31701','0','CHV-7446','https://via.placeholder.com/640x480.png/009911?text=cars+labore','10',3,'2024-04-05 13:56:57','2024-04-05 16:56:57'),(521,'16648','0','DKN-4955','https://via.placeholder.com/640x480.png/00eebb?text=cars+soluta','10',4,'2024-04-05 13:56:57','2024-04-05 16:56:57'),(522,'48916','0','UBH-2265','https://via.placeholder.com/640x480.png/0077dd?text=cars+ipsa','10',2,'2024-04-05 13:56:57','2024-04-05 16:56:57'),(523,'13969','0','ZOV-3729','https://via.placeholder.com/640x480.png/00bb00?text=cars+et','10',3,'2024-04-05 13:56:57','2024-04-05 16:56:57'),(524,'43254','0','DSN-7411','https://via.placeholder.com/640x480.png/0088ee?text=cars+officia','10',1,'2024-04-05 13:56:57','2024-04-05 16:56:57'),(525,'41485','0','TAJ-7980','https://via.placeholder.com/640x480.png/006688?text=cars+vel','10',2,'2024-04-05 13:56:57','2024-04-05 16:56:57'),(526,'24373','0','JFG-8493','https://via.placeholder.com/640x480.png/000022?text=cars+quo','10',4,'2024-04-05 13:56:57','2024-04-05 16:56:57'),(527,'44637','0','IRS-5520','https://via.placeholder.com/640x480.png/007733?text=cars+ut','10',5,'2024-04-05 13:56:57','2024-04-05 16:56:57'),(528,'39302','0','MLS-0778','https://via.placeholder.com/640x480.png/006677?text=cars+aut','10',6,'2024-04-05 13:56:57','2024-04-05 16:56:57'),(529,'36660','0','EIO-6082','https://via.placeholder.com/640x480.png/008811?text=cars+magni','10',1,'2024-04-05 13:56:57','2024-04-05 16:56:57'),(530,'22187','0','LQO-6827','https://via.placeholder.com/640x480.png/0088ee?text=cars+sit','10',3,'2024-04-05 13:56:57','2024-04-05 16:56:57'),(531,'13950','0','QXW-0400','https://via.placeholder.com/640x480.png/0088dd?text=cars+voluptatibus','10',2,'2024-04-05 13:56:57','2024-04-05 16:56:57'),(532,'27860','0','LTU-2460','https://via.placeholder.com/640x480.png/00ee22?text=cars+et','10',4,'2024-04-05 13:56:57','2024-04-05 16:56:57'),(533,'37227','0','NWW-3735','https://via.placeholder.com/640x480.png/002266?text=cars+ratione','10',5,'2024-04-05 13:56:57','2024-04-05 16:56:57'),(534,'47746','0','ION-2255','https://via.placeholder.com/640x480.png/007744?text=cars+ut','10',3,'2024-04-05 13:56:57','2024-04-05 16:56:57'),(535,'28959','0','OXK-5015','https://via.placeholder.com/640x480.png/00ddcc?text=cars+aliquid','10',4,'2024-04-05 13:56:57','2024-04-05 16:56:57'),(536,'13061','0','CGT-4774','https://via.placeholder.com/640x480.png/008866?text=cars+recusandae','10',1,'2024-04-05 13:56:57','2024-04-05 16:56:57'),(537,'12818','0','DIJ-7409','https://via.placeholder.com/640x480.png/002233?text=cars+consequuntur','10',5,'2024-04-05 13:56:57','2024-04-05 16:56:57'),(538,'26367','0','WNH-4246','https://via.placeholder.com/640x480.png/004499?text=cars+assumenda','10',2,'2024-04-05 13:56:57','2024-04-05 16:56:57'),(539,'24711','0','TJF-3321','https://via.placeholder.com/640x480.png/00bbcc?text=cars+consequatur','10',3,'2024-04-05 13:56:57','2024-04-05 16:56:57'),(540,'19896','0','DDS-7388','https://via.placeholder.com/640x480.png/00bbff?text=cars+earum','10',2,'2024-04-05 13:56:57','2024-04-05 16:56:57'),(541,'25708','0','EIU-4285','https://via.placeholder.com/640x480.png/00ccaa?text=cars+sed','10',2,'2024-04-05 13:56:57','2024-04-05 16:56:57'),(542,'19217','0','XUY-3211','https://via.placeholder.com/640x480.png/00ee88?text=cars+tenetur','10',1,'2024-04-05 13:56:57','2024-04-05 16:56:57'),(543,'33013','0','EBQ-9277','https://via.placeholder.com/640x480.png/00ffbb?text=cars+repudiandae','10',4,'2024-04-05 13:56:57','2024-04-05 16:56:57'),(544,'48635','0','NGE-6971','https://via.placeholder.com/640x480.png/004477?text=cars+et','10',3,'2024-04-05 13:56:57','2024-04-05 16:56:57'),(545,'16863','0','HBR-9982','https://via.placeholder.com/640x480.png/00dd88?text=cars+animi','10',2,'2024-04-05 13:56:57','2024-04-05 16:56:57'),(546,'22546','0','VPA-7430','https://via.placeholder.com/640x480.png/0055cc?text=cars+esse','10',2,'2024-04-05 13:56:57','2024-04-05 16:56:57'),(547,'20461','0','TUB-0449','https://via.placeholder.com/640x480.png/0099ee?text=cars+quia','10',4,'2024-04-05 13:56:57','2024-04-05 16:56:57'),(548,'48338','0','QXU-3545','https://via.placeholder.com/640x480.png/005544?text=cars+officiis','10',3,'2024-04-05 13:56:57','2024-04-05 16:56:57'),(549,'29250','0','XDN-4460','https://via.placeholder.com/640x480.png/005533?text=cars+qui','10',6,'2024-04-05 13:56:57','2024-04-05 16:56:57'),(550,'28656','0','WUL-7515','https://via.placeholder.com/640x480.png/0022dd?text=cars+porro','10',6,'2024-04-05 13:56:57','2024-04-05 16:56:57'),(551,'32615','0','YVI-7790','https://via.placeholder.com/640x480.png/00ff11?text=cars+inventore','10',5,'2024-04-05 13:56:57','2024-04-05 16:56:57'),(552,'30605','0','XMQ-2877','https://via.placeholder.com/640x480.png/003355?text=cars+ullam','10',6,'2024-04-05 13:56:57','2024-04-05 16:56:57'),(553,'14494','0','XHQ-0981','https://via.placeholder.com/640x480.png/00ccaa?text=cars+eos','10',1,'2024-04-05 13:56:57','2024-04-05 16:56:57'),(554,'10635','0','KAK-7900','https://via.placeholder.com/640x480.png/002288?text=cars+consequatur','10',6,'2024-04-05 13:56:57','2024-04-05 16:56:57'),(555,'30383','0','MNI-3148','https://via.placeholder.com/640x480.png/00ee55?text=cars+fuga','10',3,'2024-04-05 13:56:57','2024-04-05 16:56:57'),(556,'46738','0','QBE-4959','https://via.placeholder.com/640x480.png/0099ff?text=cars+pariatur','10',5,'2024-04-05 13:56:57','2024-04-05 16:56:57'),(557,'18213','0','DEU-1424','https://via.placeholder.com/640x480.png/0077cc?text=cars+quo','10',1,'2024-04-05 13:56:57','2024-04-05 16:56:57'),(558,'30301','0','HIN-3436','https://via.placeholder.com/640x480.png/00bbee?text=cars+quis','10',4,'2024-04-05 13:56:57','2024-04-05 16:56:57'),(559,'32079','0','BKB-3451','https://via.placeholder.com/640x480.png/001177?text=cars+et','10',6,'2024-04-05 13:56:57','2024-04-05 16:56:57'),(560,'25344','0','ILS-1338','https://via.placeholder.com/640x480.png/0011cc?text=cars+voluptatem','10',5,'2024-04-05 13:56:57','2024-04-05 16:56:57'),(561,'39045','0','JKR-5677','https://via.placeholder.com/640x480.png/004455?text=cars+eveniet','10',1,'2024-04-05 13:56:57','2024-04-05 16:56:57'),(562,'21301','0','KHJ-4199','https://via.placeholder.com/640x480.png/00aaee?text=cars+consequatur','10',6,'2024-04-05 13:56:57','2024-04-05 16:56:57'),(563,'48580','0','NDU-2695','https://via.placeholder.com/640x480.png/00dd55?text=cars+eum','10',5,'2024-04-05 13:56:57','2024-04-05 16:56:57'),(564,'31951','0','MFB-8797','https://via.placeholder.com/640x480.png/00aa77?text=cars+aut','10',3,'2024-04-05 13:56:57','2024-04-05 16:56:57'),(565,'12006','0','QDL-0418','https://via.placeholder.com/640x480.png/008899?text=cars+officia','10',5,'2024-04-05 13:56:57','2024-04-05 16:56:57'),(566,'23366','0','OHW-3687','https://via.placeholder.com/640x480.png/003344?text=cars+necessitatibus','10',1,'2024-04-05 13:56:57','2024-04-05 16:56:57'),(567,'33952','0','LCG-9862','https://via.placeholder.com/640x480.png/00ff66?text=cars+ea','10',2,'2024-04-05 13:56:57','2024-04-05 16:56:57'),(568,'26858','0','BFJ-4069','https://via.placeholder.com/640x480.png/0055dd?text=cars+labore','10',4,'2024-04-05 13:56:57','2024-04-05 16:56:57'),(569,'40549','0','WHP-5911','https://via.placeholder.com/640x480.png/00dd99?text=cars+tempore','10',1,'2024-04-05 13:56:57','2024-04-05 16:56:57'),(570,'38290','0','WDM-7548','https://via.placeholder.com/640x480.png/009900?text=cars+quia','10',2,'2024-04-05 13:56:57','2024-04-05 16:56:57'),(571,'32630','0','MJY-2364','https://via.placeholder.com/640x480.png/003311?text=cars+ut','10',4,'2024-04-05 13:56:57','2024-04-05 16:56:57'),(572,'43912','0','WVM-3322','https://via.placeholder.com/640x480.png/001199?text=cars+similique','10',1,'2024-04-05 13:56:57','2024-04-05 16:56:57'),(573,'30537','0','BIE-4266','https://via.placeholder.com/640x480.png/00ffff?text=cars+non','10',5,'2024-04-05 13:56:57','2024-04-05 16:56:57'),(574,'31840','0','DJZ-8504','https://via.placeholder.com/640x480.png/00bb33?text=cars+est','10',6,'2024-04-05 13:56:57','2024-04-05 16:56:57'),(575,'34253','0','YOQ-6528','https://via.placeholder.com/640x480.png/005577?text=cars+odio','10',1,'2024-04-05 13:56:57','2024-04-05 16:56:57'),(576,'39555','0','XOW-6109','https://via.placeholder.com/640x480.png/000033?text=cars+sequi','10',3,'2024-04-05 13:56:57','2024-04-05 16:56:57'),(577,'42947','0','GJV-1216','https://via.placeholder.com/640x480.png/0033bb?text=cars+doloribus','10',5,'2024-04-05 13:56:57','2024-04-05 16:56:57'),(578,'20005','0','AOI-4844','https://via.placeholder.com/640x480.png/003377?text=cars+similique','10',5,'2024-04-05 13:56:57','2024-04-05 16:56:57'),(579,'33130','0','OAT-9875','https://via.placeholder.com/640x480.png/000011?text=cars+et','10',3,'2024-04-05 13:56:57','2024-04-05 16:56:57'),(580,'38498','0','ROW-6314','https://via.placeholder.com/640x480.png/0055ff?text=cars+velit','10',4,'2024-04-05 13:56:57','2024-04-05 16:56:57'),(581,'13468','0','MKB-6453','https://via.placeholder.com/640x480.png/0066ee?text=cars+deleniti','10',2,'2024-04-05 13:56:57','2024-04-05 16:56:57'),(582,'46514','0','YIZ-1215','https://via.placeholder.com/640x480.png/0022dd?text=cars+sapiente','10',1,'2024-04-05 13:56:57','2024-04-05 16:56:57'),(583,'49789','0','HAD-5830','https://via.placeholder.com/640x480.png/008811?text=cars+voluptatem','10',1,'2024-04-05 13:56:57','2024-04-05 16:56:57'),(584,'19131','0','GXP-5817','https://via.placeholder.com/640x480.png/004411?text=cars+molestiae','10',4,'2024-04-05 13:56:57','2024-04-05 16:56:57'),(585,'16253','0','VFX-7969','https://via.placeholder.com/640x480.png/001188?text=cars+et','10',4,'2024-04-05 13:56:57','2024-04-05 16:56:57'),(586,'38639','0','JDZ-5465','https://via.placeholder.com/640x480.png/0000bb?text=cars+nihil','10',5,'2024-04-05 13:56:57','2024-04-05 16:56:57'),(587,'42530','0','LAS-6705','https://via.placeholder.com/640x480.png/0011ee?text=cars+facere','10',3,'2024-04-05 13:56:57','2024-04-05 16:56:57'),(588,'10469','0','GED-3053','https://via.placeholder.com/640x480.png/00ddcc?text=cars+sed','10',2,'2024-04-05 13:56:57','2024-04-05 16:56:57'),(589,'45980','0','XSE-8745','https://via.placeholder.com/640x480.png/00ccee?text=cars+saepe','10',2,'2024-04-05 13:56:57','2024-04-05 16:56:57'),(590,'45540','0','RIQ-1036','https://via.placeholder.com/640x480.png/0055ee?text=cars+et','10',3,'2024-04-05 13:56:57','2024-04-05 16:56:57'),(591,'33138','0','CKS-3109','https://via.placeholder.com/640x480.png/001177?text=cars+voluptatem','10',1,'2024-04-05 13:57:04','2024-04-05 16:57:04'),(592,'28535','0','VIQ-3241','https://via.placeholder.com/640x480.png/00ee88?text=cars+quisquam','10',2,'2024-04-05 13:57:04','2024-04-05 16:57:04'),(593,'38010','0','MSZ-5543','https://via.placeholder.com/640x480.png/007755?text=cars+molestiae','10',4,'2024-04-05 13:57:04','2024-04-05 16:57:04'),(594,'46744','0','EKR-8445','https://via.placeholder.com/640x480.png/001122?text=cars+et','10',6,'2024-04-05 13:57:04','2024-04-05 16:57:04'),(595,'40062','0','CLQ-3202','https://via.placeholder.com/640x480.png/009900?text=cars+sed','10',6,'2024-04-05 13:57:04','2024-04-05 16:57:04'),(596,'11502','0','YQJ-0901','https://via.placeholder.com/640x480.png/009933?text=cars+dolorum','10',1,'2024-04-05 13:57:04','2024-04-05 16:57:04'),(597,'16794','0','CKR-0072','https://via.placeholder.com/640x480.png/00bb33?text=cars+dolor','10',5,'2024-04-05 13:57:04','2024-04-05 16:57:04'),(598,'25507','0','DHD-6868','https://via.placeholder.com/640x480.png/00bb44?text=cars+aut','10',3,'2024-04-05 13:57:04','2024-04-05 16:57:04'),(599,'30695','0','JNJ-7609','https://via.placeholder.com/640x480.png/002200?text=cars+explicabo','10',5,'2024-04-05 13:57:04','2024-04-05 16:57:04'),(600,'45511','0','CVH-6128','https://via.placeholder.com/640x480.png/007777?text=cars+qui','10',2,'2024-04-05 13:57:04','2024-04-05 16:57:04'),(601,'44102','0','CPE-2517','https://via.placeholder.com/640x480.png/005555?text=cars+qui','10',5,'2024-04-05 13:57:04','2024-04-05 16:57:04'),(602,'40332','0','REE-9206','https://via.placeholder.com/640x480.png/00ccaa?text=cars+eum','10',6,'2024-04-05 13:57:04','2024-04-05 16:57:04'),(603,'48219','0','SNF-1190','https://via.placeholder.com/640x480.png/0066aa?text=cars+dolore','10',2,'2024-04-05 13:57:04','2024-04-05 16:57:04'),(604,'46289','0','NLV-6882','https://via.placeholder.com/640x480.png/00aa88?text=cars+dolor','10',6,'2024-04-05 13:57:04','2024-04-05 16:57:04'),(605,'32286','0','IVF-6164','https://via.placeholder.com/640x480.png/00cc11?text=cars+nobis','10',3,'2024-04-05 13:57:04','2024-04-05 16:57:04'),(606,'38589','0','VZM-2526','https://via.placeholder.com/640x480.png/00ffaa?text=cars+quia','10',6,'2024-04-05 13:57:04','2024-04-05 16:57:04'),(607,'36522','0','XIG-0965','https://via.placeholder.com/640x480.png/0000aa?text=cars+et','10',6,'2024-04-05 13:57:04','2024-04-05 16:57:04'),(608,'37701','0','EPP-0653','https://via.placeholder.com/640x480.png/00cc44?text=cars+corrupti','10',3,'2024-04-05 13:57:04','2024-04-05 16:57:04'),(609,'48591','0','QLK-7643','https://via.placeholder.com/640x480.png/0099ee?text=cars+velit','10',4,'2024-04-05 13:57:04','2024-04-05 16:57:04'),(610,'46687','0','BTU-1454','https://via.placeholder.com/640x480.png/00bb55?text=cars+autem','10',3,'2024-04-05 13:57:04','2024-04-05 16:57:04'),(611,'17959','0','DNW-4287','https://via.placeholder.com/640x480.png/0033aa?text=cars+veniam','10',4,'2024-04-05 13:57:04','2024-04-05 16:57:04'),(612,'20164','0','AGF-1704','https://via.placeholder.com/640x480.png/0077ee?text=cars+at','10',6,'2024-04-05 13:57:04','2024-04-05 16:57:04'),(613,'14293','0','EFH-0604','https://via.placeholder.com/640x480.png/00aa66?text=cars+officia','10',6,'2024-04-05 13:57:04','2024-04-05 16:57:04'),(614,'40200','0','BYW-8784','https://via.placeholder.com/640x480.png/00bbbb?text=cars+velit','10',6,'2024-04-05 13:57:04','2024-04-05 16:57:04'),(615,'18065','0','DFN-5870','https://via.placeholder.com/640x480.png/00bb77?text=cars+incidunt','10',2,'2024-04-05 13:57:04','2024-04-05 16:57:04'),(616,'45595','0','DXA-2601','https://via.placeholder.com/640x480.png/00ccbb?text=cars+consequatur','10',3,'2024-04-05 13:57:04','2024-04-05 16:57:04'),(617,'38384','0','LWQ-0932','https://via.placeholder.com/640x480.png/00ee11?text=cars+numquam','10',5,'2024-04-05 13:57:04','2024-04-05 16:57:04'),(618,'24833','0','BLO-6741','https://via.placeholder.com/640x480.png/00cc00?text=cars+qui','10',6,'2024-04-05 13:57:04','2024-04-05 16:57:04'),(619,'48769','0','GQF-2934','https://via.placeholder.com/640x480.png/00ffdd?text=cars+temporibus','10',4,'2024-04-05 13:57:04','2024-04-05 16:57:04'),(620,'45461','0','FPR-9540','https://via.placeholder.com/640x480.png/00bb22?text=cars+est','10',1,'2024-04-05 13:57:04','2024-04-05 16:57:04'),(621,'27740','0','CTR-1775','https://via.placeholder.com/640x480.png/00ff55?text=cars+deserunt','10',5,'2024-04-05 13:57:04','2024-04-05 16:57:04'),(622,'35746','0','FRP-1759','https://via.placeholder.com/640x480.png/00ee55?text=cars+doloremque','10',5,'2024-04-05 13:57:04','2024-04-05 16:57:04'),(623,'42228','0','JHY-7807','https://via.placeholder.com/640x480.png/009922?text=cars+tempore','10',4,'2024-04-05 13:57:04','2024-04-05 16:57:04'),(624,'15028','0','TMB-1830','https://via.placeholder.com/640x480.png/004422?text=cars+assumenda','10',6,'2024-04-05 13:57:04','2024-04-05 16:57:04'),(625,'14273','0','FJG-3034','https://via.placeholder.com/640x480.png/00ff99?text=cars+amet','10',2,'2024-04-05 13:57:04','2024-04-05 16:57:04'),(626,'40907','0','YOM-3755','https://via.placeholder.com/640x480.png/0022ee?text=cars+et','10',2,'2024-04-05 13:57:04','2024-04-05 16:57:04'),(627,'42794','0','KHI-2503','https://via.placeholder.com/640x480.png/00ff22?text=cars+quaerat','10',6,'2024-04-05 13:57:04','2024-04-05 16:57:04'),(628,'42034','0','MSN-7107','https://via.placeholder.com/640x480.png/0066cc?text=cars+possimus','10',4,'2024-04-05 13:57:04','2024-04-05 16:57:04'),(629,'25600','0','EZM-1252','https://via.placeholder.com/640x480.png/00ffdd?text=cars+et','10',5,'2024-04-05 13:57:04','2024-04-05 16:57:04'),(630,'21729','0','MMV-6239','https://via.placeholder.com/640x480.png/002222?text=cars+ipsum','10',1,'2024-04-05 13:57:04','2024-04-05 16:57:04'),(631,'45929','0','OMH-1549','https://via.placeholder.com/640x480.png/000044?text=cars+perferendis','10',2,'2024-04-05 13:57:04','2024-04-05 16:57:04'),(632,'37339','0','EQB-6937','https://via.placeholder.com/640x480.png/008833?text=cars+rerum','10',2,'2024-04-05 13:57:04','2024-04-05 16:57:04'),(633,'27717','0','YZE-6949','https://via.placeholder.com/640x480.png/003322?text=cars+cum','10',4,'2024-04-05 13:57:04','2024-04-05 16:57:04'),(634,'37718','0','MOP-1822','https://via.placeholder.com/640x480.png/0055cc?text=cars+sint','10',1,'2024-04-05 13:57:04','2024-04-05 16:57:04'),(635,'31702','0','SXX-6571','https://via.placeholder.com/640x480.png/00aadd?text=cars+deserunt','10',3,'2024-04-05 13:57:04','2024-04-05 16:57:04'),(636,'26620','0','XGG-5334','https://via.placeholder.com/640x480.png/0066bb?text=cars+reiciendis','10',5,'2024-04-05 13:57:04','2024-04-05 16:57:04'),(637,'33220','0','VHY-2094','https://via.placeholder.com/640x480.png/007700?text=cars+sequi','10',3,'2024-04-05 13:57:04','2024-04-05 16:57:04'),(638,'24433','0','RRT-3316','https://via.placeholder.com/640x480.png/00ffff?text=cars+ut','10',3,'2024-04-05 13:57:04','2024-04-05 16:57:04'),(639,'23802','0','ROQ-5786','https://via.placeholder.com/640x480.png/00aa88?text=cars+incidunt','10',3,'2024-04-05 13:57:04','2024-04-05 16:57:04'),(640,'15996','0','GZR-7348','https://via.placeholder.com/640x480.png/00bb33?text=cars+qui','10',4,'2024-04-05 13:57:04','2024-04-05 16:57:04'),(641,'20195','0','VHH-0881','https://via.placeholder.com/640x480.png/001188?text=cars+enim','10',3,'2024-04-05 13:57:04','2024-04-05 16:57:04'),(642,'35070','0','JND-8197','https://via.placeholder.com/640x480.png/009900?text=cars+minima','10',1,'2024-04-05 13:57:04','2024-04-05 16:57:04'),(643,'20459','0','MEB-1687','https://via.placeholder.com/640x480.png/00ffcc?text=cars+itaque','10',6,'2024-04-05 13:57:04','2024-04-05 16:57:04'),(644,'42745','0','QCQ-1613','https://via.placeholder.com/640x480.png/006611?text=cars+nobis','10',4,'2024-04-05 13:57:04','2024-04-05 16:57:04'),(645,'36545','0','TUG-2302','https://via.placeholder.com/640x480.png/00aa55?text=cars+quo','10',3,'2024-04-05 13:57:04','2024-04-05 16:57:04'),(646,'34612','0','CMK-8152','https://via.placeholder.com/640x480.png/00ddaa?text=cars+aspernatur','10',5,'2024-04-05 13:57:04','2024-04-05 16:57:04'),(647,'29788','0','EJL-2221','https://via.placeholder.com/640x480.png/003344?text=cars+ipsum','10',4,'2024-04-05 13:57:04','2024-04-05 16:57:04'),(648,'46247','0','BEQ-8986','https://via.placeholder.com/640x480.png/004499?text=cars+quis','10',4,'2024-04-05 13:57:04','2024-04-05 16:57:04'),(649,'28650','0','TIU-3027','https://via.placeholder.com/640x480.png/00ffaa?text=cars+quia','10',4,'2024-04-05 13:57:04','2024-04-05 16:57:04'),(650,'19028','0','YQT-9665','https://via.placeholder.com/640x480.png/00cccc?text=cars+ut','10',2,'2024-04-05 13:57:04','2024-04-05 16:57:04'),(651,'34557','0','IVU-2323','https://via.placeholder.com/640x480.png/001100?text=cars+et','10',2,'2024-04-05 13:57:04','2024-04-05 16:57:04'),(652,'32568','0','RWK-2763','https://via.placeholder.com/640x480.png/003399?text=cars+fugit','10',5,'2024-04-05 13:57:04','2024-04-05 16:57:04'),(653,'15991','0','HHU-0829','https://via.placeholder.com/640x480.png/0077ee?text=cars+aut','10',1,'2024-04-05 13:57:04','2024-04-05 16:57:04'),(654,'36876','0','RBE-7340','https://via.placeholder.com/640x480.png/005544?text=cars+nostrum','10',4,'2024-04-05 13:57:04','2024-04-05 16:57:04'),(655,'46145','0','LUZ-0521','https://via.placeholder.com/640x480.png/00ee33?text=cars+ex','10',6,'2024-04-05 13:57:04','2024-04-05 16:57:04'),(656,'38431','0','MIR-7353','https://via.placeholder.com/640x480.png/0011cc?text=cars+enim','10',1,'2024-04-05 13:57:04','2024-04-05 16:57:04'),(657,'32260','0','XXJ-9984','https://via.placeholder.com/640x480.png/008877?text=cars+mollitia','10',4,'2024-04-05 13:57:04','2024-04-05 16:57:04'),(658,'38280','0','ITJ-6618','https://via.placeholder.com/640x480.png/006600?text=cars+nobis','10',1,'2024-04-05 13:57:04','2024-04-05 16:57:04'),(659,'19039','0','DSW-3289','https://via.placeholder.com/640x480.png/008855?text=cars+magni','10',5,'2024-04-05 13:57:04','2024-04-05 16:57:04'),(660,'23521','0','HZN-5569','https://via.placeholder.com/640x480.png/00aa11?text=cars+a','10',3,'2024-04-05 13:57:04','2024-04-05 16:57:04'),(661,'34008','0','BZW-9738','https://via.placeholder.com/640x480.png/0099aa?text=cars+est','10',6,'2024-04-05 13:57:04','2024-04-05 16:57:04'),(662,'48842','0','IEV-9090','https://via.placeholder.com/640x480.png/0066ee?text=cars+enim','10',5,'2024-04-05 13:57:04','2024-04-05 16:57:04'),(663,'29414','0','OUJ-0849','https://via.placeholder.com/640x480.png/000077?text=cars+vitae','10',5,'2024-04-05 13:57:04','2024-04-05 16:57:04'),(664,'18368','0','FIO-2401','https://via.placeholder.com/640x480.png/00aa77?text=cars+est','10',3,'2024-04-05 13:57:04','2024-04-05 16:57:04'),(665,'22653','0','IJA-4274','https://via.placeholder.com/640x480.png/008833?text=cars+eius','10',2,'2024-04-05 13:57:04','2024-04-05 16:57:04'),(666,'38932','0','OIB-9929','https://via.placeholder.com/640x480.png/003333?text=cars+facere','10',3,'2024-04-05 13:57:04','2024-04-05 16:57:04'),(667,'46928','0','JAB-8169','https://via.placeholder.com/640x480.png/003388?text=cars+vel','10',5,'2024-04-05 13:57:04','2024-04-05 16:57:04'),(668,'49328','0','DOY-4155','https://via.placeholder.com/640x480.png/006666?text=cars+et','10',3,'2024-04-05 13:57:04','2024-04-05 16:57:04'),(669,'37225','0','OPN-6586','https://via.placeholder.com/640x480.png/00ee22?text=cars+consequatur','10',4,'2024-04-05 13:57:04','2024-04-05 16:57:04'),(670,'18639','0','UOX-1388','https://via.placeholder.com/640x480.png/0033bb?text=cars+similique','10',6,'2024-04-05 13:57:04','2024-04-05 16:57:04'),(671,'29373','0','GVS-1668','https://via.placeholder.com/640x480.png/00bbbb?text=cars+similique','10',6,'2024-04-05 13:57:04','2024-04-05 16:57:04'),(672,'33397','0','RQO-8340','https://via.placeholder.com/640x480.png/005544?text=cars+earum','10',5,'2024-04-05 13:57:04','2024-04-05 16:57:04'),(673,'42002','0','VZX-3735','https://via.placeholder.com/640x480.png/008877?text=cars+occaecati','10',5,'2024-04-05 13:57:04','2024-04-05 16:57:04'),(674,'35790','0','VXA-8830','https://via.placeholder.com/640x480.png/00ee66?text=cars+mollitia','10',2,'2024-04-05 13:57:04','2024-04-05 16:57:04'),(675,'20233','0','SXJ-6533','https://via.placeholder.com/640x480.png/0055ee?text=cars+itaque','10',1,'2024-04-05 13:57:04','2024-04-05 16:57:04'),(676,'31662','0','YTC-2999','https://via.placeholder.com/640x480.png/0077ee?text=cars+aut','10',2,'2024-04-05 13:57:04','2024-04-05 16:57:04'),(677,'26628','0','OBG-7838','https://via.placeholder.com/640x480.png/00bb11?text=cars+suscipit','10',5,'2024-04-05 13:57:04','2024-04-05 16:57:04'),(678,'42174','0','OWL-6244','https://via.placeholder.com/640x480.png/0077dd?text=cars+sint','10',2,'2024-04-05 13:57:04','2024-04-05 16:57:04'),(679,'20236','0','JEZ-3445','https://via.placeholder.com/640x480.png/0099ee?text=cars+nesciunt','10',1,'2024-04-05 13:57:04','2024-04-05 16:57:04'),(680,'24874','0','CTW-6994','https://via.placeholder.com/640x480.png/008833?text=cars+ut','10',3,'2024-04-05 13:57:04','2024-04-05 16:57:04'),(681,'24611','0','AOE-3024','https://via.placeholder.com/640x480.png/00cc11?text=cars+eaque','10',2,'2024-04-05 13:57:04','2024-04-05 16:57:04'),(682,'10046','0','TKI-0397','https://via.placeholder.com/640x480.png/00eeaa?text=cars+amet','10',2,'2024-04-05 13:57:04','2024-04-05 16:57:04'),(683,'18167','0','DWI-2197','https://via.placeholder.com/640x480.png/0099ee?text=cars+recusandae','10',3,'2024-04-05 13:57:04','2024-04-05 16:57:04'),(684,'15694','0','SFI-0822','https://via.placeholder.com/640x480.png/009933?text=cars+quidem','10',6,'2024-04-05 13:57:04','2024-04-05 16:57:04'),(685,'23563','0','AIZ-9089','https://via.placeholder.com/640x480.png/002244?text=cars+ab','10',5,'2024-04-05 13:57:04','2024-04-05 16:57:04'),(686,'35675','0','UCR-5508','https://via.placeholder.com/640x480.png/00aa77?text=cars+ut','10',1,'2024-04-05 13:57:04','2024-04-05 16:57:04'),(687,'43818','0','IIX-5950','https://via.placeholder.com/640x480.png/00aa33?text=cars+eligendi','10',5,'2024-04-05 13:57:04','2024-04-05 16:57:04'),(688,'27942','0','GDS-6698','https://via.placeholder.com/640x480.png/00aa00?text=cars+at','10',3,'2024-04-05 13:57:04','2024-04-05 16:57:04'),(689,'15590','0','OPL-5565','https://via.placeholder.com/640x480.png/001100?text=cars+ut','10',1,'2024-04-05 13:57:04','2024-04-05 16:57:04'),(690,'43724','0','IXL-5062','https://via.placeholder.com/640x480.png/00eeff?text=cars+dolores','10',4,'2024-04-05 13:57:04','2024-04-05 16:57:04'),(691,'44914','0','XEE-5761','https://via.placeholder.com/640x480.png/00ff22?text=cars+et','10',1,'2024-04-05 13:57:12','2024-04-05 16:57:12'),(692,'23174','0','CLD-3943','https://via.placeholder.com/640x480.png/005588?text=cars+impedit','10',5,'2024-04-05 13:57:12','2024-04-05 16:57:12'),(693,'29865','0','FIH-5027','https://via.placeholder.com/640x480.png/0077aa?text=cars+inventore','10',5,'2024-04-05 13:57:12','2024-04-05 16:57:12'),(694,'15173','0','AOU-9305','https://via.placeholder.com/640x480.png/000077?text=cars+nesciunt','10',6,'2024-04-05 13:57:12','2024-04-05 16:57:12'),(695,'32898','0','MBV-5486','https://via.placeholder.com/640x480.png/008833?text=cars+facere','10',6,'2024-04-05 13:57:12','2024-04-05 16:57:12'),(696,'22564','0','RWT-9898','https://via.placeholder.com/640x480.png/003311?text=cars+et','10',6,'2024-04-05 13:57:12','2024-04-05 16:57:12'),(697,'16684','0','SIN-1449','https://via.placeholder.com/640x480.png/00eeaa?text=cars+aspernatur','10',2,'2024-04-05 13:57:12','2024-04-05 16:57:12'),(698,'23172','0','LIW-8640','https://via.placeholder.com/640x480.png/003311?text=cars+cupiditate','10',5,'2024-04-05 13:57:12','2024-04-05 16:57:12'),(699,'25966','0','IGG-6249','https://via.placeholder.com/640x480.png/009977?text=cars+aut','10',6,'2024-04-05 13:57:12','2024-04-05 16:57:12'),(700,'22997','0','AYN-9556','https://via.placeholder.com/640x480.png/002200?text=cars+non','10',2,'2024-04-05 13:57:12','2024-04-05 16:57:12'),(701,'35428','0','KTS-3620','https://via.placeholder.com/640x480.png/003322?text=cars+quia','10',1,'2024-04-05 13:57:12','2024-04-05 16:57:12'),(702,'41861','0','EHI-8788','https://via.placeholder.com/640x480.png/0011bb?text=cars+aliquam','10',6,'2024-04-05 13:57:12','2024-04-05 16:57:12'),(703,'27154','0','BHG-3177','https://via.placeholder.com/640x480.png/00aa00?text=cars+maiores','10',5,'2024-04-05 13:57:12','2024-04-05 16:57:12'),(704,'46131','0','OYC-0744','https://via.placeholder.com/640x480.png/00ffee?text=cars+ullam','10',6,'2024-04-05 13:57:12','2024-04-05 16:57:12'),(705,'29804','0','NBE-6369','https://via.placeholder.com/640x480.png/00dd33?text=cars+quisquam','10',5,'2024-04-05 13:57:12','2024-04-05 16:57:12'),(706,'35800','0','OKY-2722','https://via.placeholder.com/640x480.png/003344?text=cars+repellendus','10',3,'2024-04-05 13:57:12','2024-04-05 16:57:12'),(707,'35973','0','UVP-5853','https://via.placeholder.com/640x480.png/00cc44?text=cars+repellat','10',4,'2024-04-05 13:57:12','2024-04-05 16:57:12'),(708,'42956','0','BCB-0480','https://via.placeholder.com/640x480.png/002277?text=cars+eos','10',3,'2024-04-05 13:57:12','2024-04-05 16:57:12'),(709,'39467','0','NJS-7086','https://via.placeholder.com/640x480.png/007755?text=cars+quia','10',1,'2024-04-05 13:57:12','2024-04-05 16:57:12'),(710,'35092','0','IOX-0982','https://via.placeholder.com/640x480.png/00eebb?text=cars+labore','10',3,'2024-04-05 13:57:12','2024-04-05 16:57:12'),(711,'42676','0','GAI-9670','https://via.placeholder.com/640x480.png/00dddd?text=cars+id','10',2,'2024-04-05 13:57:12','2024-04-05 16:57:12'),(712,'21198','0','SIC-3637','https://via.placeholder.com/640x480.png/007788?text=cars+culpa','10',4,'2024-04-05 13:57:12','2024-04-05 16:57:12'),(713,'17195','0','GBR-3548','https://via.placeholder.com/640x480.png/00ccaa?text=cars+aut','10',3,'2024-04-05 13:57:12','2024-04-05 16:57:12'),(714,'24851','0','YYJ-1691','https://via.placeholder.com/640x480.png/0099bb?text=cars+aut','10',6,'2024-04-05 13:57:12','2024-04-05 16:57:12'),(715,'17800','0','JUQ-5571','https://via.placeholder.com/640x480.png/0033aa?text=cars+nam','10',3,'2024-04-05 13:57:12','2024-04-05 16:57:12'),(716,'39218','0','CRX-9852','https://via.placeholder.com/640x480.png/002299?text=cars+et','10',4,'2024-04-05 13:57:12','2024-04-05 16:57:12'),(717,'49607','0','ZEW-4529','https://via.placeholder.com/640x480.png/0000aa?text=cars+ipsum','10',3,'2024-04-05 13:57:12','2024-04-05 16:57:12'),(718,'13678','0','MLA-4433','https://via.placeholder.com/640x480.png/0066dd?text=cars+sunt','10',3,'2024-04-05 13:57:12','2024-04-05 16:57:12'),(719,'44081','0','XJH-6748','https://via.placeholder.com/640x480.png/004411?text=cars+atque','10',3,'2024-04-05 13:57:12','2024-04-05 16:57:12'),(720,'20780','0','HRP-8415','https://via.placeholder.com/640x480.png/0099ff?text=cars+consectetur','10',4,'2024-04-05 13:57:12','2024-04-05 16:57:12'),(721,'26288','0','MQK-6948','https://via.placeholder.com/640x480.png/008888?text=cars+esse','10',4,'2024-04-05 13:57:12','2024-04-05 16:57:12'),(722,'21935','0','GGF-2322','https://via.placeholder.com/640x480.png/00ffbb?text=cars+sed','10',5,'2024-04-05 13:57:12','2024-04-05 16:57:12'),(723,'32987','0','ZJW-4655','https://via.placeholder.com/640x480.png/003366?text=cars+et','10',3,'2024-04-05 13:57:12','2024-04-05 16:57:12'),(724,'14414','0','NTI-0439','https://via.placeholder.com/640x480.png/001166?text=cars+magnam','10',1,'2024-04-05 13:57:12','2024-04-05 16:57:12'),(725,'33401','0','HPJ-1028','https://via.placeholder.com/640x480.png/009955?text=cars+quisquam','10',6,'2024-04-05 13:57:12','2024-04-05 16:57:12'),(726,'32982','0','NYN-6841','https://via.placeholder.com/640x480.png/008899?text=cars+et','10',3,'2024-04-05 13:57:12','2024-04-05 16:57:12'),(727,'17924','0','XUE-1133','https://via.placeholder.com/640x480.png/0055cc?text=cars+assumenda','10',4,'2024-04-05 13:57:12','2024-04-05 16:57:12'),(728,'41034','0','HUG-0896','https://via.placeholder.com/640x480.png/00ffbb?text=cars+et','10',3,'2024-04-05 13:57:12','2024-04-05 16:57:12'),(729,'33881','0','JAE-1621','https://via.placeholder.com/640x480.png/0077ff?text=cars+qui','10',4,'2024-04-05 13:57:12','2024-04-05 16:57:12'),(730,'22627','0','VGU-5823','https://via.placeholder.com/640x480.png/0066ff?text=cars+aut','10',5,'2024-04-05 13:57:12','2024-04-05 16:57:12'),(731,'35326','0','HWU-9067','https://via.placeholder.com/640x480.png/0022cc?text=cars+provident','10',3,'2024-04-05 13:57:12','2024-04-05 16:57:12'),(732,'23787','0','DKA-0250','https://via.placeholder.com/640x480.png/008800?text=cars+ab','10',5,'2024-04-05 13:57:12','2024-04-05 16:57:12'),(733,'34887','0','MLB-2368','https://via.placeholder.com/640x480.png/0077dd?text=cars+molestiae','10',4,'2024-04-05 13:57:12','2024-04-05 16:57:12'),(734,'29764','0','HGR-3876','https://via.placeholder.com/640x480.png/00aadd?text=cars+molestiae','10',2,'2024-04-05 13:57:12','2024-04-05 16:57:12'),(735,'43838','0','FNU-0649','https://via.placeholder.com/640x480.png/00eeee?text=cars+sapiente','10',2,'2024-04-05 13:57:12','2024-04-05 16:57:12'),(736,'39977','0','DWP-7839','https://via.placeholder.com/640x480.png/00ffbb?text=cars+suscipit','10',3,'2024-04-05 13:57:12','2024-04-05 16:57:12'),(737,'33535','0','QZN-4786','https://via.placeholder.com/640x480.png/00cc44?text=cars+qui','10',3,'2024-04-05 13:57:12','2024-04-05 16:57:12'),(738,'12921','0','CDJ-4877','https://via.placeholder.com/640x480.png/0044bb?text=cars+magni','10',6,'2024-04-05 13:57:12','2024-04-05 16:57:12'),(739,'20119','0','XYQ-8557','https://via.placeholder.com/640x480.png/00dd88?text=cars+laboriosam','10',6,'2024-04-05 13:57:12','2024-04-05 16:57:12'),(740,'15358','0','TNU-1341','https://via.placeholder.com/640x480.png/0055cc?text=cars+repellat','10',1,'2024-04-05 13:57:12','2024-04-05 16:57:12'),(741,'14271','0','IKJ-4336','https://via.placeholder.com/640x480.png/00aa33?text=cars+voluptatibus','10',5,'2024-04-05 13:57:12','2024-04-05 16:57:12'),(742,'15391','0','JJE-0773','https://via.placeholder.com/640x480.png/00cccc?text=cars+ab','10',5,'2024-04-05 13:57:12','2024-04-05 16:57:12'),(743,'41230','0','OLI-6004','https://via.placeholder.com/640x480.png/00ffff?text=cars+sint','10',6,'2024-04-05 13:57:12','2024-04-05 16:57:12'),(744,'29483','0','FNX-8650','https://via.placeholder.com/640x480.png/00cc33?text=cars+corporis','10',5,'2024-04-05 13:57:12','2024-04-05 16:57:12'),(745,'27583','0','WMV-4635','https://via.placeholder.com/640x480.png/000088?text=cars+nobis','10',2,'2024-04-05 13:57:12','2024-04-05 16:57:12'),(746,'17804','0','LMV-4101','https://via.placeholder.com/640x480.png/0099ee?text=cars+quo','10',2,'2024-04-05 13:57:12','2024-04-05 16:57:12'),(747,'31507','0','ORJ-8734','https://via.placeholder.com/640x480.png/001199?text=cars+vero','10',4,'2024-04-05 13:57:12','2024-04-05 16:57:12'),(748,'46662','0','EVO-5364','https://via.placeholder.com/640x480.png/00ffdd?text=cars+dignissimos','10',4,'2024-04-05 13:57:12','2024-04-05 16:57:12'),(749,'30447','0','LLJ-0094','https://via.placeholder.com/640x480.png/00aa88?text=cars+minima','10',1,'2024-04-05 13:57:12','2024-04-05 16:57:12'),(750,'40762','0','KMS-8285','https://via.placeholder.com/640x480.png/0055dd?text=cars+autem','10',1,'2024-04-05 13:57:12','2024-04-05 16:57:12'),(751,'14348','0','KFY-2258','https://via.placeholder.com/640x480.png/00ffee?text=cars+ad','10',3,'2024-04-05 13:57:12','2024-04-05 16:57:12'),(752,'39219','0','OVP-5841','https://via.placeholder.com/640x480.png/00aaaa?text=cars+beatae','10',5,'2024-04-05 13:57:12','2024-04-05 16:57:12'),(753,'39646','0','XYQ-3090','https://via.placeholder.com/640x480.png/009955?text=cars+modi','10',1,'2024-04-05 13:57:12','2024-04-05 16:57:12'),(754,'25489','0','HEP-1836','https://via.placeholder.com/640x480.png/00ddaa?text=cars+ea','10',4,'2024-04-05 13:57:12','2024-04-05 16:57:12'),(755,'41533','0','NBC-7679','https://via.placeholder.com/640x480.png/008833?text=cars+quia','10',3,'2024-04-05 13:57:12','2024-04-05 16:57:12'),(756,'34697','0','EEA-7589','https://via.placeholder.com/640x480.png/009955?text=cars+recusandae','10',3,'2024-04-05 13:57:12','2024-04-05 16:57:12'),(757,'48767','0','SZW-0561','https://via.placeholder.com/640x480.png/00cc44?text=cars+ullam','10',6,'2024-04-05 13:57:12','2024-04-05 16:57:12'),(758,'42419','0','NVK-0778','https://via.placeholder.com/640x480.png/009977?text=cars+ipsam','10',6,'2024-04-05 13:57:12','2024-04-05 16:57:12'),(759,'46693','0','GHR-7503','https://via.placeholder.com/640x480.png/0055dd?text=cars+voluptatem','10',1,'2024-04-05 13:57:12','2024-04-05 16:57:12'),(760,'10596','0','ZTO-0168','https://via.placeholder.com/640x480.png/005577?text=cars+illo','10',3,'2024-04-05 13:57:12','2024-04-05 16:57:12'),(761,'42603','0','KCB-4965','https://via.placeholder.com/640x480.png/00ccff?text=cars+maxime','10',4,'2024-04-05 13:57:12','2024-04-05 16:57:12'),(762,'49788','0','EBT-3974','https://via.placeholder.com/640x480.png/000011?text=cars+incidunt','10',2,'2024-04-05 13:57:12','2024-04-05 16:57:12'),(763,'22644','0','JOT-3096','https://via.placeholder.com/640x480.png/00aaff?text=cars+sapiente','10',1,'2024-04-05 13:57:12','2024-04-05 16:57:12'),(764,'14868','0','BIV-0569','https://via.placeholder.com/640x480.png/001122?text=cars+quisquam','10',1,'2024-04-05 13:57:12','2024-04-05 16:57:12'),(765,'35846','0','AOE-5650','https://via.placeholder.com/640x480.png/00cccc?text=cars+quibusdam','10',2,'2024-04-05 13:57:12','2024-04-05 16:57:12'),(766,'12222','0','XYO-3190','https://via.placeholder.com/640x480.png/0099ff?text=cars+nihil','10',6,'2024-04-05 13:57:12','2024-04-05 16:57:12'),(767,'11075','0','OLY-7624','https://via.placeholder.com/640x480.png/00cccc?text=cars+rerum','10',4,'2024-04-05 13:57:12','2024-04-05 16:57:12'),(768,'18491','0','PPT-5458','https://via.placeholder.com/640x480.png/007766?text=cars+nihil','10',2,'2024-04-05 13:57:12','2024-04-05 16:57:12'),(769,'45143','0','WEF-8263','https://via.placeholder.com/640x480.png/005599?text=cars+aspernatur','10',6,'2024-04-05 13:57:12','2024-04-05 16:57:12'),(770,'43042','0','REO-1480','https://via.placeholder.com/640x480.png/006611?text=cars+qui','10',6,'2024-04-05 13:57:12','2024-04-05 16:57:12'),(771,'31217','0','MPJ-2703','https://via.placeholder.com/640x480.png/0055ee?text=cars+modi','10',3,'2024-04-05 13:57:12','2024-04-05 16:57:12'),(772,'14248','0','KAE-8268','https://via.placeholder.com/640x480.png/00eeaa?text=cars+nesciunt','10',5,'2024-04-05 13:57:12','2024-04-05 16:57:12'),(773,'31601','0','TII-5601','https://via.placeholder.com/640x480.png/005511?text=cars+et','10',6,'2024-04-05 13:57:12','2024-04-05 16:57:12'),(774,'40240','0','PYQ-9131','https://via.placeholder.com/640x480.png/00ddcc?text=cars+eos','10',4,'2024-04-05 13:57:12','2024-04-05 16:57:12'),(775,'35023','0','OTJ-7690','https://via.placeholder.com/640x480.png/00aa77?text=cars+ad','10',6,'2024-04-05 13:57:12','2024-04-05 16:57:12'),(776,'43561','0','RMQ-5515','https://via.placeholder.com/640x480.png/00ff66?text=cars+nihil','10',3,'2024-04-05 13:57:12','2024-04-05 16:57:12'),(777,'11073','0','XDM-1529','https://via.placeholder.com/640x480.png/0077cc?text=cars+saepe','10',4,'2024-04-05 13:57:12','2024-04-05 16:57:12'),(778,'42406','0','SOI-6229','https://via.placeholder.com/640x480.png/000066?text=cars+perspiciatis','10',1,'2024-04-05 13:57:12','2024-04-05 16:57:12'),(779,'25705','0','JMN-3386','https://via.placeholder.com/640x480.png/0022aa?text=cars+velit','10',2,'2024-04-05 13:57:12','2024-04-05 16:57:12'),(780,'34610','0','DGE-9258','https://via.placeholder.com/640x480.png/0066aa?text=cars+corporis','10',5,'2024-04-05 13:57:12','2024-04-05 16:57:12'),(781,'20144','0','BYJ-6460','https://via.placeholder.com/640x480.png/007755?text=cars+qui','10',1,'2024-04-05 13:57:12','2024-04-05 16:57:12'),(782,'36614','0','KQU-9189','https://via.placeholder.com/640x480.png/0000cc?text=cars+perferendis','10',1,'2024-04-05 13:57:12','2024-04-05 16:57:12'),(783,'10886','0','MFP-3629','https://via.placeholder.com/640x480.png/00ee77?text=cars+dolores','10',5,'2024-04-05 13:57:12','2024-04-05 16:57:12'),(784,'11652','0','FYT-5770','https://via.placeholder.com/640x480.png/00ddee?text=cars+suscipit','10',4,'2024-04-05 13:57:12','2024-04-05 16:57:12'),(785,'16962','0','JUP-9234','https://via.placeholder.com/640x480.png/0000ee?text=cars+nisi','10',2,'2024-04-05 13:57:12','2024-04-05 16:57:12'),(786,'38129','0','TXA-8663','https://via.placeholder.com/640x480.png/00aa44?text=cars+enim','10',3,'2024-04-05 13:57:12','2024-04-05 16:57:12'),(787,'18920','0','TWN-5331','https://via.placeholder.com/640x480.png/0011aa?text=cars+minima','10',1,'2024-04-05 13:57:12','2024-04-05 16:57:12'),(788,'20102','0','DWZ-6640','https://via.placeholder.com/640x480.png/00dd99?text=cars+commodi','10',1,'2024-04-05 13:57:12','2024-04-05 16:57:12'),(789,'10597','0','QCS-8847','https://via.placeholder.com/640x480.png/00aa55?text=cars+exercitationem','10',6,'2024-04-05 13:57:12','2024-04-05 16:57:12'),(790,'26881','0','EPE-8505','https://via.placeholder.com/640x480.png/00cc33?text=cars+at','10',3,'2024-04-05 13:57:12','2024-04-05 16:57:12'),(791,'15154','0','YHF-7825','https://via.placeholder.com/640x480.png/00ee77?text=cars+dolore','10',5,'2024-04-05 13:57:17','2024-04-05 16:57:17'),(792,'44279','0','QFW-2317','https://via.placeholder.com/640x480.png/006688?text=cars+at','10',5,'2024-04-05 13:57:17','2024-04-05 16:57:17'),(793,'49897','0','SKF-7667','https://via.placeholder.com/640x480.png/008822?text=cars+esse','10',1,'2024-04-05 13:57:17','2024-04-05 16:57:17'),(794,'46813','0','EHI-8513','https://via.placeholder.com/640x480.png/0000ee?text=cars+sit','10',4,'2024-04-05 13:57:17','2024-04-05 16:57:17'),(795,'45751','0','JUV-1177','https://via.placeholder.com/640x480.png/00ffdd?text=cars+et','10',4,'2024-04-05 13:57:17','2024-04-05 16:57:17'),(796,'17803','0','ROY-7695','https://via.placeholder.com/640x480.png/001111?text=cars+alias','10',3,'2024-04-05 13:57:17','2024-04-05 16:57:17'),(797,'27334','0','THO-3060','https://via.placeholder.com/640x480.png/00bb77?text=cars+pariatur','10',2,'2024-04-05 13:57:17','2024-04-05 16:57:17'),(798,'44591','0','DKR-0516','https://via.placeholder.com/640x480.png/0044ff?text=cars+maxime','10',6,'2024-04-05 13:57:17','2024-04-05 16:57:17'),(799,'44168','0','OGK-5622','https://via.placeholder.com/640x480.png/00ffbb?text=cars+modi','10',4,'2024-04-05 13:57:17','2024-04-05 16:57:17'),(800,'32933','0','KSZ-5797','https://via.placeholder.com/640x480.png/00eeaa?text=cars+voluptatem','10',6,'2024-04-05 13:57:17','2024-04-05 16:57:17'),(801,'25342','0','UOJ-9721','https://via.placeholder.com/640x480.png/00bbaa?text=cars+voluptatem','10',6,'2024-04-05 13:57:17','2024-04-05 16:57:17'),(802,'22759','0','NLW-6664','https://via.placeholder.com/640x480.png/0000bb?text=cars+nisi','10',6,'2024-04-05 13:57:17','2024-04-05 16:57:17'),(803,'42894','0','AHG-6162','https://via.placeholder.com/640x480.png/00aaaa?text=cars+voluptas','10',4,'2024-04-05 13:57:17','2024-04-05 16:57:17'),(804,'11116','0','DMD-2981','https://via.placeholder.com/640x480.png/00cc66?text=cars+animi','10',4,'2024-04-05 13:57:17','2024-04-05 16:57:17'),(805,'13553','0','HJT-9922','https://via.placeholder.com/640x480.png/0011dd?text=cars+et','10',1,'2024-04-05 13:57:17','2024-04-05 16:57:17'),(806,'16979','0','VZT-2062','https://via.placeholder.com/640x480.png/001122?text=cars+minima','10',5,'2024-04-05 13:57:17','2024-04-05 16:57:17'),(807,'21879','0','JLG-8614','https://via.placeholder.com/640x480.png/007722?text=cars+nobis','10',5,'2024-04-05 13:57:17','2024-04-05 16:57:17'),(808,'33840','0','JMC-9173','https://via.placeholder.com/640x480.png/00bbbb?text=cars+nemo','10',2,'2024-04-05 13:57:17','2024-04-05 16:57:17'),(809,'43100','0','PTY-6055','https://via.placeholder.com/640x480.png/00ccdd?text=cars+sed','10',3,'2024-04-05 13:57:17','2024-04-05 16:57:17'),(810,'36587','0','PCT-1587','https://via.placeholder.com/640x480.png/0055aa?text=cars+aut','10',2,'2024-04-05 13:57:17','2024-04-05 16:57:17'),(811,'43819','0','GPY-4346','https://via.placeholder.com/640x480.png/00bbcc?text=cars+occaecati','10',4,'2024-04-05 13:57:17','2024-04-05 16:57:17'),(812,'13639','0','XWS-2314','https://via.placeholder.com/640x480.png/00ddff?text=cars+officiis','10',2,'2024-04-05 13:57:17','2024-04-05 16:57:17'),(813,'45136','0','KXE-4826','https://via.placeholder.com/640x480.png/005511?text=cars+deleniti','10',5,'2024-04-05 13:57:17','2024-04-05 16:57:17'),(814,'18151','0','UPK-6301','https://via.placeholder.com/640x480.png/002277?text=cars+quis','10',6,'2024-04-05 13:57:17','2024-04-05 16:57:17'),(815,'34963','0','CJI-4045','https://via.placeholder.com/640x480.png/006611?text=cars+aperiam','10',4,'2024-04-05 13:57:17','2024-04-05 16:57:17'),(816,'24971','0','TAU-4722','https://via.placeholder.com/640x480.png/009922?text=cars+qui','10',2,'2024-04-05 13:57:17','2024-04-05 16:57:17'),(817,'19756','0','FLI-8981','https://via.placeholder.com/640x480.png/00aa99?text=cars+illo','10',2,'2024-04-05 13:57:17','2024-04-05 16:57:17'),(818,'45114','0','UTQ-8362','https://via.placeholder.com/640x480.png/00bbff?text=cars+placeat','10',5,'2024-04-05 13:57:17','2024-04-05 16:57:17'),(819,'25994','0','CVV-3812','https://via.placeholder.com/640x480.png/0000cc?text=cars+molestiae','10',6,'2024-04-05 13:57:17','2024-04-05 16:57:17'),(820,'19059','0','LES-1921','https://via.placeholder.com/640x480.png/005511?text=cars+quos','10',2,'2024-04-05 13:57:17','2024-04-05 16:57:17'),(821,'46305','0','OGI-4265','https://via.placeholder.com/640x480.png/008800?text=cars+sed','10',4,'2024-04-05 13:57:17','2024-04-05 16:57:17'),(822,'44397','0','EXL-1027','https://via.placeholder.com/640x480.png/004411?text=cars+cum','10',2,'2024-04-05 13:57:17','2024-04-05 16:57:17'),(823,'40704','0','YZN-9177','https://via.placeholder.com/640x480.png/00eedd?text=cars+nobis','10',2,'2024-04-05 13:57:17','2024-04-05 16:57:17'),(824,'10257','0','JMJ-7929','https://via.placeholder.com/640x480.png/00eeff?text=cars+temporibus','10',1,'2024-04-05 13:57:17','2024-04-05 16:57:17'),(825,'24954','0','OZX-1288','https://via.placeholder.com/640x480.png/00eeee?text=cars+laborum','10',1,'2024-04-05 13:57:17','2024-04-05 16:57:17'),(826,'19731','0','CQO-4296','https://via.placeholder.com/640x480.png/00ffaa?text=cars+est','10',6,'2024-04-05 13:57:17','2024-04-05 16:57:17'),(827,'21899','0','UID-6524','https://via.placeholder.com/640x480.png/006644?text=cars+libero','10',6,'2024-04-05 13:57:17','2024-04-05 16:57:17'),(828,'39164','0','HMI-1691','https://via.placeholder.com/640x480.png/0088aa?text=cars+nihil','10',6,'2024-04-05 13:57:17','2024-04-05 16:57:17'),(829,'22391','0','IIE-9633','https://via.placeholder.com/640x480.png/00bb66?text=cars+odio','10',5,'2024-04-05 13:57:17','2024-04-05 16:57:17'),(830,'19813','0','UFK-0919','https://via.placeholder.com/640x480.png/0044ee?text=cars+sunt','10',4,'2024-04-05 13:57:17','2024-04-05 16:57:17'),(831,'10148','0','PDD-3411','https://via.placeholder.com/640x480.png/007788?text=cars+ipsum','10',3,'2024-04-05 13:57:17','2024-04-05 16:57:17'),(832,'49590','0','JIO-3340','https://via.placeholder.com/640x480.png/0099ff?text=cars+dicta','10',1,'2024-04-05 13:57:17','2024-04-05 16:57:17'),(833,'39502','0','SJT-3782','https://via.placeholder.com/640x480.png/003344?text=cars+molestias','10',5,'2024-04-05 13:57:17','2024-04-05 16:57:17'),(834,'15281','0','KLP-8476','https://via.placeholder.com/640x480.png/00aadd?text=cars+sunt','10',4,'2024-04-05 13:57:17','2024-04-05 16:57:17'),(835,'31673','0','LYX-0141','https://via.placeholder.com/640x480.png/00bb44?text=cars+nihil','10',2,'2024-04-05 13:57:17','2024-04-05 16:57:17'),(836,'21981','0','FDO-3064','https://via.placeholder.com/640x480.png/00aa66?text=cars+modi','10',1,'2024-04-05 13:57:17','2024-04-05 16:57:17'),(837,'22228','0','FLW-3132','https://via.placeholder.com/640x480.png/000099?text=cars+non','10',1,'2024-04-05 13:57:17','2024-04-05 16:57:17'),(838,'14412','0','XWY-6926','https://via.placeholder.com/640x480.png/00dddd?text=cars+blanditiis','10',5,'2024-04-05 13:57:17','2024-04-05 16:57:17'),(839,'21086','0','LGG-4556','https://via.placeholder.com/640x480.png/009922?text=cars+sint','10',1,'2024-04-05 13:57:17','2024-04-05 16:57:17'),(840,'19163','0','IWF-5057','https://via.placeholder.com/640x480.png/00ff99?text=cars+reiciendis','10',2,'2024-04-05 13:57:17','2024-04-05 16:57:17'),(841,'45411','0','HJS-0757','https://via.placeholder.com/640x480.png/003344?text=cars+nisi','10',2,'2024-04-05 13:57:17','2024-04-05 16:57:17'),(842,'32897','0','ZCE-1103','https://via.placeholder.com/640x480.png/003399?text=cars+libero','10',2,'2024-04-05 13:57:17','2024-04-05 16:57:17'),(843,'38001','0','DRG-6872','https://via.placeholder.com/640x480.png/008877?text=cars+error','10',2,'2024-04-05 13:57:17','2024-04-05 16:57:17'),(844,'36830','0','FGU-5618','https://via.placeholder.com/640x480.png/00ddee?text=cars+possimus','10',5,'2024-04-05 13:57:17','2024-04-05 16:57:17'),(845,'11342','0','QUA-0771','https://via.placeholder.com/640x480.png/00eedd?text=cars+culpa','10',1,'2024-04-05 13:57:17','2024-04-05 16:57:17'),(846,'41777','0','ZWY-7164','https://via.placeholder.com/640x480.png/006600?text=cars+cupiditate','10',1,'2024-04-05 13:57:17','2024-04-05 16:57:17'),(847,'21619','0','MLM-2473','https://via.placeholder.com/640x480.png/002266?text=cars+sit','10',2,'2024-04-05 13:57:17','2024-04-05 16:57:17'),(848,'24404','0','KPJ-2248','https://via.placeholder.com/640x480.png/00eeff?text=cars+sed','10',4,'2024-04-05 13:57:17','2024-04-05 16:57:17'),(849,'36326','0','YIF-9662','https://via.placeholder.com/640x480.png/0066cc?text=cars+exercitationem','10',3,'2024-04-05 13:57:17','2024-04-05 16:57:17'),(850,'10502','0','DLM-3772','https://via.placeholder.com/640x480.png/0022aa?text=cars+ea','10',1,'2024-04-05 13:57:17','2024-04-05 16:57:17'),(851,'12683','0','OOE-2981','https://via.placeholder.com/640x480.png/002200?text=cars+similique','10',3,'2024-04-05 13:57:17','2024-04-05 16:57:17'),(852,'31437','0','DHT-5635','https://via.placeholder.com/640x480.png/006699?text=cars+ut','10',6,'2024-04-05 13:57:17','2024-04-05 16:57:17'),(853,'12356','0','PGA-7947','https://via.placeholder.com/640x480.png/006699?text=cars+facere','10',3,'2024-04-05 13:57:17','2024-04-05 16:57:17'),(854,'41302','0','ACI-8751','https://via.placeholder.com/640x480.png/002211?text=cars+corrupti','10',4,'2024-04-05 13:57:17','2024-04-05 16:57:17'),(855,'12751','0','VDA-7083','https://via.placeholder.com/640x480.png/00dd33?text=cars+id','10',6,'2024-04-05 13:57:17','2024-04-05 16:57:17'),(856,'46049','0','VZI-5531','https://via.placeholder.com/640x480.png/00bb99?text=cars+amet','10',5,'2024-04-05 13:57:17','2024-04-05 16:57:17'),(857,'13926','0','SZS-8899','https://via.placeholder.com/640x480.png/008899?text=cars+esse','10',3,'2024-04-05 13:57:17','2024-04-05 16:57:17'),(858,'26592','0','TBK-4240','https://via.placeholder.com/640x480.png/00ddcc?text=cars+quo','10',5,'2024-04-05 13:57:17','2024-04-05 16:57:17'),(859,'45759','0','GYT-2607','https://via.placeholder.com/640x480.png/00cc66?text=cars+nihil','10',2,'2024-04-05 13:57:17','2024-04-05 16:57:17'),(860,'30030','0','TKE-7134','https://via.placeholder.com/640x480.png/00ee00?text=cars+deleniti','10',5,'2024-04-05 13:57:17','2024-04-05 16:57:17'),(861,'39657','0','FUA-0197','https://via.placeholder.com/640x480.png/002288?text=cars+dolorem','10',3,'2024-04-05 13:57:17','2024-04-05 16:57:17'),(862,'13623','0','HFF-5543','https://via.placeholder.com/640x480.png/004466?text=cars+deleniti','10',2,'2024-04-05 13:57:17','2024-04-05 16:57:17'),(863,'24659','0','ROZ-1434','https://via.placeholder.com/640x480.png/00ddbb?text=cars+et','10',1,'2024-04-05 13:57:17','2024-04-05 16:57:17'),(864,'23649','0','LIF-7106','https://via.placeholder.com/640x480.png/009900?text=cars+assumenda','10',2,'2024-04-05 13:57:17','2024-04-05 16:57:17'),(865,'19457','0','MKM-6219','https://via.placeholder.com/640x480.png/0033bb?text=cars+voluptatibus','10',4,'2024-04-05 13:57:17','2024-04-05 16:57:17'),(866,'47128','0','WKS-3451','https://via.placeholder.com/640x480.png/00ff77?text=cars+et','10',2,'2024-04-05 13:57:17','2024-04-05 16:57:17'),(867,'41887','0','OZF-5136','https://via.placeholder.com/640x480.png/00ee33?text=cars+quasi','10',5,'2024-04-05 13:57:17','2024-04-05 16:57:17'),(868,'39728','0','LPT-4946','https://via.placeholder.com/640x480.png/00bbaa?text=cars+totam','10',6,'2024-04-05 13:57:17','2024-04-05 16:57:17'),(869,'12059','0','HRN-4954','https://via.placeholder.com/640x480.png/001111?text=cars+pariatur','10',6,'2024-04-05 13:57:17','2024-04-05 16:57:17'),(870,'26189','0','LXS-6339','https://via.placeholder.com/640x480.png/00bbee?text=cars+delectus','10',6,'2024-04-05 13:57:17','2024-04-05 16:57:17'),(871,'14004','0','PZE-2908','https://via.placeholder.com/640x480.png/0011aa?text=cars+amet','10',1,'2024-04-05 13:57:17','2024-04-05 16:57:17'),(872,'32790','0','LSQ-1584','https://via.placeholder.com/640x480.png/0099aa?text=cars+dicta','10',4,'2024-04-05 13:57:17','2024-04-05 16:57:17'),(873,'25106','0','CEQ-0581','https://via.placeholder.com/640x480.png/002299?text=cars+id','10',4,'2024-04-05 13:57:17','2024-04-05 16:57:17'),(874,'38075','0','PCP-7091','https://via.placeholder.com/640x480.png/006644?text=cars+consectetur','10',2,'2024-04-05 13:57:17','2024-04-05 16:57:17'),(875,'27836','0','UYV-6934','https://via.placeholder.com/640x480.png/00eedd?text=cars+consectetur','10',5,'2024-04-05 13:57:17','2024-04-05 16:57:17'),(876,'46677','0','ZAG-3485','https://via.placeholder.com/640x480.png/00bb00?text=cars+velit','10',2,'2024-04-05 13:57:17','2024-04-05 16:57:17'),(877,'38669','0','IUF-5528','https://via.placeholder.com/640x480.png/0066dd?text=cars+ad','10',6,'2024-04-05 13:57:17','2024-04-05 16:57:17'),(878,'34308','0','HQU-4418','https://via.placeholder.com/640x480.png/004477?text=cars+in','10',2,'2024-04-05 13:57:17','2024-04-05 16:57:17'),(879,'29578','0','CGV-6735','https://via.placeholder.com/640x480.png/006666?text=cars+iure','10',4,'2024-04-05 13:57:17','2024-04-05 16:57:17'),(880,'21600','0','SBA-2400','https://via.placeholder.com/640x480.png/0044ee?text=cars+sunt','10',4,'2024-04-05 13:57:17','2024-04-05 16:57:17'),(881,'41315','0','LZB-7934','https://via.placeholder.com/640x480.png/0000cc?text=cars+itaque','10',6,'2024-04-05 13:57:17','2024-04-05 16:57:17'),(882,'35040','0','XLW-8526','https://via.placeholder.com/640x480.png/00bbee?text=cars+occaecati','10',2,'2024-04-05 13:57:17','2024-04-05 16:57:17'),(883,'26590','0','TNF-1494','https://via.placeholder.com/640x480.png/00eeaa?text=cars+voluptatem','10',4,'2024-04-05 13:57:17','2024-04-05 16:57:17'),(884,'13881','0','ZYQ-8354','https://via.placeholder.com/640x480.png/00aaee?text=cars+et','10',4,'2024-04-05 13:57:17','2024-04-05 16:57:17'),(885,'11109','0','JBV-0296','https://via.placeholder.com/640x480.png/000088?text=cars+repellendus','10',2,'2024-04-05 13:57:17','2024-04-05 16:57:17'),(886,'39441','0','ZNL-7468','https://via.placeholder.com/640x480.png/00ee44?text=cars+deserunt','10',5,'2024-04-05 13:57:17','2024-04-05 16:57:17'),(887,'16388','0','QQG-9618','https://via.placeholder.com/640x480.png/007799?text=cars+vel','10',1,'2024-04-05 13:57:17','2024-04-05 16:57:17'),(888,'40347','0','HLS-8117','https://via.placeholder.com/640x480.png/004433?text=cars+molestiae','10',4,'2024-04-05 13:57:17','2024-04-05 16:57:17'),(889,'39892','0','ZVX-5423','https://via.placeholder.com/640x480.png/0011aa?text=cars+molestiae','10',2,'2024-04-05 13:57:17','2024-04-05 16:57:17'),(890,'42387','0','NUH-3979','https://via.placeholder.com/640x480.png/00ddee?text=cars+praesentium','10',4,'2024-04-05 13:57:17','2024-04-05 16:57:17'),(891,'20600','0','HEX-3281','https://via.placeholder.com/640x480.png/0055aa?text=cars+sed','10',2,'2024-04-05 14:06:48','2024-04-05 17:06:48'),(892,'46792','0','GLZ-4542','https://via.placeholder.com/640x480.png/00aaaa?text=cars+quis','10',5,'2024-04-05 14:06:48','2024-04-05 17:06:48'),(893,'45843','0','YVW-9871','https://via.placeholder.com/640x480.png/006622?text=cars+delectus','10',1,'2024-04-05 14:06:48','2024-04-05 17:06:48'),(894,'42868','0','XEB-9075','https://via.placeholder.com/640x480.png/0099dd?text=cars+voluptatibus','10',6,'2024-04-05 14:06:48','2024-04-05 17:06:48'),(895,'43498','0','SRK-0426','https://via.placeholder.com/640x480.png/0088cc?text=cars+impedit','10',4,'2024-04-05 14:06:48','2024-04-05 17:06:48'),(896,'14931','0','SMX-3183','https://via.placeholder.com/640x480.png/00aa66?text=cars+tenetur','10',3,'2024-04-05 14:06:48','2024-04-05 17:06:48'),(897,'35134','0','DOQ-2294','https://via.placeholder.com/640x480.png/000066?text=cars+voluptatem','10',2,'2024-04-05 14:06:48','2024-04-05 17:06:48'),(898,'13668','0','LMB-6979','https://via.placeholder.com/640x480.png/00dd66?text=cars+qui','10',3,'2024-04-05 14:06:48','2024-04-05 17:06:48'),(899,'45878','0','VZP-8447','https://via.placeholder.com/640x480.png/00ff77?text=cars+quo','10',5,'2024-04-05 14:06:48','2024-04-05 17:06:48'),(900,'16527','0','QET-7924','https://via.placeholder.com/640x480.png/002255?text=cars+provident','10',6,'2024-04-05 14:06:48','2024-04-05 17:06:48'),(901,'11933','0','KSO-0456','https://via.placeholder.com/640x480.png/005544?text=cars+rem','10',5,'2024-04-05 14:06:48','2024-04-05 17:06:48'),(902,'19878','0','RJS-6494','https://via.placeholder.com/640x480.png/0077aa?text=cars+voluptas','10',6,'2024-04-05 14:06:48','2024-04-05 17:06:48'),(903,'31736','0','KKH-5097','https://via.placeholder.com/640x480.png/0066ff?text=cars+natus','10',3,'2024-04-05 14:06:48','2024-04-05 17:06:48'),(904,'46201','0','TBD-4640','https://via.placeholder.com/640x480.png/00ff66?text=cars+omnis','10',3,'2024-04-05 14:06:48','2024-04-05 17:06:48'),(905,'28578','0','OUU-9176','https://via.placeholder.com/640x480.png/0099aa?text=cars+et','10',4,'2024-04-05 14:06:48','2024-04-05 17:06:48'),(906,'24996','0','CHH-3475','https://via.placeholder.com/640x480.png/0011ff?text=cars+voluptate','10',6,'2024-04-05 14:06:48','2024-04-05 17:06:48'),(907,'14808','0','HQI-5517','https://via.placeholder.com/640x480.png/00cc66?text=cars+harum','10',5,'2024-04-05 14:06:48','2024-04-05 17:06:48'),(908,'27116','0','KIV-8653','https://via.placeholder.com/640x480.png/001133?text=cars+saepe','10',6,'2024-04-05 14:06:48','2024-04-05 17:06:48'),(909,'48317','0','OVM-7207','https://via.placeholder.com/640x480.png/00bb88?text=cars+eligendi','10',1,'2024-04-05 14:06:48','2024-04-05 17:06:48'),(910,'46802','0','JGU-2793','https://via.placeholder.com/640x480.png/008811?text=cars+velit','10',3,'2024-04-05 14:06:48','2024-04-05 17:06:48'),(911,'23311','0','PZD-2221','https://via.placeholder.com/640x480.png/001177?text=cars+excepturi','10',4,'2024-04-05 14:06:48','2024-04-05 17:06:48'),(912,'41023','0','ZVF-2712','https://via.placeholder.com/640x480.png/00dddd?text=cars+velit','10',4,'2024-04-05 14:06:48','2024-04-05 17:06:48'),(913,'34010','0','OFN-6006','https://via.placeholder.com/640x480.png/003333?text=cars+pariatur','10',6,'2024-04-05 14:06:48','2024-04-05 17:06:48'),(914,'46226','0','OQN-0260','https://via.placeholder.com/640x480.png/0055bb?text=cars+et','10',3,'2024-04-05 14:06:48','2024-04-05 17:06:48'),(915,'40227','0','VYN-4969','https://via.placeholder.com/640x480.png/0077ee?text=cars+ut','10',5,'2024-04-05 14:06:48','2024-04-05 17:06:48'),(916,'27678','0','TBV-8661','https://via.placeholder.com/640x480.png/004455?text=cars+optio','10',4,'2024-04-05 14:06:48','2024-04-05 17:06:48'),(917,'11662','0','ODT-7086','https://via.placeholder.com/640x480.png/0000ff?text=cars+amet','10',2,'2024-04-05 14:06:48','2024-04-05 17:06:48'),(918,'45383','0','VMQ-1231','https://via.placeholder.com/640x480.png/008833?text=cars+asperiores','10',3,'2024-04-05 14:06:48','2024-04-05 17:06:48'),(919,'46572','0','PAP-5547','https://via.placeholder.com/640x480.png/0088dd?text=cars+quas','10',6,'2024-04-05 14:06:48','2024-04-05 17:06:48'),(920,'40286','0','JJR-7684','https://via.placeholder.com/640x480.png/00ee00?text=cars+dolorem','10',1,'2024-04-05 14:06:48','2024-04-05 17:06:48'),(921,'16910','0','ZVG-7889','https://via.placeholder.com/640x480.png/001155?text=cars+est','10',1,'2024-04-05 14:06:48','2024-04-05 17:06:48'),(922,'19688','0','HZI-9815','https://via.placeholder.com/640x480.png/00cc55?text=cars+sunt','10',2,'2024-04-05 14:06:48','2024-04-05 17:06:48'),(923,'16962','0','LNG-0603','https://via.placeholder.com/640x480.png/003322?text=cars+dolorem','10',3,'2024-04-05 14:06:48','2024-04-05 17:06:48'),(924,'10558','0','CXW-8132','https://via.placeholder.com/640x480.png/0066aa?text=cars+temporibus','10',4,'2024-04-05 14:06:48','2024-04-05 17:06:48'),(925,'43143','0','MNE-5037','https://via.placeholder.com/640x480.png/00ff33?text=cars+sint','10',5,'2024-04-05 14:06:48','2024-04-05 17:06:48'),(926,'37493','0','JFX-7332','https://via.placeholder.com/640x480.png/00ddbb?text=cars+perspiciatis','10',6,'2024-04-05 14:06:48','2024-04-05 17:06:48'),(927,'22121','0','RVN-9668','https://via.placeholder.com/640x480.png/00ee11?text=cars+earum','10',4,'2024-04-05 14:06:48','2024-04-05 17:06:48'),(928,'36583','0','FHB-9452','https://via.placeholder.com/640x480.png/008877?text=cars+vel','10',5,'2024-04-05 14:06:48','2024-04-05 17:06:48'),(929,'24879','0','SGI-7073','https://via.placeholder.com/640x480.png/0099dd?text=cars+et','10',6,'2024-04-05 14:06:48','2024-04-05 17:06:48'),(930,'19331','0','UYF-4864','https://via.placeholder.com/640x480.png/00aadd?text=cars+sed','10',4,'2024-04-05 14:06:48','2024-04-05 17:06:48'),(931,'35474','0','HKF-6607','https://via.placeholder.com/640x480.png/001111?text=cars+sunt','10',4,'2024-04-05 14:06:48','2024-04-05 17:06:48'),(932,'28988','0','JJV-6166','https://via.placeholder.com/640x480.png/001188?text=cars+cum','10',3,'2024-04-05 14:06:48','2024-04-05 17:06:48'),(933,'17771','0','GYU-5736','https://via.placeholder.com/640x480.png/00ffcc?text=cars+praesentium','10',1,'2024-04-05 14:06:48','2024-04-05 17:06:48'),(934,'26572','0','JLT-9895','https://via.placeholder.com/640x480.png/008800?text=cars+illo','10',4,'2024-04-05 14:06:48','2024-04-05 17:06:48'),(935,'31303','0','BRS-4720','https://via.placeholder.com/640x480.png/00bb00?text=cars+voluptatem','10',6,'2024-04-05 14:06:48','2024-04-05 17:06:48'),(936,'32127','0','VDE-1579','https://via.placeholder.com/640x480.png/006677?text=cars+sit','10',1,'2024-04-05 14:06:48','2024-04-05 17:06:48'),(937,'15780','0','DAZ-3247','https://via.placeholder.com/640x480.png/00aadd?text=cars+iusto','10',5,'2024-04-05 14:06:48','2024-04-05 17:06:48'),(938,'46306','0','HJI-9261','https://via.placeholder.com/640x480.png/00ccaa?text=cars+qui','10',4,'2024-04-05 14:06:48','2024-04-05 17:06:48'),(939,'32274','0','NVV-7479','https://via.placeholder.com/640x480.png/002222?text=cars+cumque','10',6,'2024-04-05 14:06:48','2024-04-05 17:06:48'),(940,'29609','0','NQL-6889','https://via.placeholder.com/640x480.png/00bb88?text=cars+consequatur','10',4,'2024-04-05 14:06:48','2024-04-05 17:06:48'),(941,'26611','0','YHU-1565','https://via.placeholder.com/640x480.png/00aacc?text=cars+perferendis','10',6,'2024-04-05 14:06:48','2024-04-05 17:06:48'),(942,'49107','0','OSG-2504','https://via.placeholder.com/640x480.png/00bb00?text=cars+natus','10',1,'2024-04-05 14:06:48','2024-04-05 17:06:48'),(943,'21016','0','MEA-6654','https://via.placeholder.com/640x480.png/00cc66?text=cars+esse','10',5,'2024-04-05 14:06:48','2024-04-05 17:06:48'),(944,'18879','0','KIB-2497','https://via.placeholder.com/640x480.png/007766?text=cars+ea','10',3,'2024-04-05 14:06:48','2024-04-05 17:06:48'),(945,'18698','0','RUA-1354','https://via.placeholder.com/640x480.png/00aaaa?text=cars+doloribus','10',6,'2024-04-05 14:06:48','2024-04-05 17:06:48'),(946,'20249','0','EDW-5200','https://via.placeholder.com/640x480.png/0022cc?text=cars+et','10',6,'2024-04-05 14:06:48','2024-04-05 17:06:48'),(947,'21317','0','UDT-7968','https://via.placeholder.com/640x480.png/00bb33?text=cars+ab','10',3,'2024-04-05 14:06:48','2024-04-05 17:06:48'),(948,'32936','0','GIX-6281','https://via.placeholder.com/640x480.png/0099cc?text=cars+deleniti','10',3,'2024-04-05 14:06:48','2024-04-05 17:06:48'),(949,'11060','0','VOQ-2118','https://via.placeholder.com/640x480.png/007700?text=cars+maiores','10',3,'2024-04-05 14:06:48','2024-04-05 17:06:48'),(950,'18549','0','SYM-6266','https://via.placeholder.com/640x480.png/0066dd?text=cars+ipsa','10',6,'2024-04-05 14:06:48','2024-04-05 17:06:48'),(951,'33777','0','OTI-9381','https://via.placeholder.com/640x480.png/0000ee?text=cars+possimus','10',6,'2024-04-05 14:06:48','2024-04-05 17:06:48'),(952,'23650','0','TTI-3244','https://via.placeholder.com/640x480.png/00cc77?text=cars+nesciunt','10',6,'2024-04-05 14:06:48','2024-04-05 17:06:48'),(953,'24987','0','WCM-6369','https://via.placeholder.com/640x480.png/00ddbb?text=cars+voluptas','10',4,'2024-04-05 14:06:48','2024-04-05 17:06:48'),(954,'33037','0','KQW-8838','https://via.placeholder.com/640x480.png/000022?text=cars+provident','10',1,'2024-04-05 14:06:48','2024-04-05 17:06:48'),(955,'20554','0','HCJ-7142','https://via.placeholder.com/640x480.png/0022bb?text=cars+dolorum','10',3,'2024-04-05 14:06:48','2024-04-05 17:06:48'),(956,'46772','0','XCU-5615','https://via.placeholder.com/640x480.png/0044bb?text=cars+et','10',1,'2024-04-05 14:06:48','2024-04-05 17:06:48'),(957,'33315','0','JDL-7260','https://via.placeholder.com/640x480.png/0022ff?text=cars+sint','10',6,'2024-04-05 14:06:48','2024-04-05 17:06:48'),(958,'28910','0','ZTW-6485','https://via.placeholder.com/640x480.png/002299?text=cars+commodi','10',6,'2024-04-05 14:06:48','2024-04-05 17:06:48'),(959,'26147','0','BPN-6175','https://via.placeholder.com/640x480.png/005599?text=cars+libero','10',2,'2024-04-05 14:06:48','2024-04-05 17:06:48'),(960,'44069','0','XME-0497','https://via.placeholder.com/640x480.png/00bb44?text=cars+doloremque','10',5,'2024-04-05 14:06:48','2024-04-05 17:06:48'),(961,'40088','0','RRK-7752','https://via.placeholder.com/640x480.png/007744?text=cars+consectetur','10',5,'2024-04-05 14:06:48','2024-04-05 17:06:48'),(962,'28366','0','VHU-1428','https://via.placeholder.com/640x480.png/000077?text=cars+ut','10',1,'2024-04-05 14:06:48','2024-04-05 17:06:48'),(963,'23609','0','TXK-2712','https://via.placeholder.com/640x480.png/00dd99?text=cars+quaerat','10',5,'2024-04-05 14:06:48','2024-04-05 17:06:48'),(964,'32228','0','GNZ-3285','https://via.placeholder.com/640x480.png/00bb99?text=cars+odit','10',1,'2024-04-05 14:06:48','2024-04-05 17:06:48'),(965,'12020','0','AKE-7215','https://via.placeholder.com/640x480.png/003344?text=cars+ipsum','10',2,'2024-04-05 14:06:48','2024-04-05 17:06:48'),(966,'31173','0','BZI-2006','https://via.placeholder.com/640x480.png/006666?text=cars+voluptate','10',4,'2024-04-05 14:06:48','2024-04-05 17:06:48'),(967,'19055','0','HUR-6698','https://via.placeholder.com/640x480.png/00bb33?text=cars+veniam','10',2,'2024-04-05 14:06:48','2024-04-05 17:06:48'),(968,'31281','0','BFQ-4786','https://via.placeholder.com/640x480.png/004411?text=cars+officia','10',5,'2024-04-05 14:06:48','2024-04-05 17:06:48'),(969,'14341','0','HON-8868','https://via.placeholder.com/640x480.png/00dd00?text=cars+aut','10',4,'2024-04-05 14:06:48','2024-04-05 17:06:48'),(970,'36084','0','LEM-9099','https://via.placeholder.com/640x480.png/00cc44?text=cars+explicabo','10',3,'2024-04-05 14:06:48','2024-04-05 17:06:48'),(971,'10876','0','JVB-8085','https://via.placeholder.com/640x480.png/00ee22?text=cars+est','10',5,'2024-04-05 14:06:48','2024-04-05 17:06:48'),(972,'25126','0','KYY-2449','https://via.placeholder.com/640x480.png/0077ee?text=cars+sed','10',5,'2024-04-05 14:06:48','2024-04-05 17:06:48'),(973,'44395','0','GNH-1315','https://via.placeholder.com/640x480.png/0044aa?text=cars+ad','10',5,'2024-04-05 14:06:48','2024-04-05 17:06:48'),(974,'36831','0','HYA-4552','https://via.placeholder.com/640x480.png/009999?text=cars+voluptas','10',5,'2024-04-05 14:06:48','2024-04-05 17:06:48'),(975,'18406','0','GWW-1857','https://via.placeholder.com/640x480.png/00dd88?text=cars+sit','10',6,'2024-04-05 14:06:48','2024-04-05 17:06:48'),(976,'26888','0','MKQ-3713','https://via.placeholder.com/640x480.png/001166?text=cars+rerum','10',4,'2024-04-05 14:06:48','2024-04-05 17:06:48'),(977,'37216','0','YKJ-1445','https://via.placeholder.com/640x480.png/004499?text=cars+iusto','10',3,'2024-04-05 14:06:48','2024-04-05 17:06:48'),(978,'26986','0','HRF-7232','https://via.placeholder.com/640x480.png/00dd00?text=cars+officiis','10',3,'2024-04-05 14:06:48','2024-04-05 17:06:48'),(979,'43490','0','VSR-2605','https://via.placeholder.com/640x480.png/0044dd?text=cars+non','10',6,'2024-04-05 14:06:48','2024-04-05 17:06:48'),(980,'34648','0','SAJ-5336','https://via.placeholder.com/640x480.png/00aa00?text=cars+vel','10',4,'2024-04-05 14:06:48','2024-04-05 17:06:48'),(981,'27042','0','YRR-2942','https://via.placeholder.com/640x480.png/0022ee?text=cars+et','10',1,'2024-04-05 14:06:48','2024-04-05 17:06:48'),(982,'49104','0','ISE-4369','https://via.placeholder.com/640x480.png/00ff44?text=cars+sapiente','10',5,'2024-04-05 14:06:48','2024-04-05 17:06:48'),(983,'31584','0','HLZ-4879','https://via.placeholder.com/640x480.png/005500?text=cars+vel','10',6,'2024-04-05 14:06:48','2024-04-05 17:06:48'),(984,'10671','0','ARU-1945','https://via.placeholder.com/640x480.png/007799?text=cars+commodi','10',1,'2024-04-05 14:06:48','2024-04-05 17:06:48'),(985,'21779','0','ZZU-7443','https://via.placeholder.com/640x480.png/005511?text=cars+voluptatem','10',3,'2024-04-05 14:06:48','2024-04-05 17:06:48'),(986,'16569','0','UKG-0365','https://via.placeholder.com/640x480.png/006633?text=cars+cum','10',4,'2024-04-05 14:06:48','2024-04-05 17:06:48'),(987,'11468','0','ZUZ-4449','https://via.placeholder.com/640x480.png/005533?text=cars+placeat','10',1,'2024-04-05 14:06:48','2024-04-05 17:06:48'),(988,'43332','0','MAB-1511','https://via.placeholder.com/640x480.png/001100?text=cars+ut','10',2,'2024-04-05 14:06:48','2024-04-05 17:06:48'),(989,'41430','0','DAW-9008','https://via.placeholder.com/640x480.png/008822?text=cars+omnis','10',4,'2024-04-05 14:06:48','2024-04-05 17:06:48'),(990,'47341','0','OKN-5192','https://via.placeholder.com/640x480.png/00ee99?text=cars+delectus','10',6,'2024-04-05 14:06:48','2024-04-05 17:06:48'),(991,'16495','0','NEK-7727','https://via.placeholder.com/640x480.png/00ffbb?text=cars+et','10',1,'2024-04-05 14:06:48','2024-04-05 17:06:48'),(992,'32400','0','RWQ-3428','https://via.placeholder.com/640x480.png/000099?text=cars+at','10',3,'2024-04-05 14:06:48','2024-04-05 17:06:48'),(993,'30922','0','FST-5899','https://via.placeholder.com/640x480.png/00bb11?text=cars+est','10',6,'2024-04-05 14:06:48','2024-04-05 17:06:48'),(994,'39372','0','VPW-1909','https://via.placeholder.com/640x480.png/00cc88?text=cars+aliquid','10',3,'2024-04-05 14:06:48','2024-04-05 17:06:48'),(995,'44071','0','NEC-0283','https://via.placeholder.com/640x480.png/00ff77?text=cars+qui','10',3,'2024-04-05 14:06:48','2024-04-05 17:06:48'),(996,'39641','0','SIS-4160','https://via.placeholder.com/640x480.png/00ddcc?text=cars+et','10',1,'2024-04-05 14:06:48','2024-04-05 17:06:48'),(997,'14365','0','DZY-3692','https://via.placeholder.com/640x480.png/000000?text=cars+atque','10',3,'2024-04-05 14:06:48','2024-04-05 17:06:48'),(998,'22688','0','NHZ-2255','https://via.placeholder.com/640x480.png/00ff55?text=cars+enim','10',3,'2024-04-05 14:06:48','2024-04-05 17:06:48'),(999,'20247','0','SXN-3142','https://via.placeholder.com/640x480.png/005599?text=cars+optio','10',4,'2024-04-05 14:06:48','2024-04-05 17:06:48'),(1000,'17663','0','SYQ-1086','https://via.placeholder.com/640x480.png/001199?text=cars+similique','10',2,'2024-04-05 14:06:48','2024-04-05 17:06:48'),(1001,'21634','0','GFQ-7835','https://via.placeholder.com/640x480.png/0055cc?text=cars+in','10',5,'2024-04-05 14:06:48','2024-04-05 17:06:48'),(1002,'21401','0','NKA-9161','https://via.placeholder.com/640x480.png/008899?text=cars+ut','10',2,'2024-04-05 14:06:48','2024-04-05 17:06:48'),(1003,'19950','0','AXK-0417','https://via.placeholder.com/640x480.png/0055ff?text=cars+quaerat','10',6,'2024-04-05 14:06:48','2024-04-05 17:06:48'),(1004,'20712','0','DYL-1592','https://via.placeholder.com/640x480.png/00ee00?text=cars+eaque','10',1,'2024-04-05 14:06:48','2024-04-05 17:06:48'),(1005,'41310','0','DNX-1665','https://via.placeholder.com/640x480.png/00bbcc?text=cars+voluptatem','10',2,'2024-04-05 14:06:48','2024-04-05 17:06:48'),(1006,'40315','0','ADF-0189','https://via.placeholder.com/640x480.png/004466?text=cars+quis','10',2,'2024-04-05 14:06:48','2024-04-05 17:06:48'),(1007,'25211','0','XJC-4462','https://via.placeholder.com/640x480.png/0099cc?text=cars+atque','10',1,'2024-04-05 14:06:48','2024-04-05 17:06:48'),(1008,'35029','0','UFQ-2645','https://via.placeholder.com/640x480.png/008877?text=cars+repellendus','10',5,'2024-04-05 14:06:48','2024-04-05 17:06:48'),(1009,'43177','0','JVJ-8625','https://via.placeholder.com/640x480.png/007799?text=cars+et','10',6,'2024-04-05 14:06:48','2024-04-05 17:06:48'),(1010,'15525','0','ZZV-9863','https://via.placeholder.com/640x480.png/007722?text=cars+maiores','10',6,'2024-04-05 14:06:48','2024-04-05 17:06:48'),(1011,'28248','0','IMS-4376','https://via.placeholder.com/640x480.png/00bbbb?text=cars+quos','10',5,'2024-04-05 14:06:48','2024-04-05 17:06:48'),(1012,'16184','0','NIQ-0467','https://via.placeholder.com/640x480.png/000088?text=cars+qui','10',1,'2024-04-05 14:06:48','2024-04-05 17:06:48'),(1013,'32432','0','TVF-0543','https://via.placeholder.com/640x480.png/00ff66?text=cars+voluptatibus','10',2,'2024-04-05 14:06:48','2024-04-05 17:06:48'),(1014,'25342','0','ESB-8201','https://via.placeholder.com/640x480.png/00cc99?text=cars+velit','10',4,'2024-04-05 14:06:48','2024-04-05 17:06:48'),(1015,'26244','0','GPA-6123','https://via.placeholder.com/640x480.png/0022bb?text=cars+quos','10',2,'2024-04-05 14:06:48','2024-04-05 17:06:48'),(1016,'31790','0','IYU-1701','https://via.placeholder.com/640x480.png/00aa00?text=cars+quae','10',4,'2024-04-05 14:06:48','2024-04-05 17:06:48'),(1017,'37780','0','WRV-1576','https://via.placeholder.com/640x480.png/0022dd?text=cars+non','10',1,'2024-04-05 14:06:48','2024-04-05 17:06:48'),(1018,'38725','0','HHK-2967','https://via.placeholder.com/640x480.png/008844?text=cars+soluta','10',4,'2024-04-05 14:06:48','2024-04-05 17:06:48'),(1019,'20419','0','LVM-9299','https://via.placeholder.com/640x480.png/008855?text=cars+nulla','10',2,'2024-04-05 14:06:48','2024-04-05 17:06:48'),(1020,'45385','0','JTE-5231','https://via.placeholder.com/640x480.png/0066bb?text=cars+occaecati','10',3,'2024-04-05 14:06:48','2024-04-05 17:06:48'),(1021,'41857','0','XIU-4598','https://via.placeholder.com/640x480.png/001199?text=cars+excepturi','10',3,'2024-04-05 14:06:48','2024-04-05 17:06:48'),(1022,'13222','0','ZTV-6878','https://via.placeholder.com/640x480.png/00ffbb?text=cars+et','10',6,'2024-04-05 14:06:48','2024-04-05 17:06:48'),(1023,'19199','0','SAS-4210','https://via.placeholder.com/640x480.png/00cc55?text=cars+in','10',6,'2024-04-05 14:06:48','2024-04-05 17:06:48'),(1024,'14031','0','XHC-2912','https://via.placeholder.com/640x480.png/00aaee?text=cars+quas','10',2,'2024-04-05 14:06:48','2024-04-05 17:06:48'),(1025,'41804','0','OGX-4696','https://via.placeholder.com/640x480.png/005522?text=cars+et','10',1,'2024-04-05 14:06:48','2024-04-05 17:06:48'),(1026,'36381','0','UQH-7112','https://via.placeholder.com/640x480.png/0088aa?text=cars+est','10',5,'2024-04-05 14:06:48','2024-04-05 17:06:48'),(1027,'25384','0','BED-3205','https://via.placeholder.com/640x480.png/004466?text=cars+nihil','10',4,'2024-04-05 14:06:48','2024-04-05 17:06:48'),(1028,'12597','0','VNQ-3487','https://via.placeholder.com/640x480.png/00ddaa?text=cars+natus','10',6,'2024-04-05 14:06:48','2024-04-05 17:06:48'),(1029,'20836','0','ALR-4158','https://via.placeholder.com/640x480.png/0044bb?text=cars+labore','10',1,'2024-04-05 14:06:48','2024-04-05 17:06:48'),(1030,'49563','0','SCN-8354','https://via.placeholder.com/640x480.png/0000cc?text=cars+molestiae','10',5,'2024-04-05 14:06:48','2024-04-05 17:06:48'),(1031,'12554','0','DZR-4222','https://via.placeholder.com/640x480.png/0066dd?text=cars+non','10',1,'2024-04-05 14:06:48','2024-04-05 17:06:48'),(1032,'38292','0','FSB-3609','https://via.placeholder.com/640x480.png/00ff55?text=cars+officia','10',1,'2024-04-05 14:06:48','2024-04-05 17:06:48'),(1033,'41687','0','ESM-0558','https://via.placeholder.com/640x480.png/0055aa?text=cars+quia','10',5,'2024-04-05 14:06:48','2024-04-05 17:06:48'),(1034,'18667','0','HRF-8985','https://via.placeholder.com/640x480.png/000066?text=cars+nam','10',1,'2024-04-05 14:06:48','2024-04-05 17:06:48'),(1035,'46488','0','UDR-8507','https://via.placeholder.com/640x480.png/00cc33?text=cars+in','10',6,'2024-04-05 14:06:48','2024-04-05 17:06:48'),(1036,'33636','0','JLX-8644','https://via.placeholder.com/640x480.png/00bbdd?text=cars+exercitationem','10',2,'2024-04-05 14:06:48','2024-04-05 17:06:48'),(1037,'34912','0','NYG-8211','https://via.placeholder.com/640x480.png/0099aa?text=cars+veritatis','10',4,'2024-04-05 14:06:48','2024-04-05 17:06:48'),(1038,'36555','0','SUE-2492','https://via.placeholder.com/640x480.png/0044dd?text=cars+eos','10',3,'2024-04-05 14:06:48','2024-04-05 17:06:48'),(1039,'19221','0','CTO-3473','https://via.placeholder.com/640x480.png/0099cc?text=cars+molestias','10',3,'2024-04-05 14:06:48','2024-04-05 17:06:48'),(1040,'33595','0','OVG-4241','https://via.placeholder.com/640x480.png/0055bb?text=cars+est','10',4,'2024-04-05 14:06:48','2024-04-05 17:06:48'),(1041,'12579','0','JMH-9936','https://via.placeholder.com/640x480.png/003322?text=cars+pariatur','10',1,'2024-04-05 14:06:48','2024-04-05 17:06:48'),(1042,'19443','0','NYX-4051','https://via.placeholder.com/640x480.png/00aacc?text=cars+a','10',2,'2024-04-05 14:06:48','2024-04-05 17:06:48'),(1043,'40247','0','QVT-3935','https://via.placeholder.com/640x480.png/005500?text=cars+est','10',6,'2024-04-05 14:06:48','2024-04-05 17:06:48'),(1044,'21894','0','XBF-4178','https://via.placeholder.com/640x480.png/001122?text=cars+soluta','10',4,'2024-04-05 14:06:48','2024-04-05 17:06:48'),(1045,'36613','0','ORM-4275','https://via.placeholder.com/640x480.png/00aa44?text=cars+repudiandae','10',5,'2024-04-05 14:06:48','2024-04-05 17:06:48'),(1046,'45918','0','KTN-1697','https://via.placeholder.com/640x480.png/00aaee?text=cars+sequi','10',2,'2024-04-05 14:06:48','2024-04-05 17:06:48'),(1047,'16515','0','ZQN-6275','https://via.placeholder.com/640x480.png/0099aa?text=cars+voluptatem','10',2,'2024-04-05 14:06:48','2024-04-05 17:06:48'),(1048,'48026','0','UII-3017','https://via.placeholder.com/640x480.png/00ff99?text=cars+adipisci','10',6,'2024-04-05 14:06:48','2024-04-05 17:06:48'),(1049,'49707','0','KTN-3108','https://via.placeholder.com/640x480.png/004477?text=cars+excepturi','10',5,'2024-04-05 14:06:48','2024-04-05 17:06:48'),(1050,'16500','0','UUQ-3718','https://via.placeholder.com/640x480.png/00ccdd?text=cars+eos','10',5,'2024-04-05 14:06:48','2024-04-05 17:06:48'),(1051,'27152','0','EOA-6535','https://via.placeholder.com/640x480.png/004477?text=cars+qui','10',5,'2024-04-05 14:06:48','2024-04-05 17:06:48'),(1052,'34081','0','SEB-2849','https://via.placeholder.com/640x480.png/001133?text=cars+aut','10',6,'2024-04-05 14:06:48','2024-04-05 17:06:48'),(1053,'37948','0','PQW-3396','https://via.placeholder.com/640x480.png/0055ff?text=cars+molestiae','10',4,'2024-04-05 14:06:48','2024-04-05 17:06:48'),(1054,'39263','0','TYL-6779','https://via.placeholder.com/640x480.png/0033ff?text=cars+qui','10',5,'2024-04-05 14:06:48','2024-04-05 17:06:48'),(1055,'44090','0','SCR-2404','https://via.placeholder.com/640x480.png/00aa22?text=cars+minima','10',6,'2024-04-05 14:06:48','2024-04-05 17:06:48'),(1056,'34898','0','UJH-1581','https://via.placeholder.com/640x480.png/009933?text=cars+ea','10',5,'2024-04-05 14:06:48','2024-04-05 17:06:48'),(1057,'45050','0','YLM-6509','https://via.placeholder.com/640x480.png/00aa44?text=cars+qui','10',1,'2024-04-05 14:06:48','2024-04-05 17:06:48'),(1058,'27346','0','NJE-8336','https://via.placeholder.com/640x480.png/00bb55?text=cars+debitis','10',3,'2024-04-05 14:06:48','2024-04-05 17:06:48'),(1059,'41119','0','UAX-2729','https://via.placeholder.com/640x480.png/003311?text=cars+et','10',6,'2024-04-05 14:06:48','2024-04-05 17:06:48'),(1060,'24926','0','TTE-9486','https://via.placeholder.com/640x480.png/00ff44?text=cars+illo','10',3,'2024-04-05 14:06:48','2024-04-05 17:06:48'),(1061,'16728','0','IBF-4388','https://via.placeholder.com/640x480.png/00bbcc?text=cars+est','10',4,'2024-04-05 14:06:48','2024-04-05 17:06:48'),(1062,'16980','0','JZV-3171','https://via.placeholder.com/640x480.png/00cc11?text=cars+magni','10',2,'2024-04-05 14:06:48','2024-04-05 17:06:48'),(1063,'14289','0','CLB-0121','https://via.placeholder.com/640x480.png/001166?text=cars+est','10',4,'2024-04-05 14:06:48','2024-04-05 17:06:48'),(1064,'29520','0','EOR-8630','https://via.placeholder.com/640x480.png/004466?text=cars+est','10',4,'2024-04-05 14:06:48','2024-04-05 17:06:48'),(1065,'11646','0','XWY-1237','https://via.placeholder.com/640x480.png/009911?text=cars+animi','10',4,'2024-04-05 14:06:48','2024-04-05 17:06:48'),(1066,'48134','0','PXT-5171','https://via.placeholder.com/640x480.png/005577?text=cars+neque','10',4,'2024-04-05 14:06:48','2024-04-05 17:06:48'),(1067,'48752','0','ITF-7841','https://via.placeholder.com/640x480.png/00ff33?text=cars+delectus','10',1,'2024-04-05 14:06:48','2024-04-05 17:06:48'),(1068,'47625','0','RRV-3150','https://via.placeholder.com/640x480.png/004455?text=cars+eveniet','10',2,'2024-04-05 14:06:48','2024-04-05 17:06:48'),(1069,'18236','0','FNR-1872','https://via.placeholder.com/640x480.png/0077dd?text=cars+qui','10',5,'2024-04-05 14:06:48','2024-04-05 17:06:48'),(1070,'29590','0','SPH-4499','https://via.placeholder.com/640x480.png/00ff00?text=cars+ad','10',6,'2024-04-05 14:06:48','2024-04-05 17:06:48'),(1071,'24085','0','BPY-7968','https://via.placeholder.com/640x480.png/00aa99?text=cars+inventore','10',6,'2024-04-05 14:06:48','2024-04-05 17:06:48'),(1072,'13060','0','QFG-6618','https://via.placeholder.com/640x480.png/00aa77?text=cars+corrupti','10',4,'2024-04-05 14:06:48','2024-04-05 17:06:48'),(1073,'20522','0','VOT-6634','https://via.placeholder.com/640x480.png/007700?text=cars+et','10',4,'2024-04-05 14:06:48','2024-04-05 17:06:48'),(1074,'44213','0','OIS-9691','https://via.placeholder.com/640x480.png/00ccbb?text=cars+aspernatur','10',1,'2024-04-05 14:06:48','2024-04-05 17:06:48'),(1075,'30422','0','GFC-4296','https://via.placeholder.com/640x480.png/00ee00?text=cars+exercitationem','10',4,'2024-04-05 14:06:48','2024-04-05 17:06:48'),(1076,'43169','0','FBB-1570','https://via.placeholder.com/640x480.png/00bbff?text=cars+qui','10',2,'2024-04-05 14:06:48','2024-04-05 17:06:48'),(1077,'46903','0','ZWI-6378','https://via.placeholder.com/640x480.png/004411?text=cars+consequuntur','10',4,'2024-04-05 14:06:48','2024-04-05 17:06:48'),(1078,'22545','0','FIH-0865','https://via.placeholder.com/640x480.png/0044ff?text=cars+pariatur','10',4,'2024-04-05 14:06:48','2024-04-05 17:06:48'),(1079,'16063','0','HZT-5685','https://via.placeholder.com/640x480.png/00cc55?text=cars+voluptatibus','10',6,'2024-04-05 14:06:49','2024-04-05 17:06:49'),(1080,'13159','0','WUY-3600','https://via.placeholder.com/640x480.png/008844?text=cars+minus','10',6,'2024-04-05 14:06:49','2024-04-05 17:06:49'),(1081,'17722','0','XTU-7111','https://via.placeholder.com/640x480.png/00ffdd?text=cars+omnis','10',2,'2024-04-05 14:06:49','2024-04-05 17:06:49'),(1082,'30467','0','PFP-3081','https://via.placeholder.com/640x480.png/00ccdd?text=cars+nisi','10',2,'2024-04-05 14:06:49','2024-04-05 17:06:49'),(1083,'22144','0','BAI-4939','https://via.placeholder.com/640x480.png/00dddd?text=cars+sed','10',3,'2024-04-05 14:06:49','2024-04-05 17:06:49'),(1084,'30219','0','HIB-1045','https://via.placeholder.com/640x480.png/001133?text=cars+iste','10',2,'2024-04-05 14:06:49','2024-04-05 17:06:49'),(1085,'32794','0','YNW-3797','https://via.placeholder.com/640x480.png/00aa99?text=cars+ratione','10',3,'2024-04-05 14:06:49','2024-04-05 17:06:49'),(1086,'36796','0','BZI-3822','https://via.placeholder.com/640x480.png/003322?text=cars+quod','10',1,'2024-04-05 14:06:49','2024-04-05 17:06:49'),(1087,'39707','0','KUT-3551','https://via.placeholder.com/640x480.png/00dddd?text=cars+debitis','10',3,'2024-04-05 14:06:49','2024-04-05 17:06:49'),(1088,'26824','0','JHF-6210','https://via.placeholder.com/640x480.png/0099cc?text=cars+sint','10',2,'2024-04-05 14:06:49','2024-04-05 17:06:49'),(1089,'32402','0','OHV-7490','https://via.placeholder.com/640x480.png/00dd00?text=cars+enim','10',4,'2024-04-05 14:06:49','2024-04-05 17:06:49'),(1090,'17369','0','ZQY-6201','https://via.placeholder.com/640x480.png/00dd99?text=cars+quia','10',6,'2024-04-05 14:06:49','2024-04-05 17:06:49'),(1091,'13196','0','GFX-5808','https://via.placeholder.com/640x480.png/00aa00?text=cars+eligendi','10',6,'2024-04-05 14:07:18','2024-04-05 17:07:18'),(1092,'23922','0','CMP-2095','https://via.placeholder.com/640x480.png/003322?text=cars+natus','10',2,'2024-04-05 14:07:18','2024-04-05 17:07:18'),(1093,'47781','0','FDJ-9348','https://via.placeholder.com/640x480.png/000022?text=cars+doloribus','10',1,'2024-04-05 14:07:18','2024-04-05 17:07:18'),(1094,'23581','0','PUX-2050','https://via.placeholder.com/640x480.png/0099cc?text=cars+minima','10',1,'2024-04-05 14:07:18','2024-04-05 17:07:18'),(1095,'10706','0','ZUA-6323','https://via.placeholder.com/640x480.png/00eeff?text=cars+rem','10',2,'2024-04-05 14:07:18','2024-04-05 17:07:18'),(1096,'19280','0','NLO-0651','https://via.placeholder.com/640x480.png/00bb55?text=cars+et','10',4,'2024-04-05 14:07:18','2024-04-05 17:07:18'),(1097,'46280','0','HEP-2856','https://via.placeholder.com/640x480.png/003388?text=cars+pariatur','10',1,'2024-04-05 14:07:18','2024-04-05 17:07:18'),(1098,'32778','0','GTG-2064','https://via.placeholder.com/640x480.png/000099?text=cars+quibusdam','10',3,'2024-04-05 14:07:18','2024-04-05 17:07:18'),(1099,'16924','0','FIY-8483','https://via.placeholder.com/640x480.png/00cccc?text=cars+officiis','10',1,'2024-04-05 14:07:18','2024-04-05 17:07:18'),(1100,'11879','0','DOI-7974','https://via.placeholder.com/640x480.png/006666?text=cars+ullam','10',3,'2024-04-05 14:07:18','2024-04-05 17:07:18'),(1101,'34545','0','YVE-7173','https://via.placeholder.com/640x480.png/00eecc?text=cars+at','10',1,'2024-04-05 14:07:18','2024-04-05 17:07:18'),(1102,'10933','0','YYF-2632','https://via.placeholder.com/640x480.png/0011cc?text=cars+ut','10',3,'2024-04-05 14:07:18','2024-04-05 17:07:18'),(1103,'48863','0','OAP-3093','https://via.placeholder.com/640x480.png/00ffdd?text=cars+recusandae','10',6,'2024-04-05 14:07:18','2024-04-05 17:07:18'),(1104,'12150','0','QHF-4885','https://via.placeholder.com/640x480.png/001155?text=cars+vitae','10',5,'2024-04-05 14:07:18','2024-04-05 17:07:18'),(1105,'20310','0','URX-8055','https://via.placeholder.com/640x480.png/00ddaa?text=cars+eum','10',2,'2024-04-05 14:07:18','2024-04-05 17:07:18'),(1106,'21667','0','MUL-9583','https://via.placeholder.com/640x480.png/001111?text=cars+sapiente','10',5,'2024-04-05 14:07:18','2024-04-05 17:07:18'),(1107,'31800','0','LHT-8076','https://via.placeholder.com/640x480.png/00ee88?text=cars+ut','10',5,'2024-04-05 14:07:18','2024-04-05 17:07:18'),(1108,'20999','0','FNN-2845','https://via.placeholder.com/640x480.png/009955?text=cars+aut','10',1,'2024-04-05 14:07:18','2024-04-05 17:07:18'),(1109,'44370','0','UPR-9876','https://via.placeholder.com/640x480.png/008811?text=cars+et','10',5,'2024-04-05 14:07:18','2024-04-05 17:07:18'),(1110,'21727','0','PWP-2260','https://via.placeholder.com/640x480.png/00bbee?text=cars+culpa','10',5,'2024-04-05 14:07:18','2024-04-05 17:07:18'),(1111,'19615','0','AUC-8330','https://via.placeholder.com/640x480.png/0077bb?text=cars+dolores','10',2,'2024-04-05 14:07:18','2024-04-05 17:07:18'),(1112,'10081','0','GZG-6692','https://via.placeholder.com/640x480.png/009977?text=cars+inventore','10',3,'2024-04-05 14:07:18','2024-04-05 17:07:18'),(1113,'26590','0','JCV-3418','https://via.placeholder.com/640x480.png/008877?text=cars+fuga','10',6,'2024-04-05 14:07:18','2024-04-05 17:07:18'),(1114,'13641','0','CWO-5280','https://via.placeholder.com/640x480.png/00bb66?text=cars+autem','10',5,'2024-04-05 14:07:18','2024-04-05 17:07:18'),(1115,'11395','0','SDB-7910','https://via.placeholder.com/640x480.png/0033cc?text=cars+magni','10',6,'2024-04-05 14:07:18','2024-04-05 17:07:18'),(1116,'32826','0','TOY-9863','https://via.placeholder.com/640x480.png/005555?text=cars+nostrum','10',1,'2024-04-05 14:07:18','2024-04-05 17:07:18'),(1117,'38156','0','WIU-0889','https://via.placeholder.com/640x480.png/000044?text=cars+molestiae','10',3,'2024-04-05 14:07:18','2024-04-05 17:07:18'),(1118,'44767','0','PYI-6297','https://via.placeholder.com/640x480.png/007777?text=cars+illum','10',6,'2024-04-05 14:07:18','2024-04-05 17:07:18'),(1119,'31362','0','GIZ-7015','https://via.placeholder.com/640x480.png/00dd33?text=cars+animi','10',3,'2024-04-05 14:07:18','2024-04-05 17:07:18'),(1120,'49157','0','UTD-2609','https://via.placeholder.com/640x480.png/0099ff?text=cars+magnam','10',5,'2024-04-05 14:07:18','2024-04-05 17:07:18'),(1121,'42321','0','GOI-8362','https://via.placeholder.com/640x480.png/00bb44?text=cars+quis','10',3,'2024-04-05 14:07:18','2024-04-05 17:07:18'),(1122,'13749','0','NNS-1873','https://via.placeholder.com/640x480.png/00ffee?text=cars+maxime','10',1,'2024-04-05 14:07:18','2024-04-05 17:07:18'),(1123,'20566','0','QNU-0530','https://via.placeholder.com/640x480.png/002233?text=cars+asperiores','10',6,'2024-04-05 14:07:18','2024-04-05 17:07:18'),(1124,'44449','0','KZC-6248','https://via.placeholder.com/640x480.png/00dd55?text=cars+et','10',4,'2024-04-05 14:07:18','2024-04-05 17:07:18'),(1125,'31252','0','IRW-5094','https://via.placeholder.com/640x480.png/0088ee?text=cars+quae','10',3,'2024-04-05 14:07:18','2024-04-05 17:07:18'),(1126,'36522','0','NHO-5724','https://via.placeholder.com/640x480.png/005566?text=cars+et','10',5,'2024-04-05 14:07:18','2024-04-05 17:07:18'),(1127,'46617','0','EXA-4589','https://via.placeholder.com/640x480.png/001188?text=cars+ut','10',3,'2024-04-05 14:07:18','2024-04-05 17:07:18'),(1128,'22990','0','YPM-2681','https://via.placeholder.com/640x480.png/001188?text=cars+est','10',1,'2024-04-05 14:07:18','2024-04-05 17:07:18'),(1129,'47195','0','TNL-4353','https://via.placeholder.com/640x480.png/00bb00?text=cars+architecto','10',2,'2024-04-05 14:07:18','2024-04-05 17:07:18'),(1130,'48889','0','IHW-2635','https://via.placeholder.com/640x480.png/0022aa?text=cars+earum','10',1,'2024-04-05 14:07:18','2024-04-05 17:07:18'),(1131,'39954','0','ZQA-9572','https://via.placeholder.com/640x480.png/0011ee?text=cars+harum','10',4,'2024-04-05 14:07:18','2024-04-05 17:07:18'),(1132,'32736','0','IAB-5604','https://via.placeholder.com/640x480.png/0088dd?text=cars+molestiae','10',5,'2024-04-05 14:07:18','2024-04-05 17:07:18'),(1133,'21019','0','AOM-1676','https://via.placeholder.com/640x480.png/005599?text=cars+expedita','10',6,'2024-04-05 14:07:18','2024-04-05 17:07:18'),(1134,'24732','0','ZGJ-6955','https://via.placeholder.com/640x480.png/000088?text=cars+consequatur','10',6,'2024-04-05 14:07:18','2024-04-05 17:07:18'),(1135,'48458','0','PXK-5090','https://via.placeholder.com/640x480.png/0099aa?text=cars+debitis','10',1,'2024-04-05 14:07:18','2024-04-05 17:07:18'),(1136,'20291','0','JIB-4202','https://via.placeholder.com/640x480.png/0066cc?text=cars+aliquid','10',5,'2024-04-05 14:07:18','2024-04-05 17:07:18'),(1137,'25879','0','CYH-5832','https://via.placeholder.com/640x480.png/0000ee?text=cars+doloribus','10',5,'2024-04-05 14:07:18','2024-04-05 17:07:18'),(1138,'44677','0','PIM-5339','https://via.placeholder.com/640x480.png/0066ff?text=cars+vitae','10',1,'2024-04-05 14:07:18','2024-04-05 17:07:18'),(1139,'41600','0','HDW-9583','https://via.placeholder.com/640x480.png/0022aa?text=cars+impedit','10',4,'2024-04-05 14:07:18','2024-04-05 17:07:18'),(1140,'41383','0','CWI-3508','https://via.placeholder.com/640x480.png/00ee66?text=cars+ea','10',2,'2024-04-05 14:07:18','2024-04-05 17:07:18'),(1141,'41230','0','MHP-7072','https://via.placeholder.com/640x480.png/0066aa?text=cars+a','10',6,'2024-04-05 14:07:18','2024-04-05 17:07:18'),(1142,'27214','0','KNP-2461','https://via.placeholder.com/640x480.png/003344?text=cars+provident','10',4,'2024-04-05 14:07:18','2024-04-05 17:07:18'),(1143,'44884','0','RKZ-1153','https://via.placeholder.com/640x480.png/008899?text=cars+libero','10',2,'2024-04-05 14:07:18','2024-04-05 17:07:18'),(1144,'15367','0','YLA-4499','https://via.placeholder.com/640x480.png/00ddbb?text=cars+enim','10',4,'2024-04-05 14:07:18','2024-04-05 17:07:18'),(1145,'49522','0','LVG-7785','https://via.placeholder.com/640x480.png/00aaff?text=cars+vero','10',2,'2024-04-05 14:07:18','2024-04-05 17:07:18'),(1146,'21919','0','BAK-0964','https://via.placeholder.com/640x480.png/0066ee?text=cars+aut','10',1,'2024-04-05 14:07:18','2024-04-05 17:07:18'),(1147,'45296','0','EHW-1436','https://via.placeholder.com/640x480.png/00ee88?text=cars+eum','10',5,'2024-04-05 14:07:18','2024-04-05 17:07:18'),(1148,'44462','0','XGH-4949','https://via.placeholder.com/640x480.png/005599?text=cars+est','10',3,'2024-04-05 14:07:18','2024-04-05 17:07:18'),(1149,'19604','0','EZL-6451','https://via.placeholder.com/640x480.png/009966?text=cars+ut','10',6,'2024-04-05 14:07:18','2024-04-05 17:07:18'),(1150,'17195','0','NIH-7197','https://via.placeholder.com/640x480.png/00bb11?text=cars+quasi','10',4,'2024-04-05 14:07:18','2024-04-05 17:07:18'),(1151,'14260','0','SYP-8536','https://via.placeholder.com/640x480.png/0077aa?text=cars+pariatur','10',3,'2024-04-05 14:07:18','2024-04-05 17:07:18'),(1152,'34338','0','VIH-1124','https://via.placeholder.com/640x480.png/0099ee?text=cars+et','10',2,'2024-04-05 14:07:18','2024-04-05 17:07:18'),(1153,'33359','0','FQZ-4955','https://via.placeholder.com/640x480.png/006622?text=cars+dolores','10',3,'2024-04-05 14:07:18','2024-04-05 17:07:18'),(1154,'20976','0','YEU-1137','https://via.placeholder.com/640x480.png/000000?text=cars+rerum','10',1,'2024-04-05 14:07:18','2024-04-05 17:07:18'),(1155,'45248','0','SXB-0838','https://via.placeholder.com/640x480.png/0033aa?text=cars+neque','10',3,'2024-04-05 14:07:18','2024-04-05 17:07:18'),(1156,'11954','0','NIL-2924','https://via.placeholder.com/640x480.png/005566?text=cars+non','10',3,'2024-04-05 14:07:18','2024-04-05 17:07:18'),(1157,'19715','0','OYG-0705','https://via.placeholder.com/640x480.png/00ee33?text=cars+sed','10',1,'2024-04-05 14:07:18','2024-04-05 17:07:18'),(1158,'23085','0','EVT-0389','https://via.placeholder.com/640x480.png/00ddcc?text=cars+sed','10',6,'2024-04-05 14:07:18','2024-04-05 17:07:18'),(1159,'27773','0','WMM-7529','https://via.placeholder.com/640x480.png/00ffff?text=cars+in','10',2,'2024-04-05 14:07:18','2024-04-05 17:07:18'),(1160,'27662','0','SCZ-1941','https://via.placeholder.com/640x480.png/009955?text=cars+perferendis','10',2,'2024-04-05 14:07:18','2024-04-05 17:07:18'),(1161,'18604','0','YJD-3072','https://via.placeholder.com/640x480.png/004455?text=cars+ipsam','10',2,'2024-04-05 14:07:18','2024-04-05 17:07:18'),(1162,'25067','0','UVS-2895','https://via.placeholder.com/640x480.png/009988?text=cars+debitis','10',3,'2024-04-05 14:07:18','2024-04-05 17:07:18'),(1163,'47036','0','FBE-2203','https://via.placeholder.com/640x480.png/001177?text=cars+laborum','10',1,'2024-04-05 14:07:18','2024-04-05 17:07:18'),(1164,'22336','0','RNC-8564','https://via.placeholder.com/640x480.png/00aa55?text=cars+omnis','10',1,'2024-04-05 14:07:18','2024-04-05 17:07:18'),(1165,'48489','0','IHS-2770','https://via.placeholder.com/640x480.png/005533?text=cars+officia','10',4,'2024-04-05 14:07:18','2024-04-05 17:07:18'),(1166,'45226','0','XYW-5440','https://via.placeholder.com/640x480.png/007711?text=cars+hic','10',4,'2024-04-05 14:07:18','2024-04-05 17:07:18'),(1167,'16803','0','TNG-8771','https://via.placeholder.com/640x480.png/002255?text=cars+incidunt','10',6,'2024-04-05 14:07:18','2024-04-05 17:07:18'),(1168,'25399','0','EMV-1607','https://via.placeholder.com/640x480.png/0066ff?text=cars+quas','10',5,'2024-04-05 14:07:18','2024-04-05 17:07:18'),(1169,'36225','0','FRR-5602','https://via.placeholder.com/640x480.png/00bb00?text=cars+ipsa','10',3,'2024-04-05 14:07:18','2024-04-05 17:07:18'),(1170,'43960','0','RBI-7289','https://via.placeholder.com/640x480.png/00eeaa?text=cars+non','10',4,'2024-04-05 14:07:18','2024-04-05 17:07:18'),(1171,'16580','0','EHV-4512','https://via.placeholder.com/640x480.png/0000aa?text=cars+laboriosam','10',1,'2024-04-05 14:07:18','2024-04-05 17:07:18'),(1172,'33028','0','NKI-8499','https://via.placeholder.com/640x480.png/003388?text=cars+incidunt','10',4,'2024-04-05 14:07:18','2024-04-05 17:07:18'),(1173,'39776','0','HEF-6194','https://via.placeholder.com/640x480.png/000011?text=cars+ratione','10',5,'2024-04-05 14:07:18','2024-04-05 17:07:18'),(1174,'46848','0','DLR-5686','https://via.placeholder.com/640x480.png/00bb00?text=cars+qui','10',4,'2024-04-05 14:07:18','2024-04-05 17:07:18'),(1175,'11773','0','BUE-9164','https://via.placeholder.com/640x480.png/000099?text=cars+accusamus','10',2,'2024-04-05 14:07:18','2024-04-05 17:07:18'),(1176,'37723','0','ASR-9388','https://via.placeholder.com/640x480.png/00cc88?text=cars+optio','10',2,'2024-04-05 14:07:18','2024-04-05 17:07:18'),(1177,'35741','0','ZTV-2134','https://via.placeholder.com/640x480.png/00dd66?text=cars+sunt','10',2,'2024-04-05 14:07:18','2024-04-05 17:07:18'),(1178,'24849','0','ZPS-1885','https://via.placeholder.com/640x480.png/006633?text=cars+soluta','10',2,'2024-04-05 14:07:18','2024-04-05 17:07:18'),(1179,'45672','0','UMQ-4985','https://via.placeholder.com/640x480.png/00dd55?text=cars+consequatur','10',4,'2024-04-05 14:07:18','2024-04-05 17:07:18'),(1180,'39682','0','BSW-9032','https://via.placeholder.com/640x480.png/001177?text=cars+possimus','10',1,'2024-04-05 14:07:18','2024-04-05 17:07:18'),(1181,'32911','0','APR-1167','https://via.placeholder.com/640x480.png/00cc11?text=cars+blanditiis','10',3,'2024-04-05 14:07:18','2024-04-05 17:07:18'),(1182,'30992','0','FHG-6307','https://via.placeholder.com/640x480.png/00bb11?text=cars+dicta','10',2,'2024-04-05 14:07:18','2024-04-05 17:07:18'),(1183,'10455','0','FRS-2267','https://via.placeholder.com/640x480.png/00eeee?text=cars+repudiandae','10',6,'2024-04-05 14:07:18','2024-04-05 17:07:18'),(1184,'36131','0','YJM-7250','https://via.placeholder.com/640x480.png/00dd55?text=cars+quia','10',4,'2024-04-05 14:07:18','2024-04-05 17:07:18'),(1185,'32382','0','AGS-1786','https://via.placeholder.com/640x480.png/0033cc?text=cars+enim','10',4,'2024-04-05 14:07:18','2024-04-05 17:07:18'),(1186,'10623','0','DBK-4047','https://via.placeholder.com/640x480.png/00aacc?text=cars+molestiae','10',5,'2024-04-05 14:07:18','2024-04-05 17:07:18'),(1187,'18556','0','HIP-6085','https://via.placeholder.com/640x480.png/0044bb?text=cars+enim','10',4,'2024-04-05 14:07:18','2024-04-05 17:07:18'),(1188,'27892','0','LKQ-8383','https://via.placeholder.com/640x480.png/00aaaa?text=cars+aperiam','10',4,'2024-04-05 14:07:18','2024-04-05 17:07:18'),(1189,'17560','0','PWC-3036','https://via.placeholder.com/640x480.png/00aa33?text=cars+est','10',4,'2024-04-05 14:07:18','2024-04-05 17:07:18'),(1190,'42857','0','KSU-8878','https://via.placeholder.com/640x480.png/00aacc?text=cars+facere','10',3,'2024-04-05 14:07:18','2024-04-05 17:07:18'),(1191,'41546','0','LFF-9846','https://via.placeholder.com/640x480.png/00ff55?text=cars+dolores','10',3,'2024-04-05 14:07:18','2024-04-05 17:07:18'),(1192,'12810','0','QFP-1080','https://via.placeholder.com/640x480.png/0066cc?text=cars+libero','10',6,'2024-04-05 14:07:18','2024-04-05 17:07:18'),(1193,'16742','0','ZZU-3159','https://via.placeholder.com/640x480.png/003399?text=cars+modi','10',5,'2024-04-05 14:07:18','2024-04-05 17:07:18'),(1194,'26519','0','VLM-6838','https://via.placeholder.com/640x480.png/008899?text=cars+reprehenderit','10',4,'2024-04-05 14:07:18','2024-04-05 17:07:18'),(1195,'27632','0','UEV-6477','https://via.placeholder.com/640x480.png/00ff99?text=cars+quia','10',3,'2024-04-05 14:07:18','2024-04-05 17:07:18'),(1196,'39967','0','EZA-2009','https://via.placeholder.com/640x480.png/0055dd?text=cars+et','10',3,'2024-04-05 14:07:18','2024-04-05 17:07:18'),(1197,'11574','0','XOB-9039','https://via.placeholder.com/640x480.png/004411?text=cars+eius','10',3,'2024-04-05 14:07:18','2024-04-05 17:07:18'),(1198,'20839','0','URD-0115','https://via.placeholder.com/640x480.png/00cc88?text=cars+molestias','10',6,'2024-04-05 14:07:18','2024-04-05 17:07:18'),(1199,'47531','0','SLL-0740','https://via.placeholder.com/640x480.png/0066aa?text=cars+et','10',6,'2024-04-05 14:07:18','2024-04-05 17:07:18'),(1200,'43697','0','FRG-3555','https://via.placeholder.com/640x480.png/009966?text=cars+hic','10',3,'2024-04-05 14:07:18','2024-04-05 17:07:18'),(1201,'15295','0','ZNE-3136','https://via.placeholder.com/640x480.png/002266?text=cars+debitis','10',2,'2024-04-05 14:07:18','2024-04-05 17:07:18'),(1202,'45586','0','REW-9890','https://via.placeholder.com/640x480.png/003355?text=cars+et','10',4,'2024-04-05 14:07:18','2024-04-05 17:07:18'),(1203,'11338','0','ZCX-0472','https://via.placeholder.com/640x480.png/004411?text=cars+et','10',4,'2024-04-05 14:07:18','2024-04-05 17:07:18'),(1204,'14965','0','JJF-9501','https://via.placeholder.com/640x480.png/0033ff?text=cars+officia','10',4,'2024-04-05 14:07:18','2024-04-05 17:07:18'),(1205,'12615','0','PJL-1715','https://via.placeholder.com/640x480.png/007744?text=cars+sed','10',2,'2024-04-05 14:07:18','2024-04-05 17:07:18'),(1206,'10858','0','YZQ-7040','https://via.placeholder.com/640x480.png/0033ff?text=cars+nesciunt','10',1,'2024-04-05 14:07:18','2024-04-05 17:07:18'),(1207,'12520','0','FNQ-0417','https://via.placeholder.com/640x480.png/00cc00?text=cars+placeat','10',2,'2024-04-05 14:07:18','2024-04-05 17:07:18'),(1208,'12986','0','EMT-7240','https://via.placeholder.com/640x480.png/006677?text=cars+est','10',2,'2024-04-05 14:07:18','2024-04-05 17:07:18'),(1209,'18702','0','YRQ-5042','https://via.placeholder.com/640x480.png/0022dd?text=cars+cum','10',2,'2024-04-05 14:07:18','2024-04-05 17:07:18'),(1210,'24852','0','AGX-6255','https://via.placeholder.com/640x480.png/002255?text=cars+qui','10',6,'2024-04-05 14:07:18','2024-04-05 17:07:18'),(1211,'49316','0','PYC-7028','https://via.placeholder.com/640x480.png/00ffaa?text=cars+veritatis','10',6,'2024-04-05 14:07:18','2024-04-05 17:07:18'),(1212,'18495','0','HHN-7711','https://via.placeholder.com/640x480.png/0022ff?text=cars+explicabo','10',2,'2024-04-05 14:07:18','2024-04-05 17:07:18'),(1213,'23849','0','GRU-1363','https://via.placeholder.com/640x480.png/00ffcc?text=cars+voluptatem','10',1,'2024-04-05 14:07:18','2024-04-05 17:07:18'),(1214,'32456','0','VSB-7184','https://via.placeholder.com/640x480.png/001166?text=cars+reiciendis','10',3,'2024-04-05 14:07:18','2024-04-05 17:07:18'),(1215,'12948','0','FUP-4775','https://via.placeholder.com/640x480.png/005500?text=cars+dolor','10',2,'2024-04-05 14:07:18','2024-04-05 17:07:18'),(1216,'16561','0','TCU-9769','https://via.placeholder.com/640x480.png/0033ff?text=cars+dolores','10',6,'2024-04-05 14:07:18','2024-04-05 17:07:18'),(1217,'49000','0','XYZ-7244','https://via.placeholder.com/640x480.png/005599?text=cars+recusandae','10',3,'2024-04-05 14:07:18','2024-04-05 17:07:18'),(1218,'40093','0','XKG-7358','https://via.placeholder.com/640x480.png/007766?text=cars+unde','10',1,'2024-04-05 14:07:18','2024-04-05 17:07:18'),(1219,'41651','0','REH-9466','https://via.placeholder.com/640x480.png/004466?text=cars+commodi','10',2,'2024-04-05 14:07:18','2024-04-05 17:07:18'),(1220,'45005','0','SZQ-2361','https://via.placeholder.com/640x480.png/002200?text=cars+et','10',1,'2024-04-05 14:07:18','2024-04-05 17:07:18'),(1221,'46644','0','TJH-6207','https://via.placeholder.com/640x480.png/004455?text=cars+amet','10',4,'2024-04-05 14:07:18','2024-04-05 17:07:18'),(1222,'42701','0','IVH-1409','https://via.placeholder.com/640x480.png/000099?text=cars+cumque','10',1,'2024-04-05 14:07:18','2024-04-05 17:07:18'),(1223,'19094','0','GFH-9828','https://via.placeholder.com/640x480.png/007711?text=cars+quia','10',6,'2024-04-05 14:07:18','2024-04-05 17:07:18'),(1224,'21412','0','OEW-6487','https://via.placeholder.com/640x480.png/008822?text=cars+eligendi','10',1,'2024-04-05 14:07:18','2024-04-05 17:07:18'),(1225,'18646','0','NRG-6902','https://via.placeholder.com/640x480.png/0099ff?text=cars+iste','10',4,'2024-04-05 14:07:18','2024-04-05 17:07:18'),(1226,'10604','0','YGU-6725','https://via.placeholder.com/640x480.png/0044bb?text=cars+itaque','10',2,'2024-04-05 14:07:18','2024-04-05 17:07:18'),(1227,'19725','0','UJQ-4544','https://via.placeholder.com/640x480.png/006644?text=cars+sit','10',5,'2024-04-05 14:07:18','2024-04-05 17:07:18'),(1228,'36294','0','MMS-6213','https://via.placeholder.com/640x480.png/00aaee?text=cars+exercitationem','10',6,'2024-04-05 14:07:18','2024-04-05 17:07:18'),(1229,'40545','0','TUV-2364','https://via.placeholder.com/640x480.png/002233?text=cars+est','10',1,'2024-04-05 14:07:18','2024-04-05 17:07:18'),(1230,'20738','0','QYK-4643','https://via.placeholder.com/640x480.png/003322?text=cars+provident','10',5,'2024-04-05 14:07:18','2024-04-05 17:07:18'),(1231,'14742','0','VOE-5189','https://via.placeholder.com/640x480.png/00ff44?text=cars+reiciendis','10',2,'2024-04-05 14:07:18','2024-04-05 17:07:18'),(1232,'17847','0','LQH-5690','https://via.placeholder.com/640x480.png/005522?text=cars+quia','10',1,'2024-04-05 14:07:18','2024-04-05 17:07:18'),(1233,'43601','0','GGM-2067','https://via.placeholder.com/640x480.png/00eeaa?text=cars+alias','10',2,'2024-04-05 14:07:18','2024-04-05 17:07:18'),(1234,'46769','0','RBH-1632','https://via.placeholder.com/640x480.png/002211?text=cars+et','10',4,'2024-04-05 14:07:18','2024-04-05 17:07:18'),(1235,'48503','0','DVI-8188','https://via.placeholder.com/640x480.png/00dd00?text=cars+ipsum','10',4,'2024-04-05 14:07:18','2024-04-05 17:07:18'),(1236,'27828','0','GGI-2742','https://via.placeholder.com/640x480.png/009900?text=cars+nostrum','10',2,'2024-04-05 14:07:18','2024-04-05 17:07:18'),(1237,'32468','0','UWZ-3893','https://via.placeholder.com/640x480.png/005511?text=cars+quia','10',1,'2024-04-05 14:07:18','2024-04-05 17:07:18'),(1238,'42525','0','SYM-9833','https://via.placeholder.com/640x480.png/009955?text=cars+enim','10',4,'2024-04-05 14:07:18','2024-04-05 17:07:18'),(1239,'44640','0','NWS-8901','https://via.placeholder.com/640x480.png/00eecc?text=cars+id','10',6,'2024-04-05 14:07:18','2024-04-05 17:07:18'),(1240,'36465','0','UUP-9960','https://via.placeholder.com/640x480.png/001177?text=cars+sunt','10',2,'2024-04-05 14:07:18','2024-04-05 17:07:18'),(1241,'37975','0','ODF-9882','https://via.placeholder.com/640x480.png/0066dd?text=cars+distinctio','10',4,'2024-04-05 14:07:18','2024-04-05 17:07:18'),(1242,'19491','0','EUP-1856','https://via.placeholder.com/640x480.png/0077ff?text=cars+omnis','10',5,'2024-04-05 14:07:18','2024-04-05 17:07:18'),(1243,'29450','0','TBU-6417','https://via.placeholder.com/640x480.png/008844?text=cars+ea','10',6,'2024-04-05 14:07:18','2024-04-05 17:07:18'),(1244,'46088','0','DBO-5234','https://via.placeholder.com/640x480.png/0088ff?text=cars+modi','10',1,'2024-04-05 14:07:18','2024-04-05 17:07:18'),(1245,'48404','0','JKG-1284','https://via.placeholder.com/640x480.png/007799?text=cars+aut','10',4,'2024-04-05 14:07:18','2024-04-05 17:07:18'),(1246,'47768','0','ETV-6187','https://via.placeholder.com/640x480.png/0088dd?text=cars+iure','10',5,'2024-04-05 14:07:18','2024-04-05 17:07:18'),(1247,'24775','0','QPJ-9886','https://via.placeholder.com/640x480.png/00bb44?text=cars+atque','10',6,'2024-04-05 14:07:18','2024-04-05 17:07:18'),(1248,'48178','0','GTH-3442','https://via.placeholder.com/640x480.png/0000ee?text=cars+accusamus','10',6,'2024-04-05 14:07:18','2024-04-05 17:07:18'),(1249,'46833','0','CAF-3415','https://via.placeholder.com/640x480.png/0088ff?text=cars+praesentium','10',5,'2024-04-05 14:07:18','2024-04-05 17:07:18'),(1250,'31457','0','TNQ-3399','https://via.placeholder.com/640x480.png/00ee66?text=cars+molestias','10',2,'2024-04-05 14:07:18','2024-04-05 17:07:18'),(1251,'42349','0','BJV-9173','https://via.placeholder.com/640x480.png/006622?text=cars+atque','10',5,'2024-04-05 14:07:18','2024-04-05 17:07:18'),(1252,'47578','0','XWA-1584','https://via.placeholder.com/640x480.png/00bb22?text=cars+a','10',6,'2024-04-05 14:07:18','2024-04-05 17:07:18'),(1253,'21623','0','NMW-5177','https://via.placeholder.com/640x480.png/00ee44?text=cars+doloremque','10',1,'2024-04-05 14:07:18','2024-04-05 17:07:18'),(1254,'43466','0','HLU-0322','https://via.placeholder.com/640x480.png/009966?text=cars+labore','10',1,'2024-04-05 14:07:18','2024-04-05 17:07:18'),(1255,'35136','0','GJZ-0966','https://via.placeholder.com/640x480.png/001133?text=cars+quis','10',4,'2024-04-05 14:07:18','2024-04-05 17:07:18'),(1256,'19468','0','VGX-8298','https://via.placeholder.com/640x480.png/003322?text=cars+nam','10',1,'2024-04-05 14:07:18','2024-04-05 17:07:18'),(1257,'14343','0','VXN-3111','https://via.placeholder.com/640x480.png/00ddbb?text=cars+labore','10',1,'2024-04-05 14:07:18','2024-04-05 17:07:18'),(1258,'44729','0','ZQF-7381','https://via.placeholder.com/640x480.png/003311?text=cars+sit','10',5,'2024-04-05 14:07:18','2024-04-05 17:07:18'),(1259,'15320','0','EOD-2264','https://via.placeholder.com/640x480.png/0022cc?text=cars+eaque','10',6,'2024-04-05 14:07:18','2024-04-05 17:07:18'),(1260,'48349','0','CSG-1767','https://via.placeholder.com/640x480.png/001111?text=cars+quisquam','10',4,'2024-04-05 14:07:18','2024-04-05 17:07:18'),(1261,'18062','0','CVL-7924','https://via.placeholder.com/640x480.png/00ffdd?text=cars+neque','10',4,'2024-04-05 14:07:18','2024-04-05 17:07:18'),(1262,'33592','0','SIL-7462','https://via.placeholder.com/640x480.png/00aaaa?text=cars+facilis','10',2,'2024-04-05 14:07:18','2024-04-05 17:07:18'),(1263,'21720','0','LBT-1681','https://via.placeholder.com/640x480.png/0022bb?text=cars+enim','10',1,'2024-04-05 14:07:18','2024-04-05 17:07:18'),(1264,'28726','0','PGL-3576','https://via.placeholder.com/640x480.png/003333?text=cars+ab','10',3,'2024-04-05 14:07:18','2024-04-05 17:07:18'),(1265,'42513','0','VOD-0120','https://via.placeholder.com/640x480.png/009900?text=cars+voluptatem','10',5,'2024-04-05 14:07:18','2024-04-05 17:07:18'),(1266,'16789','0','FYW-7511','https://via.placeholder.com/640x480.png/008833?text=cars+quia','10',2,'2024-04-05 14:07:18','2024-04-05 17:07:18'),(1267,'13557','0','YSO-2944','https://via.placeholder.com/640x480.png/002288?text=cars+qui','10',6,'2024-04-05 14:07:18','2024-04-05 17:07:18'),(1268,'36403','0','SIB-9088','https://via.placeholder.com/640x480.png/005511?text=cars+vel','10',3,'2024-04-05 14:07:18','2024-04-05 17:07:18'),(1269,'39329','0','IJY-0024','https://via.placeholder.com/640x480.png/0044ee?text=cars+aliquid','10',4,'2024-04-05 14:07:18','2024-04-05 17:07:18'),(1270,'22522','0','KBM-6494','https://via.placeholder.com/640x480.png/003355?text=cars+aliquam','10',4,'2024-04-05 14:07:18','2024-04-05 17:07:18'),(1271,'42465','0','XFV-5632','https://via.placeholder.com/640x480.png/00bb66?text=cars+odio','10',1,'2024-04-05 14:07:18','2024-04-05 17:07:18'),(1272,'30026','0','KCE-0907','https://via.placeholder.com/640x480.png/0055ee?text=cars+molestiae','10',2,'2024-04-05 14:07:18','2024-04-05 17:07:18'),(1273,'11363','0','XEA-1025','https://via.placeholder.com/640x480.png/007788?text=cars+saepe','10',5,'2024-04-05 14:07:18','2024-04-05 17:07:18'),(1274,'17843','0','RGS-8518','https://via.placeholder.com/640x480.png/003300?text=cars+id','10',1,'2024-04-05 14:07:18','2024-04-05 17:07:18'),(1275,'22092','0','HXM-7844','https://via.placeholder.com/640x480.png/0022ee?text=cars+autem','10',2,'2024-04-05 14:07:18','2024-04-05 17:07:18'),(1276,'15677','0','HLW-2317','https://via.placeholder.com/640x480.png/006611?text=cars+sed','10',5,'2024-04-05 14:07:18','2024-04-05 17:07:18'),(1277,'38438','0','IOB-5530','https://via.placeholder.com/640x480.png/00aa33?text=cars+nulla','10',3,'2024-04-05 14:07:18','2024-04-05 17:07:18'),(1278,'26059','0','PBI-6388','https://via.placeholder.com/640x480.png/009955?text=cars+aut','10',6,'2024-04-05 14:07:18','2024-04-05 17:07:18'),(1279,'30920','0','MDG-2361','https://via.placeholder.com/640x480.png/008833?text=cars+voluptatem','10',4,'2024-04-05 14:07:18','2024-04-05 17:07:18'),(1280,'25842','0','MZK-1165','https://via.placeholder.com/640x480.png/00bb00?text=cars+suscipit','10',4,'2024-04-05 14:07:18','2024-04-05 17:07:18'),(1281,'10687','0','ZDR-0929','https://via.placeholder.com/640x480.png/0000cc?text=cars+maxime','10',6,'2024-04-05 14:07:18','2024-04-05 17:07:18'),(1282,'21993','0','TYU-3055','https://via.placeholder.com/640x480.png/0099dd?text=cars+enim','10',1,'2024-04-05 14:07:18','2024-04-05 17:07:18'),(1283,'45532','0','RVE-5908','https://via.placeholder.com/640x480.png/008833?text=cars+aperiam','10',1,'2024-04-05 14:07:18','2024-04-05 17:07:18'),(1284,'20272','0','BBO-1905','https://via.placeholder.com/640x480.png/00ff11?text=cars+vel','10',1,'2024-04-05 14:07:18','2024-04-05 17:07:18'),(1285,'37705','0','XHS-4286','https://via.placeholder.com/640x480.png/00cc00?text=cars+aliquid','10',2,'2024-04-05 14:07:18','2024-04-05 17:07:18'),(1286,'42779','0','OWB-6386','https://via.placeholder.com/640x480.png/0022cc?text=cars+et','10',6,'2024-04-05 14:07:18','2024-04-05 17:07:18'),(1287,'21923','0','RHK-9027','https://via.placeholder.com/640x480.png/0099aa?text=cars+accusamus','10',4,'2024-04-05 14:07:18','2024-04-05 17:07:18'),(1288,'21611','0','ILS-0864','https://via.placeholder.com/640x480.png/00ccbb?text=cars+reprehenderit','10',3,'2024-04-05 14:07:18','2024-04-05 17:07:18'),(1289,'25063','0','AQO-3905','https://via.placeholder.com/640x480.png/008822?text=cars+veritatis','10',5,'2024-04-05 14:07:18','2024-04-05 17:07:18'),(1290,'49386','0','YHY-6065','https://via.placeholder.com/640x480.png/00dd77?text=cars+ut','10',6,'2024-04-05 14:07:18','2024-04-05 17:07:18');
/*!40000 ALTER TABLE `parking_records` ENABLE KEYS */;
UNLOCK TABLES;

--
-- Table structure for table `password_resets`
--

DROP TABLE IF EXISTS `password_resets`;
/*!40101 SET @saved_cs_client     = @@character_set_client */;
/*!50503 SET character_set_client = utf8mb4 */;
CREATE TABLE `password_resets` (
  `email` varchar(255) COLLATE utf8mb4_unicode_ci NOT NULL,
  `token` varchar(255) COLLATE utf8mb4_unicode_ci NOT NULL,
  `created_at` timestamp NULL DEFAULT NULL,
  PRIMARY KEY (`email`)
) ENGINE=InnoDB DEFAULT CHARSET=utf8mb4 COLLATE=utf8mb4_unicode_ci;
/*!40101 SET character_set_client = @saved_cs_client */;

--
-- Dumping data for table `password_resets`
--

LOCK TABLES `password_resets` WRITE;
/*!40000 ALTER TABLE `password_resets` DISABLE KEYS */;
/*!40000 ALTER TABLE `password_resets` ENABLE KEYS */;
UNLOCK TABLES;

--
-- Table structure for table `payment_methods`
--

DROP TABLE IF EXISTS `payment_methods`;
/*!40101 SET @saved_cs_client     = @@character_set_client */;
/*!50503 SET character_set_client = utf8mb4 */;
CREATE TABLE `payment_methods` (
  `id` bigint unsigned NOT NULL AUTO_INCREMENT,
  `payment_method` varchar(255) COLLATE utf8mb4_unicode_ci NOT NULL,
  `created_at` timestamp NULL DEFAULT NULL,
  `updated_at` timestamp NULL DEFAULT NULL,
  PRIMARY KEY (`id`)
) ENGINE=InnoDB AUTO_INCREMENT=3 DEFAULT CHARSET=utf8mb4 COLLATE=utf8mb4_unicode_ci;
/*!40101 SET character_set_client = @saved_cs_client */;

--
-- Dumping data for table `payment_methods`
--

LOCK TABLES `payment_methods` WRITE;
/*!40000 ALTER TABLE `payment_methods` DISABLE KEYS */;
INSERT INTO `payment_methods` VALUES (1,'เงินสด','2024-03-19 08:25:00','2024-03-19 08:25:00'),(2,'โอนเงิน','2024-03-19 08:25:00','2024-03-19 08:25:00');
/*!40000 ALTER TABLE `payment_methods` ENABLE KEYS */;
UNLOCK TABLES;

--
-- Table structure for table `payment_transactions`
--

DROP TABLE IF EXISTS `payment_transactions`;
/*!40101 SET @saved_cs_client     = @@character_set_client */;
/*!50503 SET character_set_client = utf8mb4 */;
CREATE TABLE `payment_transactions` (
  `id` bigint unsigned NOT NULL AUTO_INCREMENT,
  `payment_status` varchar(255) COLLATE utf8mb4_unicode_ci NOT NULL,
  `payment_method_id` bigint unsigned DEFAULT NULL,
  `paid_datetime` varchar(255) COLLATE utf8mb4_unicode_ci NOT NULL,
  `fee` varchar(255) COLLATE utf8mb4_unicode_ci NOT NULL,
  `parking_record_id` bigint unsigned NOT NULL,
  `created_at` timestamp NULL DEFAULT NULL,
  `updated_at` timestamp NULL DEFAULT NULL,
  PRIMARY KEY (`id`),
  KEY `payment_transactions_payment_method_id_foreign` (`payment_method_id`),
  KEY `payment_transactions_parking_record_id_foreign` (`parking_record_id`),
  CONSTRAINT `payment_transactions_parking_record_id_foreign` FOREIGN KEY (`parking_record_id`) REFERENCES `parking_records` (`id`),
  CONSTRAINT `payment_transactions_payment_method_id_foreign` FOREIGN KEY (`payment_method_id`) REFERENCES `payment_methods` (`id`)
) ENGINE=InnoDB AUTO_INCREMENT=452 DEFAULT CHARSET=utf8mb4 COLLATE=utf8mb4_unicode_ci;
/*!40101 SET character_set_client = @saved_cs_client */;

--
-- Dumping data for table `payment_transactions`
--

LOCK TABLES `payment_transactions` WRITE;
/*!40000 ALTER TABLE `payment_transactions` DISABLE KEYS */;
INSERT INTO `payment_transactions` VALUES (34,'0',1,'2024-04-05 08:08:21','20',471,'2024-04-05 07:03:01','2024-04-05 07:03:01'),(35,'0',2,'2024-04-05 08:08:21','20',720,'2024-04-05 07:03:01','2024-04-05 07:03:01'),(36,'0',2,'2024-04-05 08:08:21','20',318,'2024-04-05 07:03:01','2024-04-05 07:03:01'),(37,'1',1,'2024-04-05 08:08:21','20',265,'2024-04-05 07:03:01','2024-04-05 07:03:01'),(38,'1',1,'2024-04-05 08:08:21','20',793,'2024-04-05 07:03:01','2024-04-05 07:03:01'),(39,'0',1,'2024-04-05 08:08:21','20',639,'2024-04-05 07:03:01','2024-04-05 07:03:01'),(40,'0',1,'2024-04-05 08:08:21','20',370,'2024-04-05 07:04:04','2024-04-05 07:04:04'),(41,'0',2,'2024-04-05 08:08:21','20',684,'2024-04-05 07:04:04','2024-04-05 07:04:04'),(42,'1',2,'2024-04-05 08:08:21','20',58,'2024-04-05 07:04:04','2024-04-05 07:04:04'),(43,'1',2,'2024-04-05 08:08:21','20',724,'2024-04-05 07:04:04','2024-04-05 07:04:04'),(44,'1',2,'2024-04-05 08:08:21','20',759,'2024-04-05 07:04:04','2024-04-05 07:04:04'),(45,'0',2,'2024-04-05 08:08:21','20',440,'2024-04-05 07:04:04','2024-04-05 07:04:04'),(46,'1',2,'2024-04-05 08:08:21','20',708,'2024-04-05 07:04:04','2024-04-05 07:04:04'),(47,'0',1,'2024-04-05 08:08:21','20',300,'2024-04-05 07:04:04','2024-04-05 07:04:04'),(48,'1',1,'2024-04-05 08:08:21','20',854,'2024-04-05 07:04:04','2024-04-05 07:04:04'),(49,'0',2,'2024-04-05 08:08:21','20',226,'2024-04-05 07:04:04','2024-04-05 07:04:04'),(50,'0',1,'2024-04-05 08:08:21','20',540,'2024-04-05 07:04:04','2024-04-05 07:04:04'),(52,'1',2,'2024-04-05 08:08:21','20',891,'2024-04-05 07:06:49','2024-04-05 07:06:49'),(53,'1',1,'2024-04-05 08:08:21','20',892,'2024-04-05 07:06:49','2024-04-05 07:06:49'),(54,'1',1,'2024-04-05 08:08:21','20',893,'2024-04-05 07:06:49','2024-04-05 07:06:49'),(55,'0',1,'2024-04-05 08:08:21','20',894,'2024-04-05 07:06:49','2024-04-05 07:06:49'),(56,'0',2,'2024-04-05 08:08:21','20',895,'2024-04-05 07:06:49','2024-04-05 07:06:49'),(57,'0',2,'2024-04-05 08:08:21','20',896,'2024-04-05 07:06:49','2024-04-05 07:06:49'),(58,'1',1,'2024-04-05 08:08:21','20',897,'2024-04-05 07:06:49','2024-04-05 07:06:49'),(59,'0',2,'2024-04-05 08:08:21','20',898,'2024-04-05 07:06:49','2024-04-05 07:06:49'),(60,'0',1,'2024-04-05 08:08:21','20',899,'2024-04-05 07:06:49','2024-04-05 07:06:49'),(61,'1',2,'2024-04-05 08:08:21','20',900,'2024-04-05 07:06:49','2024-04-05 07:06:49'),(62,'1',1,'2024-04-05 08:08:21','20',901,'2024-04-05 07:06:49','2024-04-05 07:06:49'),(63,'0',2,'2024-04-05 08:08:21','20',902,'2024-04-05 07:06:49','2024-04-05 07:06:49'),(64,'0',2,'2024-04-05 08:08:21','20',903,'2024-04-05 07:06:49','2024-04-05 07:06:49'),(65,'1',2,'2024-04-05 08:08:21','20',904,'2024-04-05 07:06:49','2024-04-05 07:06:49'),(66,'0',2,'2024-04-05 08:08:21','20',905,'2024-04-05 07:06:49','2024-04-05 07:06:49'),(67,'0',2,'2024-04-05 08:08:21','20',906,'2024-04-05 07:06:49','2024-04-05 07:06:49'),(68,'0',2,'2024-04-05 08:08:21','20',907,'2024-04-05 07:06:49','2024-04-05 07:06:49'),(69,'1',2,'2024-04-05 08:08:21','20',908,'2024-04-05 07:06:49','2024-04-05 07:06:49'),(70,'0',2,'2024-04-05 08:08:21','20',909,'2024-04-05 07:06:49','2024-04-05 07:06:49'),(71,'0',2,'2024-04-05 08:08:21','20',910,'2024-04-05 07:06:49','2024-04-05 07:06:49'),(72,'0',2,'2024-04-05 08:08:21','20',911,'2024-04-05 07:06:49','2024-04-05 07:06:49'),(73,'1',1,'2024-04-05 08:08:21','20',912,'2024-04-05 07:06:49','2024-04-05 07:06:49'),(74,'0',2,'2024-04-05 08:08:21','20',913,'2024-04-05 07:06:49','2024-04-05 07:06:49'),(75,'1',1,'2024-04-05 08:08:21','20',914,'2024-04-05 07:06:49','2024-04-05 07:06:49'),(76,'0',2,'2024-04-05 08:08:21','20',915,'2024-04-05 07:06:49','2024-04-05 07:06:49'),(77,'0',2,'2024-04-05 08:08:21','20',916,'2024-04-05 07:06:49','2024-04-05 07:06:49'),(78,'1',1,'2024-04-05 08:08:21','20',917,'2024-04-05 07:06:49','2024-04-05 07:06:49'),(79,'1',1,'2024-04-05 08:08:21','20',918,'2024-04-05 07:06:49','2024-04-05 07:06:49'),(80,'1',2,'2024-04-05 08:08:21','20',919,'2024-04-05 07:06:49','2024-04-05 07:06:49'),(81,'1',1,'2024-04-05 08:08:21','20',920,'2024-04-05 07:06:49','2024-04-05 07:06:49'),(82,'1',2,'2024-04-05 08:08:21','20',921,'2024-04-05 07:06:49','2024-04-05 07:06:49'),(83,'1',1,'2024-04-05 08:08:21','20',922,'2024-04-05 07:06:49','2024-04-05 07:06:49'),(84,'0',2,'2024-04-05 08:08:21','20',923,'2024-04-05 07:06:49','2024-04-05 07:06:49'),(85,'1',1,'2024-04-05 08:08:21','20',924,'2024-04-05 07:06:49','2024-04-05 07:06:49'),(86,'0',2,'2024-04-05 08:08:21','20',925,'2024-04-05 07:06:49','2024-04-05 07:06:49'),(87,'1',1,'2024-04-05 08:08:21','20',926,'2024-04-05 07:06:49','2024-04-05 07:06:49'),(88,'1',2,'2024-04-05 08:08:21','20',927,'2024-04-05 07:06:49','2024-04-05 07:06:49'),(89,'1',2,'2024-04-05 08:08:21','20',928,'2024-04-05 07:06:49','2024-04-05 07:06:49'),(90,'0',2,'2024-04-05 08:08:21','20',929,'2024-04-05 07:06:49','2024-04-05 07:06:49'),(91,'0',1,'2024-04-05 08:08:21','20',930,'2024-04-05 07:06:49','2024-04-05 07:06:49'),(92,'1',2,'2024-04-05 08:08:21','20',931,'2024-04-05 07:06:49','2024-04-05 07:06:49'),(93,'1',2,'2024-04-05 08:08:21','20',932,'2024-04-05 07:06:49','2024-04-05 07:06:49'),(94,'1',2,'2024-04-05 08:08:21','20',933,'2024-04-05 07:06:49','2024-04-05 07:06:49'),(95,'0',1,'2024-04-05 08:08:21','20',934,'2024-04-05 07:06:49','2024-04-05 07:06:49'),(96,'0',2,'2024-04-05 08:08:21','20',935,'2024-04-05 07:06:49','2024-04-05 07:06:49'),(97,'0',2,'2024-04-05 08:08:21','20',936,'2024-04-05 07:06:49','2024-04-05 07:06:49'),(98,'0',2,'2024-04-05 08:08:21','20',937,'2024-04-05 07:06:49','2024-04-05 07:06:49'),(99,'0',1,'2024-04-05 08:08:21','20',938,'2024-04-05 07:06:49','2024-04-05 07:06:49'),(100,'1',1,'2024-04-05 08:08:21','20',939,'2024-04-05 07:06:49','2024-04-05 07:06:49'),(101,'0',2,'2024-04-05 08:08:21','20',940,'2024-04-05 07:06:49','2024-04-05 07:06:49'),(102,'0',1,'2024-04-05 08:08:21','20',941,'2024-04-05 07:06:49','2024-04-05 07:06:49'),(103,'0',2,'2024-04-05 08:08:21','20',942,'2024-04-05 07:06:49','2024-04-05 07:06:49'),(104,'0',2,'2024-04-05 08:08:21','20',943,'2024-04-05 07:06:49','2024-04-05 07:06:49'),(105,'0',1,'2024-04-05 08:08:21','20',944,'2024-04-05 07:06:49','2024-04-05 07:06:49'),(106,'1',2,'2024-04-05 08:08:21','20',945,'2024-04-05 07:06:49','2024-04-05 07:06:49'),(107,'1',1,'2024-04-05 08:08:21','20',946,'2024-04-05 07:06:49','2024-04-05 07:06:49'),(108,'1',1,'2024-04-05 08:08:21','20',947,'2024-04-05 07:06:49','2024-04-05 07:06:49'),(109,'1',1,'2024-04-05 08:08:21','20',948,'2024-04-05 07:06:49','2024-04-05 07:06:49'),(110,'1',2,'2024-04-05 08:08:21','20',949,'2024-04-05 07:06:49','2024-04-05 07:06:49'),(111,'0',2,'2024-04-05 08:08:21','20',950,'2024-04-05 07:06:49','2024-04-05 07:06:49'),(112,'1',2,'2024-04-05 08:08:21','20',951,'2024-04-05 07:06:49','2024-04-05 07:06:49'),(113,'0',2,'2024-04-05 08:08:21','20',952,'2024-04-05 07:06:49','2024-04-05 07:06:49'),(114,'0',1,'2024-04-05 08:08:21','20',953,'2024-04-05 07:06:49','2024-04-05 07:06:49'),(115,'1',1,'2024-04-05 08:08:21','20',954,'2024-04-05 07:06:49','2024-04-05 07:06:49'),(116,'1',1,'2024-04-05 08:08:21','20',955,'2024-04-05 07:06:49','2024-04-05 07:06:49'),(117,'0',2,'2024-04-05 08:08:21','20',956,'2024-04-05 07:06:49','2024-04-05 07:06:49'),(118,'1',2,'2024-04-05 08:08:21','20',957,'2024-04-05 07:06:49','2024-04-05 07:06:49'),(119,'1',2,'2024-04-05 08:08:21','20',958,'2024-04-05 07:06:49','2024-04-05 07:06:49'),(120,'1',1,'2024-04-05 08:08:21','20',959,'2024-04-05 07:06:49','2024-04-05 07:06:49'),(121,'0',2,'2024-04-05 08:08:21','20',960,'2024-04-05 07:06:49','2024-04-05 07:06:49'),(122,'0',1,'2024-04-05 08:08:21','20',961,'2024-04-05 07:06:49','2024-04-05 07:06:49'),(123,'1',2,'2024-04-05 08:08:21','20',962,'2024-04-05 07:06:49','2024-04-05 07:06:49'),(124,'1',1,'2024-04-05 08:08:21','20',963,'2024-04-05 07:06:49','2024-04-05 07:06:49'),(125,'1',2,'2024-04-05 08:08:21','20',964,'2024-04-05 07:06:49','2024-04-05 07:06:49'),(126,'0',1,'2024-04-05 08:08:21','20',965,'2024-04-05 07:06:49','2024-04-05 07:06:49'),(127,'1',1,'2024-04-05 08:08:21','20',966,'2024-04-05 07:06:49','2024-04-05 07:06:49'),(128,'1',1,'2024-04-05 08:08:21','20',967,'2024-04-05 07:06:49','2024-04-05 07:06:49'),(129,'0',2,'2024-04-05 08:08:21','20',968,'2024-04-05 07:06:49','2024-04-05 07:06:49'),(130,'0',2,'2024-04-05 08:08:21','20',969,'2024-04-05 07:06:49','2024-04-05 07:06:49'),(131,'1',1,'2024-04-05 08:08:21','20',970,'2024-04-05 07:06:49','2024-04-05 07:06:49'),(132,'0',2,'2024-04-05 08:08:21','20',971,'2024-04-05 07:06:49','2024-04-05 07:06:49'),(133,'0',2,'2024-04-05 08:08:21','20',972,'2024-04-05 07:06:49','2024-04-05 07:06:49'),(134,'0',1,'2024-04-05 08:08:21','20',973,'2024-04-05 07:06:49','2024-04-05 07:06:49'),(135,'0',1,'2024-04-05 08:08:21','20',974,'2024-04-05 07:06:49','2024-04-05 07:06:49'),(136,'0',2,'2024-04-05 08:08:21','20',975,'2024-04-05 07:06:49','2024-04-05 07:06:49'),(137,'0',2,'2024-04-05 08:08:21','20',976,'2024-04-05 07:06:49','2024-04-05 07:06:49'),(138,'1',1,'2024-04-05 08:08:21','20',977,'2024-04-05 07:06:49','2024-04-05 07:06:49'),(139,'1',2,'2024-04-05 08:08:21','20',978,'2024-04-05 07:06:49','2024-04-05 07:06:49'),(140,'1',1,'2024-04-05 08:08:21','20',979,'2024-04-05 07:06:49','2024-04-05 07:06:49'),(141,'1',1,'2024-04-05 08:08:21','20',980,'2024-04-05 07:06:49','2024-04-05 07:06:49'),(142,'0',1,'2024-04-05 08:08:21','20',981,'2024-04-05 07:06:49','2024-04-05 07:06:49'),(143,'0',2,'2024-04-05 08:08:21','20',982,'2024-04-05 07:06:49','2024-04-05 07:06:49'),(144,'0',1,'2024-04-05 08:08:21','20',983,'2024-04-05 07:06:49','2024-04-05 07:06:49'),(145,'1',2,'2024-04-05 08:08:21','20',984,'2024-04-05 07:06:49','2024-04-05 07:06:49'),(146,'1',1,'2024-04-05 08:08:21','20',985,'2024-04-05 07:06:49','2024-04-05 07:06:49'),(147,'0',1,'2024-04-05 08:08:21','20',986,'2024-04-05 07:06:49','2024-04-05 07:06:49'),(148,'1',1,'2024-04-05 08:08:21','20',987,'2024-04-05 07:06:49','2024-04-05 07:06:49'),(149,'0',2,'2024-04-05 08:08:21','20',988,'2024-04-05 07:06:49','2024-04-05 07:06:49'),(150,'1',2,'2024-04-05 08:08:21','20',989,'2024-04-05 07:06:49','2024-04-05 07:06:49'),(151,'1',2,'2024-04-05 08:08:21','20',990,'2024-04-05 07:06:49','2024-04-05 07:06:49'),(152,'0',2,'2024-04-05 08:08:21','20',991,'2024-04-05 07:06:49','2024-04-05 07:06:49'),(153,'1',1,'2024-04-05 08:08:21','20',992,'2024-04-05 07:06:49','2024-04-05 07:06:49'),(154,'0',2,'2024-04-05 08:08:21','20',993,'2024-04-05 07:06:49','2024-04-05 07:06:49'),(155,'0',1,'2024-04-05 08:08:21','20',994,'2024-04-05 07:06:49','2024-04-05 07:06:49'),(156,'0',2,'2024-04-05 08:08:21','20',995,'2024-04-05 07:06:49','2024-04-05 07:06:49'),(157,'0',1,'2024-04-05 08:08:21','20',996,'2024-04-05 07:06:49','2024-04-05 07:06:49'),(158,'0',1,'2024-04-05 08:08:21','20',997,'2024-04-05 07:06:49','2024-04-05 07:06:49'),(159,'1',1,'2024-04-05 08:08:21','20',998,'2024-04-05 07:06:49','2024-04-05 07:06:49'),(160,'0',1,'2024-04-05 08:08:21','20',999,'2024-04-05 07:06:49','2024-04-05 07:06:49'),(161,'1',1,'2024-04-05 08:08:21','20',1000,'2024-04-05 07:06:49','2024-04-05 07:06:49'),(162,'0',2,'2024-04-05 08:08:21','20',1001,'2024-04-05 07:06:49','2024-04-05 07:06:49'),(163,'0',1,'2024-04-05 08:08:21','20',1002,'2024-04-05 07:06:49','2024-04-05 07:06:49'),(164,'0',2,'2024-04-05 08:08:21','20',1003,'2024-04-05 07:06:49','2024-04-05 07:06:49'),(165,'1',1,'2024-04-05 08:08:21','20',1004,'2024-04-05 07:06:49','2024-04-05 07:06:49'),(166,'0',1,'2024-04-05 08:08:21','20',1005,'2024-04-05 07:06:49','2024-04-05 07:06:49'),(167,'1',2,'2024-04-05 08:08:21','20',1006,'2024-04-05 07:06:49','2024-04-05 07:06:49'),(168,'0',1,'2024-04-05 08:08:21','20',1007,'2024-04-05 07:06:49','2024-04-05 07:06:49'),(169,'0',2,'2024-04-05 08:08:21','20',1008,'2024-04-05 07:06:49','2024-04-05 07:06:49'),(170,'0',2,'2024-04-05 08:08:21','20',1009,'2024-04-05 07:06:49','2024-04-05 07:06:49'),(171,'0',1,'2024-04-05 08:08:21','20',1010,'2024-04-05 07:06:49','2024-04-05 07:06:49'),(172,'0',2,'2024-04-05 08:08:21','20',1011,'2024-04-05 07:06:49','2024-04-05 07:06:49'),(173,'1',1,'2024-04-05 08:08:21','20',1012,'2024-04-05 07:06:49','2024-04-05 07:06:49'),(174,'1',1,'2024-04-05 08:08:21','20',1013,'2024-04-05 07:06:49','2024-04-05 07:06:49'),(175,'0',1,'2024-04-05 08:08:21','20',1014,'2024-04-05 07:06:49','2024-04-05 07:06:49'),(176,'0',2,'2024-04-05 08:08:21','20',1015,'2024-04-05 07:06:49','2024-04-05 07:06:49'),(177,'1',2,'2024-04-05 08:08:21','20',1016,'2024-04-05 07:06:49','2024-04-05 07:06:49'),(178,'1',1,'2024-04-05 08:08:21','20',1017,'2024-04-05 07:06:49','2024-04-05 07:06:49'),(179,'0',1,'2024-04-05 08:08:21','20',1018,'2024-04-05 07:06:49','2024-04-05 07:06:49'),(180,'0',1,'2024-04-05 08:08:21','20',1019,'2024-04-05 07:06:49','2024-04-05 07:06:49'),(181,'1',1,'2024-04-05 08:08:21','20',1020,'2024-04-05 07:06:49','2024-04-05 07:06:49'),(182,'0',1,'2024-04-05 08:08:21','20',1021,'2024-04-05 07:06:49','2024-04-05 07:06:49'),(183,'0',1,'2024-04-05 08:08:21','20',1022,'2024-04-05 07:06:49','2024-04-05 07:06:49'),(184,'0',1,'2024-04-05 08:08:21','20',1023,'2024-04-05 07:06:49','2024-04-05 07:06:49'),(185,'0',2,'2024-04-05 08:08:21','20',1024,'2024-04-05 07:06:49','2024-04-05 07:06:49'),(186,'1',2,'2024-04-05 08:08:21','20',1025,'2024-04-05 07:06:49','2024-04-05 07:06:49'),(187,'1',1,'2024-04-05 08:08:21','20',1026,'2024-04-05 07:06:49','2024-04-05 07:06:49'),(188,'0',1,'2024-04-05 08:08:21','20',1027,'2024-04-05 07:06:49','2024-04-05 07:06:49'),(189,'1',2,'2024-04-05 08:08:21','20',1028,'2024-04-05 07:06:49','2024-04-05 07:06:49'),(190,'0',2,'2024-04-05 08:08:21','20',1029,'2024-04-05 07:06:49','2024-04-05 07:06:49'),(191,'1',1,'2024-04-05 08:08:21','20',1030,'2024-04-05 07:06:49','2024-04-05 07:06:49'),(192,'1',1,'2024-04-05 08:08:21','20',1031,'2024-04-05 07:06:49','2024-04-05 07:06:49'),(193,'0',1,'2024-04-05 08:08:21','20',1032,'2024-04-05 07:06:49','2024-04-05 07:06:49'),(194,'1',1,'2024-04-05 08:08:21','20',1033,'2024-04-05 07:06:49','2024-04-05 07:06:49'),(195,'1',1,'2024-04-05 08:08:21','20',1034,'2024-04-05 07:06:49','2024-04-05 07:06:49'),(196,'1',2,'2024-04-05 08:08:21','20',1035,'2024-04-05 07:06:49','2024-04-05 07:06:49'),(197,'1',1,'2024-04-05 08:08:21','20',1036,'2024-04-05 07:06:49','2024-04-05 07:06:49'),(198,'0',2,'2024-04-05 08:08:21','20',1037,'2024-04-05 07:06:49','2024-04-05 07:06:49'),(199,'0',1,'2024-04-05 08:08:21','20',1038,'2024-04-05 07:06:49','2024-04-05 07:06:49'),(200,'0',2,'2024-04-05 08:08:21','20',1039,'2024-04-05 07:06:49','2024-04-05 07:06:49'),(201,'0',1,'2024-04-05 08:08:21','20',1040,'2024-04-05 07:06:49','2024-04-05 07:06:49'),(202,'1',2,'2024-04-05 08:08:21','20',1041,'2024-04-05 07:06:49','2024-04-05 07:06:49'),(203,'1',2,'2024-04-05 08:08:21','20',1042,'2024-04-05 07:06:49','2024-04-05 07:06:49'),(204,'0',1,'2024-04-05 08:08:21','20',1043,'2024-04-05 07:06:49','2024-04-05 07:06:49'),(205,'1',2,'2024-04-05 08:08:21','20',1044,'2024-04-05 07:06:49','2024-04-05 07:06:49'),(206,'1',1,'2024-04-05 08:08:21','20',1045,'2024-04-05 07:06:49','2024-04-05 07:06:49'),(207,'0',1,'2024-04-05 08:08:21','20',1046,'2024-04-05 07:06:49','2024-04-05 07:06:49'),(208,'1',2,'2024-04-05 08:08:21','20',1047,'2024-04-05 07:06:49','2024-04-05 07:06:49'),(209,'1',1,'2024-04-05 08:08:21','20',1048,'2024-04-05 07:06:49','2024-04-05 07:06:49'),(210,'0',2,'2024-04-05 08:08:21','20',1049,'2024-04-05 07:06:49','2024-04-05 07:06:49'),(211,'0',1,'2024-04-05 08:08:21','20',1050,'2024-04-05 07:06:49','2024-04-05 07:06:49'),(212,'0',1,'2024-04-05 08:08:21','20',1051,'2024-04-05 07:06:49','2024-04-05 07:06:49'),(213,'0',1,'2024-04-05 08:08:21','20',1052,'2024-04-05 07:06:49','2024-04-05 07:06:49'),(214,'0',2,'2024-04-05 08:08:21','20',1053,'2024-04-05 07:06:49','2024-04-05 07:06:49'),(215,'0',2,'2024-04-05 08:08:21','20',1054,'2024-04-05 07:06:49','2024-04-05 07:06:49'),(216,'1',2,'2024-04-05 08:08:21','20',1055,'2024-04-05 07:06:49','2024-04-05 07:06:49'),(217,'0',1,'2024-04-05 08:08:21','20',1056,'2024-04-05 07:06:49','2024-04-05 07:06:49'),(218,'1',2,'2024-04-05 08:08:21','20',1057,'2024-04-05 07:06:49','2024-04-05 07:06:49'),(219,'0',1,'2024-04-05 08:08:21','20',1058,'2024-04-05 07:06:49','2024-04-05 07:06:49'),(220,'0',1,'2024-04-05 08:08:21','20',1059,'2024-04-05 07:06:49','2024-04-05 07:06:49'),(221,'0',1,'2024-04-05 08:08:21','20',1060,'2024-04-05 07:06:49','2024-04-05 07:06:49'),(222,'1',2,'2024-04-05 08:08:21','20',1061,'2024-04-05 07:06:49','2024-04-05 07:06:49'),(223,'1',2,'2024-04-05 08:08:21','20',1062,'2024-04-05 07:06:49','2024-04-05 07:06:49'),(224,'0',1,'2024-04-05 08:08:21','20',1063,'2024-04-05 07:06:49','2024-04-05 07:06:49'),(225,'1',2,'2024-04-05 08:08:21','20',1064,'2024-04-05 07:06:49','2024-04-05 07:06:49'),(226,'1',2,'2024-04-05 08:08:21','20',1065,'2024-04-05 07:06:49','2024-04-05 07:06:49'),(227,'0',2,'2024-04-05 08:08:21','20',1066,'2024-04-05 07:06:49','2024-04-05 07:06:49'),(228,'0',1,'2024-04-05 08:08:21','20',1067,'2024-04-05 07:06:49','2024-04-05 07:06:49'),(229,'0',1,'2024-04-05 08:08:21','20',1068,'2024-04-05 07:06:49','2024-04-05 07:06:49'),(230,'0',1,'2024-04-05 08:08:21','20',1069,'2024-04-05 07:06:49','2024-04-05 07:06:49'),(231,'0',1,'2024-04-05 08:08:21','20',1070,'2024-04-05 07:06:49','2024-04-05 07:06:49'),(232,'1',1,'2024-04-05 08:08:21','20',1071,'2024-04-05 07:06:49','2024-04-05 07:06:49'),(233,'1',1,'2024-04-05 08:08:21','20',1072,'2024-04-05 07:06:49','2024-04-05 07:06:49'),(234,'0',1,'2024-04-05 08:08:21','20',1073,'2024-04-05 07:06:49','2024-04-05 07:06:49'),(235,'1',2,'2024-04-05 08:08:21','20',1074,'2024-04-05 07:06:49','2024-04-05 07:06:49'),(236,'0',1,'2024-04-05 08:08:21','20',1075,'2024-04-05 07:06:49','2024-04-05 07:06:49'),(237,'0',1,'2024-04-05 08:08:21','20',1076,'2024-04-05 07:06:49','2024-04-05 07:06:49'),(238,'0',2,'2024-04-05 08:08:21','20',1077,'2024-04-05 07:06:49','2024-04-05 07:06:49'),(239,'0',2,'2024-04-05 08:08:21','20',1078,'2024-04-05 07:06:49','2024-04-05 07:06:49'),(240,'1',2,'2024-04-05 08:08:21','20',1079,'2024-04-05 07:06:49','2024-04-05 07:06:49'),(241,'0',1,'2024-04-05 08:08:21','20',1080,'2024-04-05 07:06:49','2024-04-05 07:06:49'),(242,'0',2,'2024-04-05 08:08:21','20',1081,'2024-04-05 07:06:49','2024-04-05 07:06:49'),(243,'1',2,'2024-04-05 08:08:21','20',1082,'2024-04-05 07:06:49','2024-04-05 07:06:49'),(244,'1',1,'2024-04-05 08:08:21','20',1083,'2024-04-05 07:06:49','2024-04-05 07:06:49'),(245,'0',2,'2024-04-05 08:08:21','20',1084,'2024-04-05 07:06:49','2024-04-05 07:06:49'),(246,'0',2,'2024-04-05 08:08:21','20',1085,'2024-04-05 07:06:49','2024-04-05 07:06:49'),(247,'1',1,'2024-04-05 08:08:21','20',1086,'2024-04-05 07:06:49','2024-04-05 07:06:49'),(248,'0',1,'2024-04-05 08:08:21','20',1087,'2024-04-05 07:06:49','2024-04-05 07:06:49'),(249,'1',1,'2024-04-05 08:08:21','20',1088,'2024-04-05 07:06:49','2024-04-05 07:06:49'),(250,'0',2,'2024-04-05 08:08:21','20',1089,'2024-04-05 07:06:49','2024-04-05 07:06:49'),(251,'0',2,'2024-04-05 08:08:21','20',1090,'2024-04-05 07:06:49','2024-04-05 07:06:49'),(252,'1',1,'2024-04-05 08:08:21','20',1091,'2024-04-05 07:07:18','2024-04-05 07:07:18'),(253,'0',1,'2024-04-05 08:08:21','20',1092,'2024-04-05 07:07:18','2024-04-05 07:07:18'),(254,'0',1,'2024-04-05 08:08:21','20',1093,'2024-04-05 07:07:18','2024-04-05 07:07:18'),(255,'0',1,'2024-04-05 08:08:21','20',1094,'2024-04-05 07:07:18','2024-04-05 07:07:18'),(256,'0',1,'2024-04-05 08:08:21','20',1095,'2024-04-05 07:07:18','2024-04-05 07:07:18'),(257,'0',2,'2024-04-05 08:08:21','20',1096,'2024-04-05 07:07:18','2024-04-05 07:07:18'),(258,'1',2,'2024-04-05 08:08:21','20',1097,'2024-04-05 07:07:19','2024-04-05 07:07:19'),(259,'1',2,'2024-04-05 08:08:21','20',1098,'2024-04-05 07:07:19','2024-04-05 07:07:19'),(260,'1',1,'2024-04-05 08:08:21','20',1099,'2024-04-05 07:07:19','2024-04-05 07:07:19'),(261,'0',2,'2024-04-05 08:08:21','20',1100,'2024-04-05 07:07:19','2024-04-05 07:07:19'),(262,'0',2,'2024-04-05 08:08:21','20',1101,'2024-04-05 07:07:19','2024-04-05 07:07:19'),(263,'1',1,'2024-04-05 08:08:21','20',1102,'2024-04-05 07:07:19','2024-04-05 07:07:19'),(264,'1',1,'2024-04-05 08:08:21','20',1103,'2024-04-05 07:07:19','2024-04-05 07:07:19'),(265,'0',2,'2024-04-05 08:08:21','20',1104,'2024-04-05 07:07:19','2024-04-05 07:07:19'),(266,'1',2,'2024-04-05 08:08:21','20',1105,'2024-04-05 07:07:19','2024-04-05 07:07:19'),(267,'0',1,'2024-04-05 08:08:21','20',1106,'2024-04-05 07:07:19','2024-04-05 07:07:19'),(268,'1',1,'2024-04-05 08:08:21','20',1107,'2024-04-05 07:07:19','2024-04-05 07:07:19'),(269,'1',2,'2024-04-05 08:08:21','20',1108,'2024-04-05 07:07:19','2024-04-05 07:07:19'),(270,'0',1,'2024-04-05 08:08:21','20',1109,'2024-04-05 07:07:19','2024-04-05 07:07:19'),(271,'0',2,'2024-04-05 08:08:21','20',1110,'2024-04-05 07:07:19','2024-04-05 07:07:19'),(272,'0',2,'2024-04-05 08:08:21','20',1111,'2024-04-05 07:07:19','2024-04-05 07:07:19'),(273,'1',2,'2024-04-05 08:08:21','20',1112,'2024-04-05 07:07:19','2024-04-05 07:07:19'),(274,'1',2,'2024-04-05 08:08:21','20',1113,'2024-04-05 07:07:19','2024-04-05 07:07:19'),(275,'0',2,'2024-04-05 08:08:21','20',1114,'2024-04-05 07:07:19','2024-04-05 07:07:19'),(276,'1',2,'2024-04-05 08:08:21','20',1115,'2024-04-05 07:07:19','2024-04-05 07:07:19'),(277,'1',1,'2024-04-05 08:08:21','20',1116,'2024-04-05 07:07:19','2024-04-05 07:07:19'),(278,'0',1,'2024-04-05 08:08:21','20',1117,'2024-04-05 07:07:19','2024-04-05 07:07:19'),(279,'1',1,'2024-04-05 08:08:21','20',1118,'2024-04-05 07:07:19','2024-04-05 07:07:19'),(280,'1',2,'2024-04-05 08:08:21','20',1119,'2024-04-05 07:07:19','2024-04-05 07:07:19'),(281,'1',1,'2024-04-05 08:08:21','20',1120,'2024-04-05 07:07:19','2024-04-05 07:07:19'),(282,'0',2,'2024-04-05 08:08:21','20',1121,'2024-04-05 07:07:19','2024-04-05 07:07:19'),(283,'1',2,'2024-04-05 08:08:21','20',1122,'2024-04-05 07:07:19','2024-04-05 07:07:19'),(284,'0',1,'2024-04-05 08:08:21','20',1123,'2024-04-05 07:07:19','2024-04-05 07:07:19'),(285,'1',1,'2024-04-05 08:08:21','20',1124,'2024-04-05 07:07:19','2024-04-05 07:07:19'),(286,'0',1,'2024-04-05 08:08:21','20',1125,'2024-04-05 07:07:19','2024-04-05 07:07:19'),(287,'1',2,'2024-04-05 08:08:21','20',1126,'2024-04-05 07:07:19','2024-04-05 07:07:19'),(288,'0',1,'2024-04-05 08:08:21','20',1127,'2024-04-05 07:07:19','2024-04-05 07:07:19'),(289,'0',1,'2024-04-05 08:08:21','20',1128,'2024-04-05 07:07:19','2024-04-05 07:07:19'),(290,'1',1,'2024-04-05 08:08:21','20',1129,'2024-04-05 07:07:19','2024-04-05 07:07:19'),(291,'1',2,'2024-04-05 08:08:21','20',1130,'2024-04-05 07:07:19','2024-04-05 07:07:19'),(292,'1',1,'2024-04-05 08:08:21','20',1131,'2024-04-05 07:07:19','2024-04-05 07:07:19'),(293,'1',2,'2024-04-05 08:08:21','20',1132,'2024-04-05 07:07:19','2024-04-05 07:07:19'),(294,'1',2,'2024-04-05 08:08:21','20',1133,'2024-04-05 07:07:19','2024-04-05 07:07:19'),(295,'0',1,'2024-04-05 08:08:21','20',1134,'2024-04-05 07:07:19','2024-04-05 07:07:19'),(296,'0',1,'2024-04-05 08:08:21','20',1135,'2024-04-05 07:07:19','2024-04-05 07:07:19'),(297,'1',1,'2024-04-05 08:08:21','20',1136,'2024-04-05 07:07:19','2024-04-05 07:07:19'),(298,'1',2,'2024-04-05 08:08:21','20',1137,'2024-04-05 07:07:19','2024-04-05 07:07:19'),(299,'0',1,'2024-04-05 08:08:21','20',1138,'2024-04-05 07:07:19','2024-04-05 07:07:19'),(300,'1',1,'2024-04-05 08:08:21','20',1139,'2024-04-05 07:07:19','2024-04-05 07:07:19'),(301,'0',2,'2024-04-05 08:08:21','20',1140,'2024-04-05 07:07:19','2024-04-05 07:07:19'),(302,'1',1,'2024-04-05 08:08:21','20',1141,'2024-04-05 07:07:19','2024-04-05 07:07:19'),(303,'1',1,'2024-04-05 08:08:21','20',1142,'2024-04-05 07:07:19','2024-04-05 07:07:19'),(304,'0',1,'2024-04-05 08:08:21','20',1143,'2024-04-05 07:07:19','2024-04-05 07:07:19'),(305,'0',2,'2024-04-05 08:08:21','20',1144,'2024-04-05 07:07:19','2024-04-05 07:07:19'),(306,'0',2,'2024-04-05 08:08:21','20',1145,'2024-04-05 07:07:19','2024-04-05 07:07:19'),(307,'0',1,'2024-04-05 08:08:21','20',1146,'2024-04-05 07:07:19','2024-04-05 07:07:19'),(308,'1',2,'2024-04-05 08:08:21','20',1147,'2024-04-05 07:07:19','2024-04-05 07:07:19'),(309,'1',2,'2024-04-05 08:08:21','20',1148,'2024-04-05 07:07:19','2024-04-05 07:07:19'),(310,'0',1,'2024-04-05 08:08:21','20',1149,'2024-04-05 07:07:19','2024-04-05 07:07:19'),(311,'1',2,'2024-04-05 08:08:21','20',1150,'2024-04-05 07:07:19','2024-04-05 07:07:19'),(312,'1',1,'2024-04-05 08:08:21','20',1151,'2024-04-05 07:07:19','2024-04-05 07:07:19'),(313,'0',1,'2024-04-05 08:08:21','20',1152,'2024-04-05 07:07:19','2024-04-05 07:07:19'),(314,'1',2,'2024-04-05 08:08:21','20',1153,'2024-04-05 07:07:19','2024-04-05 07:07:19'),(315,'0',2,'2024-04-05 08:08:21','20',1154,'2024-04-05 07:07:19','2024-04-05 07:07:19'),(316,'0',1,'2024-04-05 08:08:21','20',1155,'2024-04-05 07:07:19','2024-04-05 07:07:19'),(317,'1',2,'2024-04-05 08:08:21','20',1156,'2024-04-05 07:07:19','2024-04-05 07:07:19'),(318,'0',1,'2024-04-05 08:08:21','20',1157,'2024-04-05 07:07:19','2024-04-05 07:07:19'),(319,'1',2,'2024-04-05 08:08:21','20',1158,'2024-04-05 07:07:19','2024-04-05 07:07:19'),(320,'0',2,'2024-04-05 08:08:21','20',1159,'2024-04-05 07:07:19','2024-04-05 07:07:19'),(321,'0',1,'2024-04-05 08:08:21','20',1160,'2024-04-05 07:07:19','2024-04-05 07:07:19'),(322,'1',2,'2024-04-05 08:08:21','20',1161,'2024-04-05 07:07:19','2024-04-05 07:07:19'),(323,'1',1,'2024-04-05 08:08:21','20',1162,'2024-04-05 07:07:19','2024-04-05 07:07:19'),(324,'1',1,'2024-04-05 08:08:21','20',1163,'2024-04-05 07:07:19','2024-04-05 07:07:19'),(325,'1',1,'2024-04-05 08:08:21','20',1164,'2024-04-05 07:07:19','2024-04-05 07:07:19'),(326,'0',1,'2024-04-05 08:08:21','20',1165,'2024-04-05 07:07:19','2024-04-05 07:07:19'),(327,'0',1,'2024-04-05 08:08:21','20',1166,'2024-04-05 07:07:19','2024-04-05 07:07:19'),(328,'1',2,'2024-04-05 08:08:21','20',1167,'2024-04-05 07:07:19','2024-04-05 07:07:19'),(329,'1',1,'2024-04-05 08:08:21','20',1168,'2024-04-05 07:07:19','2024-04-05 07:07:19'),(330,'0',2,'2024-04-05 08:08:21','20',1169,'2024-04-05 07:07:19','2024-04-05 07:07:19'),(331,'1',1,'2024-04-05 08:08:21','20',1170,'2024-04-05 07:07:19','2024-04-05 07:07:19'),(332,'1',1,'2024-04-05 08:08:21','20',1171,'2024-04-05 07:07:19','2024-04-05 07:07:19'),(333,'0',2,'2024-04-05 08:08:21','20',1172,'2024-04-05 07:07:19','2024-04-05 07:07:19'),(334,'1',2,'2024-04-05 08:08:21','20',1173,'2024-04-05 07:07:19','2024-04-05 07:07:19'),(335,'0',1,'2024-04-05 08:08:21','20',1174,'2024-04-05 07:07:19','2024-04-05 07:07:19'),(336,'0',2,'2024-04-05 08:08:21','20',1175,'2024-04-05 07:07:19','2024-04-05 07:07:19'),(337,'1',2,'2024-04-05 08:08:21','20',1176,'2024-04-05 07:07:19','2024-04-05 07:07:19'),(338,'0',1,'2024-04-05 08:08:21','20',1177,'2024-04-05 07:07:19','2024-04-05 07:07:19'),(339,'1',2,'2024-04-05 08:08:21','20',1178,'2024-04-05 07:07:19','2024-04-05 07:07:19'),(340,'1',2,'2024-04-05 08:08:21','20',1179,'2024-04-05 07:07:19','2024-04-05 07:07:19'),(341,'1',1,'2024-04-05 08:08:21','20',1180,'2024-04-05 07:07:19','2024-04-05 07:07:19'),(342,'0',1,'2024-04-05 08:08:21','20',1181,'2024-04-05 07:07:19','2024-04-05 07:07:19'),(343,'1',2,'2024-04-05 08:08:21','20',1182,'2024-04-05 07:07:19','2024-04-05 07:07:19'),(344,'0',1,'2024-04-05 08:08:21','20',1183,'2024-04-05 07:07:19','2024-04-05 07:07:19'),(345,'0',2,'2024-04-05 08:08:21','20',1184,'2024-04-05 07:07:19','2024-04-05 07:07:19'),(346,'0',2,'2024-04-05 08:08:21','20',1185,'2024-04-05 07:07:19','2024-04-05 07:07:19'),(347,'0',2,'2024-04-05 08:08:21','20',1186,'2024-04-05 07:07:19','2024-04-05 07:07:19'),(348,'1',1,'2024-04-05 08:08:21','20',1187,'2024-04-05 07:07:19','2024-04-05 07:07:19'),(349,'1',2,'2024-04-05 08:08:21','20',1188,'2024-04-05 07:07:19','2024-04-05 07:07:19'),(350,'1',1,'2024-04-05 08:08:21','20',1189,'2024-04-05 07:07:19','2024-04-05 07:07:19'),(351,'0',1,'2024-04-05 08:08:21','20',1190,'2024-04-05 07:07:19','2024-04-05 07:07:19'),(352,'0',1,'2024-04-05 08:08:21','20',1191,'2024-04-05 07:07:19','2024-04-05 07:07:19'),(353,'0',2,'2024-04-05 08:08:21','20',1192,'2024-04-05 07:07:19','2024-04-05 07:07:19'),(354,'0',1,'2024-04-05 08:08:21','20',1193,'2024-04-05 07:07:19','2024-04-05 07:07:19'),(355,'0',1,'2024-04-05 08:08:21','20',1194,'2024-04-05 07:07:19','2024-04-05 07:07:19'),(356,'1',2,'2024-04-05 08:08:21','20',1195,'2024-04-05 07:07:19','2024-04-05 07:07:19'),(357,'1',1,'2024-04-05 08:08:21','20',1196,'2024-04-05 07:07:19','2024-04-05 07:07:19'),(358,'0',1,'2024-04-05 08:08:21','20',1197,'2024-04-05 07:07:19','2024-04-05 07:07:19'),(359,'0',1,'2024-04-05 08:08:21','20',1198,'2024-04-05 07:07:19','2024-04-05 07:07:19'),(360,'0',2,'2024-04-05 08:08:21','20',1199,'2024-04-05 07:07:19','2024-04-05 07:07:19'),(361,'1',2,'2024-04-05 08:08:21','20',1200,'2024-04-05 07:07:19','2024-04-05 07:07:19'),(362,'0',2,'2024-04-05 08:08:21','20',1201,'2024-04-05 07:07:19','2024-04-05 07:07:19'),(363,'1',1,'2024-04-05 08:08:21','20',1202,'2024-04-05 07:07:19','2024-04-05 07:07:19'),(364,'0',2,'2024-04-05 08:08:21','20',1203,'2024-04-05 07:07:19','2024-04-05 07:07:19'),(365,'0',2,'2024-04-05 08:08:21','20',1204,'2024-04-05 07:07:19','2024-04-05 07:07:19'),(366,'1',1,'2024-04-05 08:08:21','20',1205,'2024-04-05 07:07:19','2024-04-05 07:07:19'),(367,'1',2,'2024-04-05 08:08:21','20',1206,'2024-04-05 07:07:19','2024-04-05 07:07:19'),(368,'1',2,'2024-04-05 08:08:21','20',1207,'2024-04-05 07:07:19','2024-04-05 07:07:19'),(369,'1',1,'2024-04-05 08:08:21','20',1208,'2024-04-05 07:07:19','2024-04-05 07:07:19'),(370,'0',2,'2024-04-05 08:08:21','20',1209,'2024-04-05 07:07:19','2024-04-05 07:07:19'),(371,'0',2,'2024-04-05 08:08:21','20',1210,'2024-04-05 07:07:19','2024-04-05 07:07:19'),(372,'0',2,'2024-04-05 08:08:21','20',1211,'2024-04-05 07:07:19','2024-04-05 07:07:19'),(373,'1',2,'2024-04-05 08:08:21','20',1212,'2024-04-05 07:07:19','2024-04-05 07:07:19'),(374,'0',1,'2024-04-05 08:08:21','20',1213,'2024-04-05 07:07:19','2024-04-05 07:07:19'),(375,'0',1,'2024-04-05 08:08:21','20',1214,'2024-04-05 07:07:19','2024-04-05 07:07:19'),(376,'1',2,'2024-04-05 08:08:21','20',1215,'2024-04-05 07:07:19','2024-04-05 07:07:19'),(377,'1',1,'2024-04-05 08:08:21','20',1216,'2024-04-05 07:07:19','2024-04-05 07:07:19'),(378,'0',1,'2024-04-05 08:08:21','20',1217,'2024-04-05 07:07:19','2024-04-05 07:07:19'),(379,'1',1,'2024-04-05 08:08:21','20',1218,'2024-04-05 07:07:19','2024-04-05 07:07:19'),(380,'0',1,'2024-04-05 08:08:21','20',1219,'2024-04-05 07:07:19','2024-04-05 07:07:19'),(381,'1',1,'2024-04-05 08:08:21','20',1220,'2024-04-05 07:07:19','2024-04-05 07:07:19'),(382,'0',2,'2024-04-05 08:08:21','20',1221,'2024-04-05 07:07:19','2024-04-05 07:07:19'),(383,'0',1,'2024-04-05 08:08:21','20',1222,'2024-04-05 07:07:19','2024-04-05 07:07:19'),(384,'1',1,'2024-04-05 08:08:21','20',1223,'2024-04-05 07:07:19','2024-04-05 07:07:19'),(385,'0',2,'2024-04-05 08:08:21','20',1224,'2024-04-05 07:07:19','2024-04-05 07:07:19'),(386,'1',1,'2024-04-05 08:08:21','20',1225,'2024-04-05 07:07:19','2024-04-05 07:07:19'),(387,'0',2,'2024-04-05 08:08:21','20',1226,'2024-04-05 07:07:19','2024-04-05 07:07:19'),(388,'0',2,'2024-04-05 08:08:21','20',1227,'2024-04-05 07:07:19','2024-04-05 07:07:19'),(389,'0',2,'2024-04-05 08:08:21','20',1228,'2024-04-05 07:07:19','2024-04-05 07:07:19'),(390,'1',1,'2024-04-05 08:08:21','20',1229,'2024-04-05 07:07:19','2024-04-05 07:07:19'),(391,'0',2,'2024-04-05 08:08:21','20',1230,'2024-04-05 07:07:19','2024-04-05 07:07:19'),(392,'0',1,'2024-04-05 08:08:21','20',1231,'2024-04-05 07:07:19','2024-04-05 07:07:19'),(393,'0',2,'2024-04-05 08:08:21','20',1232,'2024-04-05 07:07:19','2024-04-05 07:07:19'),(394,'1',1,'2024-04-05 08:08:21','20',1233,'2024-04-05 07:07:19','2024-04-05 07:07:19'),(395,'0',2,'2024-04-05 08:08:21','20',1234,'2024-04-05 07:07:19','2024-04-05 07:07:19'),(396,'1',2,'2024-04-05 08:08:21','20',1235,'2024-04-05 07:07:19','2024-04-05 07:07:19'),(397,'0',2,'2024-04-05 08:08:21','20',1236,'2024-04-05 07:07:19','2024-04-05 07:07:19'),(398,'0',1,'2024-04-05 08:08:21','20',1237,'2024-04-05 07:07:19','2024-04-05 07:07:19'),(399,'0',2,'2024-04-05 08:08:21','20',1238,'2024-04-05 07:07:19','2024-04-05 07:07:19'),(400,'0',2,'2024-04-05 08:08:21','20',1239,'2024-04-05 07:07:19','2024-04-05 07:07:19'),(401,'0',1,'2024-04-05 08:08:21','20',1240,'2024-04-05 07:07:19','2024-04-05 07:07:19'),(402,'1',2,'2024-04-05 08:08:21','20',1241,'2024-04-05 07:07:19','2024-04-05 07:07:19'),(403,'0',1,'2024-04-05 08:08:21','20',1242,'2024-04-05 07:07:19','2024-04-05 07:07:19'),(404,'1',2,'2024-04-05 08:08:21','20',1243,'2024-04-05 07:07:19','2024-04-05 07:07:19'),(405,'0',2,'2024-04-05 08:08:21','20',1244,'2024-04-05 07:07:19','2024-04-05 07:07:19'),(406,'1',1,'2024-04-05 08:08:21','20',1245,'2024-04-05 07:07:19','2024-04-05 07:07:19'),(407,'0',1,'2024-04-05 08:08:21','20',1246,'2024-04-05 07:07:19','2024-04-05 07:07:19'),(408,'1',2,'2024-04-05 08:08:21','20',1247,'2024-04-05 07:07:19','2024-04-05 07:07:19'),(409,'1',1,'2024-04-05 08:08:21','20',1248,'2024-04-05 07:07:19','2024-04-05 07:07:19'),(410,'0',1,'2024-04-05 08:08:21','20',1249,'2024-04-05 07:07:19','2024-04-05 07:07:19'),(411,'1',2,'2024-04-05 08:08:21','20',1250,'2024-04-05 07:07:19','2024-04-05 07:07:19'),(412,'1',2,'2024-04-05 08:08:21','20',1251,'2024-04-05 07:07:19','2024-04-05 07:07:19'),(413,'1',1,'2024-04-05 08:08:21','20',1252,'2024-04-05 07:07:19','2024-04-05 07:07:19'),(414,'0',1,'2024-04-05 08:08:21','20',1253,'2024-04-05 07:07:19','2024-04-05 07:07:19'),(415,'0',1,'2024-04-05 08:08:21','20',1254,'2024-04-05 07:07:19','2024-04-05 07:07:19'),(416,'0',1,'2024-04-05 08:08:21','20',1255,'2024-04-05 07:07:19','2024-04-05 07:07:19'),(417,'1',1,'2024-04-05 08:08:21','20',1256,'2024-04-05 07:07:19','2024-04-05 07:07:19'),(418,'0',1,'2024-04-05 08:08:21','20',1257,'2024-04-05 07:07:19','2024-04-05 07:07:19'),(419,'1',2,'2024-04-05 08:08:21','20',1258,'2024-04-05 07:07:19','2024-04-05 07:07:19'),(420,'1',2,'2024-04-05 08:08:21','20',1259,'2024-04-05 07:07:19','2024-04-05 07:07:19'),(421,'1',1,'2024-04-05 08:08:21','20',1260,'2024-04-05 07:07:19','2024-04-05 07:07:19'),(422,'1',1,'2024-04-05 08:08:21','20',1261,'2024-04-05 07:07:19','2024-04-05 07:07:19'),(423,'1',1,'2024-04-05 08:08:21','20',1262,'2024-04-05 07:07:19','2024-04-05 07:07:19'),(424,'1',2,'2024-04-05 08:08:21','20',1263,'2024-04-05 07:07:19','2024-04-05 07:07:19'),(425,'1',2,'2024-04-05 08:08:21','20',1264,'2024-04-05 07:07:19','2024-04-05 07:07:19'),(426,'0',2,'2024-04-05 08:08:21','20',1265,'2024-04-05 07:07:19','2024-04-05 07:07:19'),(427,'0',2,'2024-04-05 08:08:21','20',1266,'2024-04-05 07:07:19','2024-04-05 07:07:19'),(428,'0',1,'2024-04-05 08:08:21','20',1267,'2024-04-05 07:07:19','2024-04-05 07:07:19'),(429,'0',1,'2024-04-05 08:08:21','20',1268,'2024-04-05 07:07:19','2024-04-05 07:07:19'),(430,'0',1,'2024-04-05 08:08:21','20',1269,'2024-04-05 07:07:19','2024-04-05 07:07:19'),(431,'0',1,'2024-04-05 08:08:21','20',1270,'2024-04-05 07:07:19','2024-04-05 07:07:19'),(432,'1',2,'2024-04-05 08:08:21','20',1271,'2024-04-05 07:07:19','2024-04-05 07:07:19'),(433,'1',2,'2024-04-05 08:08:21','20',1272,'2024-04-05 07:07:19','2024-04-05 07:07:19'),(434,'1',2,'2024-04-05 08:08:21','20',1273,'2024-04-05 07:07:19','2024-04-05 07:07:19'),(435,'1',1,'2024-04-05 08:08:21','20',1274,'2024-04-05 07:07:19','2024-04-05 07:07:19'),(436,'1',1,'2024-04-05 08:08:21','20',1275,'2024-04-05 07:07:19','2024-04-05 07:07:19'),(437,'0',2,'2024-04-05 08:08:21','20',1276,'2024-04-05 07:07:19','2024-04-05 07:07:19'),(438,'0',2,'2024-04-05 08:08:21','20',1277,'2024-04-05 07:07:19','2024-04-05 07:07:19'),(439,'1',1,'2024-04-05 08:08:21','20',1278,'2024-04-05 07:07:19','2024-04-05 07:07:19'),(440,'1',1,'2024-04-05 08:08:21','20',1279,'2024-04-05 07:07:19','2024-04-05 07:07:19'),(441,'1',1,'2024-04-05 08:08:21','20',1280,'2024-04-05 07:07:19','2024-04-05 07:07:19'),(442,'1',1,'2024-04-05 08:08:21','20',1281,'2024-04-05 07:07:19','2024-04-05 07:07:19'),(443,'1',2,'2024-04-05 08:08:21','20',1282,'2024-04-05 07:07:19','2024-04-05 07:07:19'),(444,'1',2,'2024-04-05 08:08:21','20',1283,'2024-04-05 07:07:19','2024-04-05 07:07:19'),(445,'1',1,'2024-04-05 08:08:21','20',1284,'2024-04-05 07:07:19','2024-04-05 07:07:19'),(446,'0',1,'2024-04-05 08:08:21','20',1285,'2024-04-05 07:07:19','2024-04-05 07:07:19'),(447,'0',2,'2024-04-05 08:08:21','20',1286,'2024-04-05 07:07:19','2024-04-05 07:07:19'),(448,'0',2,'2024-04-05 08:08:21','20',1287,'2024-04-05 07:07:19','2024-04-05 07:07:19'),(449,'0',2,'2024-04-05 08:08:21','20',1288,'2024-04-05 07:07:19','2024-04-05 07:07:19'),(450,'1',2,'2024-04-05 08:08:21','20',1289,'2024-04-05 07:07:19','2024-04-05 07:07:19'),(451,'1',1,'2024-04-05 08:08:21','20',1290,'2024-04-05 07:07:19','2024-04-05 07:07:19');
/*!40000 ALTER TABLE `payment_transactions` ENABLE KEYS */;
UNLOCK TABLES;

--
-- Table structure for table `personal_access_tokens`
--

DROP TABLE IF EXISTS `personal_access_tokens`;
/*!40101 SET @saved_cs_client     = @@character_set_client */;
/*!50503 SET character_set_client = utf8mb4 */;
CREATE TABLE `personal_access_tokens` (
  `id` bigint unsigned NOT NULL AUTO_INCREMENT,
  `tokenable_type` varchar(255) COLLATE utf8mb4_unicode_ci NOT NULL,
  `tokenable_id` bigint unsigned NOT NULL,
  `name` varchar(255) COLLATE utf8mb4_unicode_ci NOT NULL,
  `token` varchar(64) COLLATE utf8mb4_unicode_ci NOT NULL,
  `abilities` text COLLATE utf8mb4_unicode_ci,
  `last_used_at` timestamp NULL DEFAULT NULL,
  `expires_at` timestamp NULL DEFAULT NULL,
  `created_at` timestamp NULL DEFAULT NULL,
  `updated_at` timestamp NULL DEFAULT NULL,
  PRIMARY KEY (`id`),
  UNIQUE KEY `personal_access_tokens_token_unique` (`token`),
  KEY `personal_access_tokens_tokenable_type_tokenable_id_index` (`tokenable_type`,`tokenable_id`)
) ENGINE=InnoDB DEFAULT CHARSET=utf8mb4 COLLATE=utf8mb4_unicode_ci;
/*!40101 SET character_set_client = @saved_cs_client */;

--
-- Dumping data for table `personal_access_tokens`
--

LOCK TABLES `personal_access_tokens` WRITE;
/*!40000 ALTER TABLE `personal_access_tokens` DISABLE KEYS */;
/*!40000 ALTER TABLE `personal_access_tokens` ENABLE KEYS */;
UNLOCK TABLES;

--
-- Table structure for table `places`
--

DROP TABLE IF EXISTS `places`;
/*!40101 SET @saved_cs_client     = @@character_set_client */;
/*!50503 SET character_set_client = utf8mb4 */;
CREATE TABLE `places` (
  `id` bigint unsigned NOT NULL AUTO_INCREMENT,
  `place_name` varchar(255) COLLATE utf8mb4_unicode_ci NOT NULL,
  `created_at` timestamp NULL DEFAULT NULL,
  `updated_at` timestamp NULL DEFAULT NULL,
  PRIMARY KEY (`id`)
) ENGINE=InnoDB AUTO_INCREMENT=5 DEFAULT CHARSET=utf8mb4 COLLATE=utf8mb4_unicode_ci;
/*!40101 SET character_set_client = @saved_cs_client */;

--
-- Dumping data for table `places`
--

LOCK TABLES `places` WRITE;
/*!40000 ALTER TABLE `places` DISABLE KEYS */;
INSERT INTO `places` VALUES (1,'อาคาร A','2024-03-20 09:23:37','2024-03-25 06:58:27'),(2,'อาคาร B','2024-03-20 09:23:42','2024-03-25 06:58:35'),(3,'TOWER C','2024-03-20 09:23:51','2024-03-20 09:23:51'),(4,'PLAZA','2024-03-20 09:23:58','2024-03-27 07:14:45');
/*!40000 ALTER TABLE `places` ENABLE KEYS */;
UNLOCK TABLES;

--
-- Table structure for table `stamps`
--

DROP TABLE IF EXISTS `stamps`;
/*!40101 SET @saved_cs_client     = @@character_set_client */;
/*!50503 SET character_set_client = utf8mb4 */;
CREATE TABLE `stamps` (
  `id` bigint unsigned NOT NULL AUTO_INCREMENT,
  `stamp_code` varchar(20) COLLATE utf8mb4_unicode_ci NOT NULL,
  `stamp_condition` varchar(255) COLLATE utf8mb4_unicode_ci NOT NULL,
  `created_at` timestamp NULL DEFAULT NULL,
  `updated_at` timestamp NULL DEFAULT NULL,
  PRIMARY KEY (`id`)
) ENGINE=InnoDB AUTO_INCREMENT=11 DEFAULT CHARSET=utf8mb4 COLLATE=utf8mb4_unicode_ci;
/*!40101 SET character_set_client = @saved_cs_client */;

--
-- Dumping data for table `stamps`
--

LOCK TABLES `stamps` WRITE;
/*!40000 ALTER TABLE `stamps` DISABLE KEYS */;
INSERT INTO `stamps` VALUES (1,'1211','คูณได้ 6 ดวง ถ้าเกินคิดเงินปกติ','2024-03-20 09:31:53','2024-03-20 09:37:13'),(2,'1221','คูณได้ 6 ดวง ถ้าเกินคิดเงินปกติ','2024-03-20 09:32:00','2024-03-20 09:37:09'),(3,'1222','คูณได้ 6 ดวง ถ้าเกินคิดเงินปกติ','2024-03-20 09:32:12','2024-03-20 09:37:06'),(4,'1213','คูณได้ 6 ดวง ถ้าเกินคิดเงินปกติ','2024-03-20 09:32:25','2024-03-20 09:37:03'),(5,'1202','คูณได้ 6 ดวง ถ้าเกินคิดเงินปกติ','2024-03-20 09:32:34','2024-03-20 09:37:00'),(6,'2092','คูณได้ 6 ดวง ถ้าเกินคิดเงินปกติ','2024-03-20 09:33:13','2024-03-20 09:36:48'),(7,'2254','คิดค่าบริการตามปกติ','2024-03-20 09:37:48','2024-03-20 09:37:48'),(8,'2132','คิดค่าบริการตามปกติ','2024-03-20 09:38:05','2024-03-20 09:38:05'),(9,'2243','คิดค่าบริการตามปกติ','2024-03-27 01:31:13','2024-04-03 01:35:16'),(10,'9999','ไม่มีชั่วโมงจอดฟรี','2024-04-03 01:35:09','2024-04-03 03:42:31');
/*!40000 ALTER TABLE `stamps` ENABLE KEYS */;
UNLOCK TABLES;

--
-- Table structure for table `users`
--

DROP TABLE IF EXISTS `users`;
/*!40101 SET @saved_cs_client     = @@character_set_client */;
/*!50503 SET character_set_client = utf8mb4 */;
CREATE TABLE `users` (
  `id` bigint unsigned NOT NULL AUTO_INCREMENT,
  `name` varchar(255) COLLATE utf8mb4_unicode_ci NOT NULL,
  `username` varchar(255) COLLATE utf8mb4_unicode_ci DEFAULT NULL,
  `email` varchar(255) COLLATE utf8mb4_unicode_ci NOT NULL,
  `email_verified_at` timestamp NULL DEFAULT NULL,
  `password` varchar(255) COLLATE utf8mb4_unicode_ci NOT NULL,
  `remember_token` varchar(100) COLLATE utf8mb4_unicode_ci DEFAULT NULL,
  `created_at` timestamp NULL DEFAULT NULL,
  `updated_at` timestamp NULL DEFAULT NULL,
  PRIMARY KEY (`id`),
  UNIQUE KEY `users_email_unique` (`email`),
  UNIQUE KEY `users_username_unique` (`username`)
) ENGINE=InnoDB AUTO_INCREMENT=7 DEFAULT CHARSET=utf8mb4 COLLATE=utf8mb4_unicode_ci;
/*!40101 SET character_set_client = @saved_cs_client */;

--
-- Dumping data for table `users`
--

LOCK TABLES `users` WRITE;
/*!40000 ALTER TABLE `users` DISABLE KEYS */;
INSERT INTO `users` VALUES (1,'test','admin','test@gmail.com',NULL,'$2y$10$roDFCHrBMkTlWYtMI9hgCO1mSCnJ0Fy4iyku4CxKV724.nCHDoPmm',NULL,'2024-04-05 03:38:55','2024-04-05 03:38:55'),(2,'test','test','test2@gmail.com',NULL,'$2y$10$9ItQFGHcCcADPTmH4/suWOthfjuEdTl03SRw6TROgei.V26qhb5n.',NULL,'2024-04-05 06:31:18','2024-04-05 06:31:18'),(3,'testa','admdin@gmail.com','tesdt@gmail.com',NULL,'$2y$10$D8wHT2Fm7GtvVB54zHXo2egYkgRyhGVb6XW.JTq5peIqmA2bPTIs6',NULL,'2024-04-05 06:32:01','2024-04-05 06:32:01'),(5,'test','teastw','sadad@gmail.com',NULL,'$2y$10$DlhOLeZ5YwHuNjpuyaOFQ.SyKTPPxM7FGcAg2wp6GOL4mNHDp0Do.',NULL,'2024-04-05 06:33:55','2024-04-05 06:33:55'),(6,'ACS Parking','acsparking','acsparking@hotmail.com',NULL,'$2y$10$Kd6fzilFEa2ADuqHM7GH1u5KNQdlEg2.8w2BPkAyXGZQCFBCE0Tka',NULL,'2024-04-05 08:30:27','2024-04-05 08:30:27');
/*!40000 ALTER TABLE `users` ENABLE KEYS */;
UNLOCK TABLES;
/*!40103 SET TIME_ZONE=@OLD_TIME_ZONE */;

/*!40101 SET SQL_MODE=@OLD_SQL_MODE */;
/*!40014 SET FOREIGN_KEY_CHECKS=@OLD_FOREIGN_KEY_CHECKS */;
/*!40014 SET UNIQUE_CHECKS=@OLD_UNIQUE_CHECKS */;
/*!40101 SET CHARACTER_SET_CLIENT=@OLD_CHARACTER_SET_CLIENT */;
/*!40101 SET CHARACTER_SET_RESULTS=@OLD_CHARACTER_SET_RESULTS */;
/*!40101 SET COLLATION_CONNECTION=@OLD_COLLATION_CONNECTION */;
/*!40111 SET SQL_NOTES=@OLD_SQL_NOTES */;

-- Dump completed on 2024-04-09 11:23:11
