-- MySQL dump 10.13  Distrib 8.0.36, for Win64 (x86_64)
--
-- Host: 127.0.0.1    Database: acs_check
-- ------------------------------------------------------
-- Server version	8.0.36

/*!40101 SET @OLD_CHARACTER_SET_CLIENT=@@CHARACTER_SET_CLIENT */;
/*!40101 SET @OLD_CHARACTER_SET_RESULTS=@@CHARACTER_SET_RESULTS */;
/*!40101 SET @OLD_COLLATION_CONNECTION=@@COLLATION_CONNECTION */;
/*!50503 SET NAMES utf8 */;
/*!40103 SET @OLD_TIME_ZONE=@@TIME_ZONE */;
/*!40103 SET TIME_ZONE='+00:00' */;
/*!40014 SET @OLD_UNIQUE_CHECKS=@@UNIQUE_CHECKS, UNIQUE_CHECKS=0 */;
/*!40014 SET @OLD_FOREIGN_KEY_CHECKS=@@FOREIGN_KEY_CHECKS, FOREIGN_KEY_CHECKS=0 */;
/*!40101 SET @OLD_SQL_MODE=@@SQL_MODE, SQL_MODE='NO_AUTO_VALUE_ON_ZERO' */;
/*!40111 SET @OLD_SQL_NOTES=@@SQL_NOTES, SQL_NOTES=0 */;

--
-- Table structure for table `failed_jobs`
--

DROP TABLE IF EXISTS `failed_jobs`;
/*!40101 SET @saved_cs_client     = @@character_set_client */;
/*!50503 SET character_set_client = utf8mb4 */;
CREATE TABLE `failed_jobs` (
  `id` bigint unsigned NOT NULL AUTO_INCREMENT,
  `uuid` varchar(255) CHARACTER SET utf8mb4 COLLATE utf8mb4_unicode_ci NOT NULL,
  `connection` text CHARACTER SET utf8mb4 COLLATE utf8mb4_unicode_ci NOT NULL,
  `queue` text CHARACTER SET utf8mb4 COLLATE utf8mb4_unicode_ci NOT NULL,
  `payload` longtext CHARACTER SET utf8mb4 COLLATE utf8mb4_unicode_ci NOT NULL,
  `exception` longtext CHARACTER SET utf8mb4 COLLATE utf8mb4_unicode_ci NOT NULL,
  `failed_at` timestamp NOT NULL DEFAULT CURRENT_TIMESTAMP,
  PRIMARY KEY (`id`),
  UNIQUE KEY `failed_jobs_uuid_unique` (`uuid`)
) ENGINE=InnoDB DEFAULT CHARSET=utf8mb4 COLLATE=utf8mb4_unicode_ci;
/*!40101 SET character_set_client = @saved_cs_client */;

--
-- Dumping data for table `failed_jobs`
--

LOCK TABLES `failed_jobs` WRITE;
/*!40000 ALTER TABLE `failed_jobs` DISABLE KEYS */;
/*!40000 ALTER TABLE `failed_jobs` ENABLE KEYS */;
UNLOCK TABLES;

--
-- Table structure for table `issue_topics`
--

DROP TABLE IF EXISTS `issue_topics`;
/*!40101 SET @saved_cs_client     = @@character_set_client */;
/*!50503 SET character_set_client = utf8mb4 */;
CREATE TABLE `issue_topics` (
  `issue_id` bigint unsigned NOT NULL AUTO_INCREMENT,
  `issue_description` varchar(255) COLLATE utf8mb4_unicode_ci NOT NULL,
  `supervisor_id` bigint unsigned NOT NULL,
  `created_at` timestamp NULL DEFAULT NULL,
  `updated_at` timestamp NULL DEFAULT NULL,
  PRIMARY KEY (`issue_id`),
  KEY `issue_topics_supervisor_id_foreign` (`supervisor_id`),
  CONSTRAINT `issue_topics_supervisor_id_foreign` FOREIGN KEY (`supervisor_id`) REFERENCES `users` (`user_id`) ON DELETE CASCADE
) ENGINE=InnoDB AUTO_INCREMENT=4 DEFAULT CHARSET=utf8mb4 COLLATE=utf8mb4_unicode_ci;
/*!40101 SET character_set_client = @saved_cs_client */;

--
-- Dumping data for table `issue_topics`
--

LOCK TABLES `issue_topics` WRITE;
/*!40000 ALTER TABLE `issue_topics` DISABLE KEYS */;
INSERT INTO `issue_topics` VALUES (1,'ซ่อมไฟ',4,NULL,'2024-10-16 03:12:55'),(2,'น้ำรั่ว',4,NULL,NULL),(3,'อื่นๆ',4,'2024-10-16 02:53:18','2024-10-16 03:17:40');
/*!40000 ALTER TABLE `issue_topics` ENABLE KEYS */;
UNLOCK TABLES;

--
-- Table structure for table `job_schedule_images`
--

DROP TABLE IF EXISTS `job_schedule_images`;
/*!40101 SET @saved_cs_client     = @@character_set_client */;
/*!50503 SET character_set_client = utf8mb4 */;
CREATE TABLE `job_schedule_images` (
  `id` bigint unsigned NOT NULL AUTO_INCREMENT,
  `job_schedule_id` bigint unsigned NOT NULL,
  `image_path` varchar(255) CHARACTER SET utf8mb4 COLLATE utf8mb4_unicode_ci NOT NULL,
  `created_at` timestamp NULL DEFAULT NULL,
  `updated_at` timestamp NULL DEFAULT NULL,
  PRIMARY KEY (`id`),
  KEY `job_schedule_images_job_schedule_id_foreign` (`job_schedule_id`),
  CONSTRAINT `job_schedule_images_job_schedule_id_foreign` FOREIGN KEY (`job_schedule_id`) REFERENCES `job_schedules` (`job_schedule_id`) ON DELETE CASCADE
) ENGINE=InnoDB AUTO_INCREMENT=12 DEFAULT CHARSET=utf8mb4 COLLATE=utf8mb4_unicode_ci;
/*!40101 SET character_set_client = @saved_cs_client */;

--
-- Dumping data for table `job_schedule_images`
--

LOCK TABLES `job_schedule_images` WRITE;
/*!40000 ALTER TABLE `job_schedule_images` DISABLE KEYS */;
INSERT INTO `job_schedule_images` VALUES (10,6822,'job_schedule_images/cGHFcr0vdLjD3WMpkhxdoUYGqV4bJyScOoqnnSUX.jpg','2024-10-18 04:05:41','2024-10-18 04:05:41'),(11,6822,'job_schedule_images/vV9TBQSgVYgdNMl456RrzwdUKCk2OTEMl6qbsKKI.jpg','2024-10-18 04:06:53','2024-10-18 04:06:53');
/*!40000 ALTER TABLE `job_schedule_images` ENABLE KEYS */;
UNLOCK TABLES;

--
-- Table structure for table `job_schedules`
--

DROP TABLE IF EXISTS `job_schedules`;
/*!40101 SET @saved_cs_client     = @@character_set_client */;
/*!50503 SET character_set_client = utf8mb4 */;
CREATE TABLE `job_schedules` (
  `job_schedule_id` bigint unsigned NOT NULL AUTO_INCREMENT,
  `job_authority_id` bigint unsigned NOT NULL,
  `job_schedule_date` date NOT NULL,
  `job_schedule_shift_id` bigint unsigned NOT NULL,
  `job_schedule_status_id` bigint unsigned NOT NULL,
  `job_schedule_issue_id` bigint unsigned NOT NULL DEFAULT '0',
  `inspection_completed_at` timestamp NULL DEFAULT NULL,
  `created_at` timestamp NULL DEFAULT NULL,
  `updated_at` timestamp NULL DEFAULT NULL,
  PRIMARY KEY (`job_schedule_id`),
  KEY `job_schedules_job_authority_id_foreign` (`job_authority_id`),
  KEY `job_schedules_job_schedule_shift_id_foreign` (`job_schedule_shift_id`),
  KEY `job_schedules_job_schedule_status_id_foreign` (`job_schedule_status_id`),
  CONSTRAINT `job_schedules_job_authority_id_foreign` FOREIGN KEY (`job_authority_id`) REFERENCES `user_authorities` (`user_authority_id`) ON DELETE CASCADE,
  CONSTRAINT `job_schedules_job_schedule_shift_id_foreign` FOREIGN KEY (`job_schedule_shift_id`) REFERENCES `work_shifts` (`work_shift_id`) ON DELETE CASCADE,
  CONSTRAINT `job_schedules_job_schedule_status_id_foreign` FOREIGN KEY (`job_schedule_status_id`) REFERENCES `job_statuses` (`job_status_id`) ON DELETE CASCADE
) ENGINE=InnoDB AUTO_INCREMENT=7093 DEFAULT CHARSET=utf8mb4 COLLATE=utf8mb4_unicode_ci;
/*!40101 SET character_set_client = @saved_cs_client */;

--
-- Dumping data for table `job_schedules`
--

LOCK TABLES `job_schedules` WRITE;
/*!40000 ALTER TABLE `job_schedules` DISABLE KEYS */;
INSERT INTO `job_schedules` VALUES (6817,185,'2024-10-18',1,3,0,NULL,'2024-10-18 03:48:32','2024-10-18 03:48:32'),(6818,185,'2024-10-18',2,3,0,NULL,'2024-10-18 03:48:32','2024-10-18 03:48:32'),(6819,185,'2024-10-18',3,3,0,NULL,'2024-10-18 03:48:32','2024-10-18 03:48:32'),(6820,185,'2024-10-18',4,3,0,NULL,'2024-10-18 03:48:32','2024-10-18 03:48:32'),(6821,185,'2024-10-18',5,3,0,NULL,'2024-10-18 03:48:32','2024-10-18 03:48:32'),(6822,185,'2024-10-18',6,2,1,'2024-10-18 04:06:53','2024-10-18 03:48:32','2024-10-18 04:06:53'),(6823,185,'2024-10-18',7,3,0,NULL,'2024-10-18 03:48:32','2024-10-18 03:48:32'),(6824,185,'2024-10-18',8,3,0,NULL,'2024-10-18 03:48:32','2024-10-18 03:48:32'),(6825,185,'2024-10-18',9,3,0,NULL,'2024-10-18 03:48:32','2024-10-18 03:48:32'),(6826,185,'2024-10-18',10,3,0,NULL,'2024-10-18 03:48:32','2024-10-18 03:48:32'),(6827,185,'2024-10-18',11,3,0,NULL,'2024-10-18 03:48:32','2024-10-18 03:48:32'),(6828,185,'2024-10-18',12,3,0,NULL,'2024-10-18 03:48:32','2024-10-18 03:48:32'),(6829,186,'2024-10-18',1,3,0,NULL,'2024-10-18 03:48:32','2024-10-18 03:48:32'),(6830,186,'2024-10-18',2,3,0,NULL,'2024-10-18 03:48:32','2024-10-18 03:48:32'),(6831,186,'2024-10-18',3,3,0,NULL,'2024-10-18 03:48:32','2024-10-18 03:48:32'),(6832,186,'2024-10-18',4,3,0,NULL,'2024-10-18 03:48:32','2024-10-18 03:48:32'),(6833,186,'2024-10-18',5,3,0,NULL,'2024-10-18 03:48:32','2024-10-18 03:48:32'),(6834,186,'2024-10-18',6,3,0,NULL,'2024-10-18 03:48:32','2024-10-18 03:48:32'),(6835,186,'2024-10-18',7,3,0,NULL,'2024-10-18 03:48:32','2024-10-18 03:48:32'),(6836,186,'2024-10-18',8,3,0,NULL,'2024-10-18 03:48:32','2024-10-18 03:48:32'),(6837,186,'2024-10-18',9,3,0,NULL,'2024-10-18 03:48:32','2024-10-18 03:48:32'),(6838,186,'2024-10-18',10,3,0,NULL,'2024-10-18 03:48:32','2024-10-18 03:48:32'),(6839,186,'2024-10-18',11,3,0,NULL,'2024-10-18 03:48:32','2024-10-18 03:48:32'),(6840,186,'2024-10-18',12,3,0,NULL,'2024-10-18 03:48:32','2024-10-18 03:48:32'),(6841,187,'2024-10-18',1,3,0,NULL,'2024-10-18 03:48:32','2024-10-18 03:48:32'),(6842,187,'2024-10-18',2,3,0,NULL,'2024-10-18 03:48:32','2024-10-18 03:48:32'),(6843,187,'2024-10-18',3,3,0,NULL,'2024-10-18 03:48:32','2024-10-18 03:48:32'),(6844,187,'2024-10-18',4,3,0,NULL,'2024-10-18 03:48:32','2024-10-18 03:48:32'),(6845,187,'2024-10-18',5,3,0,NULL,'2024-10-18 03:48:32','2024-10-18 03:48:32'),(6846,187,'2024-10-18',6,3,0,NULL,'2024-10-18 03:48:32','2024-10-18 03:48:32'),(6847,187,'2024-10-18',7,3,0,NULL,'2024-10-18 03:48:32','2024-10-18 03:48:32'),(6848,187,'2024-10-18',8,3,0,NULL,'2024-10-18 03:48:32','2024-10-18 03:48:32'),(6849,187,'2024-10-18',9,3,0,NULL,'2024-10-18 03:48:32','2024-10-18 03:48:32'),(6850,187,'2024-10-18',10,3,0,NULL,'2024-10-18 03:48:32','2024-10-18 03:48:32'),(6851,187,'2024-10-18',11,3,0,NULL,'2024-10-18 03:48:32','2024-10-18 03:48:32'),(6852,187,'2024-10-18',12,3,0,NULL,'2024-10-18 03:48:32','2024-10-18 03:48:32'),(6853,188,'2024-10-18',1,3,0,NULL,'2024-10-18 03:48:32','2024-10-18 03:48:32'),(6854,188,'2024-10-18',2,3,0,NULL,'2024-10-18 03:48:32','2024-10-18 03:48:32'),(6855,188,'2024-10-18',3,3,0,NULL,'2024-10-18 03:48:32','2024-10-18 03:48:32'),(6856,188,'2024-10-18',4,3,0,NULL,'2024-10-18 03:48:32','2024-10-18 03:48:32'),(6857,188,'2024-10-18',5,3,0,NULL,'2024-10-18 03:48:32','2024-10-18 03:48:32'),(6858,188,'2024-10-18',6,3,0,NULL,'2024-10-18 03:48:32','2024-10-18 03:48:32'),(6859,188,'2024-10-18',7,3,0,NULL,'2024-10-18 03:48:32','2024-10-18 03:48:32'),(6860,188,'2024-10-18',8,3,0,NULL,'2024-10-18 03:48:32','2024-10-18 03:48:32'),(6861,188,'2024-10-18',9,3,0,NULL,'2024-10-18 03:48:32','2024-10-18 03:48:32'),(6862,188,'2024-10-18',10,3,0,NULL,'2024-10-18 03:48:32','2024-10-18 03:48:32'),(6863,188,'2024-10-18',11,3,0,NULL,'2024-10-18 03:48:32','2024-10-18 03:48:32'),(6864,188,'2024-10-18',12,3,0,NULL,'2024-10-18 03:48:32','2024-10-18 03:48:32'),(6865,189,'2024-10-18',1,3,0,NULL,'2024-10-18 03:48:32','2024-10-18 03:48:32'),(6866,189,'2024-10-18',2,3,0,NULL,'2024-10-18 03:48:32','2024-10-18 03:48:32'),(6867,189,'2024-10-18',3,3,0,NULL,'2024-10-18 03:48:32','2024-10-18 03:48:32'),(6868,189,'2024-10-18',4,3,0,NULL,'2024-10-18 03:48:32','2024-10-18 03:48:32'),(6869,189,'2024-10-18',5,3,0,NULL,'2024-10-18 03:48:32','2024-10-18 03:48:32'),(6870,189,'2024-10-18',6,3,0,NULL,'2024-10-18 03:48:32','2024-10-18 03:48:32'),(6871,189,'2024-10-18',7,3,0,NULL,'2024-10-18 03:48:32','2024-10-18 03:48:32'),(6872,189,'2024-10-18',8,3,0,NULL,'2024-10-18 03:48:32','2024-10-18 03:48:32'),(6873,189,'2024-10-18',9,3,0,NULL,'2024-10-18 03:48:32','2024-10-18 03:48:32'),(6874,189,'2024-10-18',10,3,0,NULL,'2024-10-18 03:48:32','2024-10-18 03:48:32'),(6875,189,'2024-10-18',11,3,0,NULL,'2024-10-18 03:48:32','2024-10-18 03:48:32'),(6876,189,'2024-10-18',12,3,0,NULL,'2024-10-18 03:48:32','2024-10-18 03:48:32'),(6877,190,'2024-10-18',1,3,0,NULL,'2024-10-18 03:48:32','2024-10-18 03:48:32'),(6878,190,'2024-10-18',2,3,0,NULL,'2024-10-18 03:48:32','2024-10-18 03:48:32'),(6879,190,'2024-10-18',3,3,0,NULL,'2024-10-18 03:48:32','2024-10-18 03:48:32'),(6880,190,'2024-10-18',4,3,0,NULL,'2024-10-18 03:48:32','2024-10-18 03:48:32'),(6881,190,'2024-10-18',5,3,0,NULL,'2024-10-18 03:48:32','2024-10-18 03:48:32'),(6882,190,'2024-10-18',6,3,0,NULL,'2024-10-18 03:48:32','2024-10-18 03:48:32'),(6883,190,'2024-10-18',7,3,0,NULL,'2024-10-18 03:48:32','2024-10-18 03:48:32'),(6884,190,'2024-10-18',8,3,0,NULL,'2024-10-18 03:48:32','2024-10-18 03:48:32'),(6885,190,'2024-10-18',9,3,0,NULL,'2024-10-18 03:48:32','2024-10-18 03:48:32'),(6886,190,'2024-10-18',10,3,0,NULL,'2024-10-18 03:48:32','2024-10-18 03:48:32'),(6887,190,'2024-10-18',11,3,0,NULL,'2024-10-18 03:48:32','2024-10-18 03:48:32'),(6888,190,'2024-10-18',12,3,0,NULL,'2024-10-18 03:48:32','2024-10-18 03:48:32'),(6889,191,'2024-10-18',1,3,0,NULL,'2024-10-18 03:48:32','2024-10-18 03:48:32'),(6890,191,'2024-10-18',2,3,0,NULL,'2024-10-18 03:48:32','2024-10-18 03:48:32'),(6891,191,'2024-10-18',3,3,0,NULL,'2024-10-18 03:48:32','2024-10-18 03:48:32'),(6892,191,'2024-10-18',4,3,0,NULL,'2024-10-18 03:48:32','2024-10-18 03:48:32'),(6893,191,'2024-10-18',5,3,0,NULL,'2024-10-18 03:48:32','2024-10-18 03:48:32'),(6894,191,'2024-10-18',6,3,0,NULL,'2024-10-18 03:48:32','2024-10-18 03:48:32'),(6895,191,'2024-10-18',7,3,0,NULL,'2024-10-18 03:48:32','2024-10-18 03:48:32'),(6896,191,'2024-10-18',8,3,0,NULL,'2024-10-18 03:48:32','2024-10-18 03:48:32'),(6897,191,'2024-10-18',9,3,0,NULL,'2024-10-18 03:48:32','2024-10-18 03:48:32'),(6898,191,'2024-10-18',10,3,0,NULL,'2024-10-18 03:48:32','2024-10-18 03:48:32'),(6899,191,'2024-10-18',11,3,0,NULL,'2024-10-18 03:48:32','2024-10-18 03:48:32'),(6900,191,'2024-10-18',12,3,0,NULL,'2024-10-18 03:48:32','2024-10-18 03:48:32'),(6901,192,'2024-10-18',1,3,0,NULL,'2024-10-18 03:48:32','2024-10-18 03:48:32'),(6902,192,'2024-10-18',2,3,0,NULL,'2024-10-18 03:48:32','2024-10-18 03:48:32'),(6903,192,'2024-10-18',3,3,0,NULL,'2024-10-18 03:48:32','2024-10-18 03:48:32'),(6904,192,'2024-10-18',4,3,0,NULL,'2024-10-18 03:48:32','2024-10-18 03:48:32'),(6905,192,'2024-10-18',5,3,0,NULL,'2024-10-18 03:48:32','2024-10-18 03:48:32'),(6906,192,'2024-10-18',6,3,0,NULL,'2024-10-18 03:48:32','2024-10-18 03:48:32'),(6907,192,'2024-10-18',7,3,0,NULL,'2024-10-18 03:48:32','2024-10-18 03:48:32'),(6908,192,'2024-10-18',8,3,0,NULL,'2024-10-18 03:48:32','2024-10-18 03:48:32'),(6909,192,'2024-10-18',9,3,0,NULL,'2024-10-18 03:48:32','2024-10-18 03:48:32'),(6910,192,'2024-10-18',10,3,0,NULL,'2024-10-18 03:48:32','2024-10-18 03:48:32'),(6911,192,'2024-10-18',11,3,0,NULL,'2024-10-18 03:48:32','2024-10-18 03:48:32'),(6912,192,'2024-10-18',12,3,0,NULL,'2024-10-18 03:48:32','2024-10-18 03:48:32'),(6913,193,'2024-10-18',1,3,0,NULL,'2024-10-18 03:48:32','2024-10-18 03:48:32'),(6914,193,'2024-10-18',2,3,0,NULL,'2024-10-18 03:48:32','2024-10-18 03:48:32'),(6915,193,'2024-10-18',3,3,0,NULL,'2024-10-18 03:48:32','2024-10-18 03:48:32'),(6916,193,'2024-10-18',4,3,0,NULL,'2024-10-18 03:48:32','2024-10-18 03:48:32'),(6917,193,'2024-10-18',5,3,0,NULL,'2024-10-18 03:48:32','2024-10-18 03:48:32'),(6918,193,'2024-10-18',6,3,0,NULL,'2024-10-18 03:48:32','2024-10-18 03:48:32'),(6919,193,'2024-10-18',7,3,0,NULL,'2024-10-18 03:48:32','2024-10-18 03:48:32'),(6920,193,'2024-10-18',8,3,0,NULL,'2024-10-18 03:48:32','2024-10-18 03:48:32'),(6921,193,'2024-10-18',9,3,0,NULL,'2024-10-18 03:48:32','2024-10-18 03:48:32'),(6922,193,'2024-10-18',10,3,0,NULL,'2024-10-18 03:48:32','2024-10-18 03:48:32'),(6923,193,'2024-10-18',11,3,0,NULL,'2024-10-18 03:48:32','2024-10-18 03:48:32'),(6924,193,'2024-10-18',12,3,0,NULL,'2024-10-18 03:48:32','2024-10-18 03:48:32'),(6925,194,'2024-10-18',1,3,0,NULL,'2024-10-18 03:48:32','2024-10-18 03:48:32'),(6926,194,'2024-10-18',2,3,0,NULL,'2024-10-18 03:48:32','2024-10-18 03:48:32'),(6927,194,'2024-10-18',3,3,0,NULL,'2024-10-18 03:48:32','2024-10-18 03:48:32'),(6928,194,'2024-10-18',4,3,0,NULL,'2024-10-18 03:48:32','2024-10-18 03:48:32'),(6929,194,'2024-10-18',5,3,0,NULL,'2024-10-18 03:48:32','2024-10-18 03:48:32'),(6930,194,'2024-10-18',6,3,0,NULL,'2024-10-18 03:48:32','2024-10-18 03:48:32'),(6931,194,'2024-10-18',7,3,0,NULL,'2024-10-18 03:48:32','2024-10-18 03:48:32'),(6932,194,'2024-10-18',8,3,0,NULL,'2024-10-18 03:48:32','2024-10-18 03:48:32'),(6933,194,'2024-10-18',9,3,0,NULL,'2024-10-18 03:48:32','2024-10-18 03:48:32'),(6934,194,'2024-10-18',10,3,0,NULL,'2024-10-18 03:48:32','2024-10-18 03:48:32'),(6935,194,'2024-10-18',11,3,0,NULL,'2024-10-18 03:48:32','2024-10-18 03:48:32'),(6936,194,'2024-10-18',12,3,0,NULL,'2024-10-18 03:48:32','2024-10-18 03:48:32'),(6937,195,'2024-10-18',1,3,0,NULL,'2024-10-18 03:48:32','2024-10-18 03:48:32'),(6938,195,'2024-10-18',2,3,0,NULL,'2024-10-18 03:48:32','2024-10-18 03:48:32'),(6939,195,'2024-10-18',3,3,0,NULL,'2024-10-18 03:48:32','2024-10-18 03:48:32'),(6940,195,'2024-10-18',4,3,0,NULL,'2024-10-18 03:48:32','2024-10-18 03:48:32'),(6941,195,'2024-10-18',5,3,0,NULL,'2024-10-18 03:48:32','2024-10-18 03:48:32'),(6942,195,'2024-10-18',6,3,0,NULL,'2024-10-18 03:48:32','2024-10-18 03:48:32'),(6943,195,'2024-10-18',7,3,0,NULL,'2024-10-18 03:48:32','2024-10-18 03:48:32'),(6944,195,'2024-10-18',8,3,0,NULL,'2024-10-18 03:48:32','2024-10-18 03:48:32'),(6945,195,'2024-10-18',9,3,0,NULL,'2024-10-18 03:48:32','2024-10-18 03:48:32'),(6946,195,'2024-10-18',10,3,0,NULL,'2024-10-18 03:48:32','2024-10-18 03:48:32'),(6947,195,'2024-10-18',11,3,0,NULL,'2024-10-18 03:48:32','2024-10-18 03:48:32'),(6948,195,'2024-10-18',12,3,0,NULL,'2024-10-18 03:48:32','2024-10-18 03:48:32'),(6949,196,'2024-10-18',1,3,0,NULL,'2024-10-18 03:48:32','2024-10-18 03:48:32'),(6950,196,'2024-10-18',2,3,0,NULL,'2024-10-18 03:48:32','2024-10-18 03:48:32'),(6951,196,'2024-10-18',3,3,0,NULL,'2024-10-18 03:48:32','2024-10-18 03:48:32'),(6952,196,'2024-10-18',4,3,0,NULL,'2024-10-18 03:48:32','2024-10-18 03:48:32'),(6953,196,'2024-10-18',5,3,0,NULL,'2024-10-18 03:48:32','2024-10-18 03:48:32'),(6954,196,'2024-10-18',6,3,0,NULL,'2024-10-18 03:48:32','2024-10-18 03:48:32'),(6955,196,'2024-10-18',7,3,0,NULL,'2024-10-18 03:48:32','2024-10-18 03:48:32'),(6956,196,'2024-10-18',8,3,0,NULL,'2024-10-18 03:48:32','2024-10-18 03:48:32'),(6957,196,'2024-10-18',9,3,0,NULL,'2024-10-18 03:48:32','2024-10-18 03:48:32'),(6958,196,'2024-10-18',10,3,0,NULL,'2024-10-18 03:48:32','2024-10-18 03:48:32'),(6959,196,'2024-10-18',11,3,0,NULL,'2024-10-18 03:48:32','2024-10-18 03:48:32'),(6960,196,'2024-10-18',12,3,0,NULL,'2024-10-18 03:48:32','2024-10-18 03:48:32'),(6961,197,'2024-10-18',1,3,0,NULL,'2024-10-18 03:48:32','2024-10-18 03:48:32'),(6962,197,'2024-10-18',2,3,0,NULL,'2024-10-18 03:48:32','2024-10-18 03:48:32'),(6963,197,'2024-10-18',3,3,0,NULL,'2024-10-18 03:48:32','2024-10-18 03:48:32'),(6964,197,'2024-10-18',4,3,0,NULL,'2024-10-18 03:48:32','2024-10-18 03:48:32'),(6965,197,'2024-10-18',5,3,0,NULL,'2024-10-18 03:48:32','2024-10-18 03:48:32'),(6966,197,'2024-10-18',6,3,0,NULL,'2024-10-18 03:48:32','2024-10-18 03:48:32'),(6967,197,'2024-10-18',7,3,0,NULL,'2024-10-18 03:48:32','2024-10-18 03:48:32'),(6968,197,'2024-10-18',8,3,0,NULL,'2024-10-18 03:48:32','2024-10-18 03:48:32'),(6969,197,'2024-10-18',9,3,0,NULL,'2024-10-18 03:48:32','2024-10-18 03:48:32'),(6970,197,'2024-10-18',10,3,0,NULL,'2024-10-18 03:48:32','2024-10-18 03:48:32'),(6971,197,'2024-10-18',11,3,0,NULL,'2024-10-18 03:48:32','2024-10-18 03:48:32'),(6972,197,'2024-10-18',12,3,0,NULL,'2024-10-18 03:48:32','2024-10-18 03:48:32'),(6973,198,'2024-10-18',1,3,0,NULL,'2024-10-18 03:48:32','2024-10-18 03:48:32'),(6974,198,'2024-10-18',2,3,0,NULL,'2024-10-18 03:48:32','2024-10-18 03:48:32'),(6975,198,'2024-10-18',3,3,0,NULL,'2024-10-18 03:48:32','2024-10-18 03:48:32'),(6976,198,'2024-10-18',4,3,0,NULL,'2024-10-18 03:48:32','2024-10-18 03:48:32'),(6977,198,'2024-10-18',5,3,0,NULL,'2024-10-18 03:48:32','2024-10-18 03:48:32'),(6978,198,'2024-10-18',6,3,0,NULL,'2024-10-18 03:48:32','2024-10-18 03:48:32'),(6979,198,'2024-10-18',7,3,0,NULL,'2024-10-18 03:48:32','2024-10-18 03:48:32'),(6980,198,'2024-10-18',8,3,0,NULL,'2024-10-18 03:48:32','2024-10-18 03:48:32'),(6981,198,'2024-10-18',9,3,0,NULL,'2024-10-18 03:48:32','2024-10-18 03:48:32'),(6982,198,'2024-10-18',10,3,0,NULL,'2024-10-18 03:48:32','2024-10-18 03:48:32'),(6983,198,'2024-10-18',11,3,0,NULL,'2024-10-18 03:48:32','2024-10-18 03:48:32'),(6984,198,'2024-10-18',12,3,0,NULL,'2024-10-18 03:48:32','2024-10-18 03:48:32'),(6985,199,'2024-10-18',1,3,0,NULL,'2024-10-18 03:48:32','2024-10-18 03:48:32'),(6986,199,'2024-10-18',2,3,0,NULL,'2024-10-18 03:48:32','2024-10-18 03:48:32'),(6987,199,'2024-10-18',3,3,0,NULL,'2024-10-18 03:48:32','2024-10-18 03:48:32'),(6988,199,'2024-10-18',4,3,0,NULL,'2024-10-18 03:48:32','2024-10-18 03:48:32'),(6989,199,'2024-10-18',5,3,0,NULL,'2024-10-18 03:48:32','2024-10-18 03:48:32'),(6990,199,'2024-10-18',6,3,0,NULL,'2024-10-18 03:48:32','2024-10-18 03:48:32'),(6991,199,'2024-10-18',7,3,0,NULL,'2024-10-18 03:48:32','2024-10-18 03:48:32'),(6992,199,'2024-10-18',8,3,0,NULL,'2024-10-18 03:48:32','2024-10-18 03:48:32'),(6993,199,'2024-10-18',9,3,0,NULL,'2024-10-18 03:48:32','2024-10-18 03:48:32'),(6994,199,'2024-10-18',10,3,0,NULL,'2024-10-18 03:48:32','2024-10-18 03:48:32'),(6995,199,'2024-10-18',11,3,0,NULL,'2024-10-18 03:48:32','2024-10-18 03:48:32'),(6996,199,'2024-10-18',12,3,0,NULL,'2024-10-18 03:48:32','2024-10-18 03:48:32'),(6997,200,'2024-10-18',1,3,0,NULL,'2024-10-18 03:48:32','2024-10-18 03:48:32'),(6998,200,'2024-10-18',2,3,0,NULL,'2024-10-18 03:48:32','2024-10-18 03:48:32'),(6999,200,'2024-10-18',3,3,0,NULL,'2024-10-18 03:48:32','2024-10-18 03:48:32'),(7000,200,'2024-10-18',4,3,0,NULL,'2024-10-18 03:48:32','2024-10-18 03:48:32'),(7001,200,'2024-10-18',5,3,0,NULL,'2024-10-18 03:48:32','2024-10-18 03:48:32'),(7002,200,'2024-10-18',6,3,0,NULL,'2024-10-18 03:48:32','2024-10-18 03:48:32'),(7003,200,'2024-10-18',7,3,0,NULL,'2024-10-18 03:48:32','2024-10-18 03:48:32'),(7004,200,'2024-10-18',8,3,0,NULL,'2024-10-18 03:48:32','2024-10-18 03:48:32'),(7005,200,'2024-10-18',9,3,0,NULL,'2024-10-18 03:48:32','2024-10-18 03:48:32'),(7006,200,'2024-10-18',10,3,0,NULL,'2024-10-18 03:48:32','2024-10-18 03:48:32'),(7007,200,'2024-10-18',11,3,0,NULL,'2024-10-18 03:48:32','2024-10-18 03:48:32'),(7008,200,'2024-10-18',12,3,0,NULL,'2024-10-18 03:48:32','2024-10-18 03:48:32'),(7009,201,'2024-10-18',1,3,0,NULL,'2024-10-18 03:48:32','2024-10-18 03:48:32'),(7010,201,'2024-10-18',2,3,0,NULL,'2024-10-18 03:48:32','2024-10-18 03:48:32'),(7011,201,'2024-10-18',3,3,0,NULL,'2024-10-18 03:48:32','2024-10-18 03:48:32'),(7012,201,'2024-10-18',4,3,0,NULL,'2024-10-18 03:48:32','2024-10-18 03:48:32'),(7013,201,'2024-10-18',5,3,0,NULL,'2024-10-18 03:48:32','2024-10-18 03:48:32'),(7014,201,'2024-10-18',6,3,0,NULL,'2024-10-18 03:48:32','2024-10-18 03:48:32'),(7015,201,'2024-10-18',7,3,0,NULL,'2024-10-18 03:48:32','2024-10-18 03:48:32'),(7016,201,'2024-10-18',8,3,0,NULL,'2024-10-18 03:48:32','2024-10-18 03:48:32'),(7017,201,'2024-10-18',9,3,0,NULL,'2024-10-18 03:48:32','2024-10-18 03:48:32'),(7018,201,'2024-10-18',10,3,0,NULL,'2024-10-18 03:48:32','2024-10-18 03:48:32'),(7019,201,'2024-10-18',11,3,0,NULL,'2024-10-18 03:48:32','2024-10-18 03:48:32'),(7020,201,'2024-10-18',12,3,0,NULL,'2024-10-18 03:48:32','2024-10-18 03:48:32'),(7021,202,'2024-10-18',1,3,0,NULL,'2024-10-18 03:48:32','2024-10-18 03:48:32'),(7022,202,'2024-10-18',2,3,0,NULL,'2024-10-18 03:48:32','2024-10-18 03:48:32'),(7023,202,'2024-10-18',3,3,0,NULL,'2024-10-18 03:48:32','2024-10-18 03:48:32'),(7024,202,'2024-10-18',4,3,0,NULL,'2024-10-18 03:48:32','2024-10-18 03:48:32'),(7025,202,'2024-10-18',5,3,0,NULL,'2024-10-18 03:48:32','2024-10-18 03:48:32'),(7026,202,'2024-10-18',6,3,0,NULL,'2024-10-18 03:48:32','2024-10-18 03:48:32'),(7027,202,'2024-10-18',7,3,0,NULL,'2024-10-18 03:48:32','2024-10-18 03:48:32'),(7028,202,'2024-10-18',8,3,0,NULL,'2024-10-18 03:48:32','2024-10-18 03:48:32'),(7029,202,'2024-10-18',9,3,0,NULL,'2024-10-18 03:48:32','2024-10-18 03:48:32'),(7030,202,'2024-10-18',10,3,0,NULL,'2024-10-18 03:48:32','2024-10-18 03:48:32'),(7031,202,'2024-10-18',11,3,0,NULL,'2024-10-18 03:48:32','2024-10-18 03:48:32'),(7032,202,'2024-10-18',12,3,0,NULL,'2024-10-18 03:48:32','2024-10-18 03:48:32'),(7033,203,'2024-10-18',1,3,0,NULL,'2024-10-18 03:48:32','2024-10-18 03:48:32'),(7034,203,'2024-10-18',2,3,0,NULL,'2024-10-18 03:48:32','2024-10-18 03:48:32'),(7035,203,'2024-10-18',3,3,0,NULL,'2024-10-18 03:48:32','2024-10-18 03:48:32'),(7036,203,'2024-10-18',4,3,0,NULL,'2024-10-18 03:48:32','2024-10-18 03:48:32'),(7037,203,'2024-10-18',5,3,0,NULL,'2024-10-18 03:48:32','2024-10-18 03:48:32'),(7038,203,'2024-10-18',6,3,0,NULL,'2024-10-18 03:48:32','2024-10-18 03:48:32'),(7039,203,'2024-10-18',7,3,0,NULL,'2024-10-18 03:48:32','2024-10-18 03:48:32'),(7040,203,'2024-10-18',8,3,0,NULL,'2024-10-18 03:48:32','2024-10-18 03:48:32'),(7041,203,'2024-10-18',9,3,0,NULL,'2024-10-18 03:48:32','2024-10-18 03:48:32'),(7042,203,'2024-10-18',10,3,0,NULL,'2024-10-18 03:48:32','2024-10-18 03:48:32'),(7043,203,'2024-10-18',11,3,0,NULL,'2024-10-18 03:48:32','2024-10-18 03:48:32'),(7044,203,'2024-10-18',12,3,0,NULL,'2024-10-18 03:48:32','2024-10-18 03:48:32'),(7045,204,'2024-10-18',1,3,0,NULL,'2024-10-18 03:48:32','2024-10-18 03:48:32'),(7046,204,'2024-10-18',2,3,0,NULL,'2024-10-18 03:48:32','2024-10-18 03:48:32'),(7047,204,'2024-10-18',3,3,0,NULL,'2024-10-18 03:48:32','2024-10-18 03:48:32'),(7048,204,'2024-10-18',4,3,0,NULL,'2024-10-18 03:48:32','2024-10-18 03:48:32'),(7049,204,'2024-10-18',5,3,0,NULL,'2024-10-18 03:48:32','2024-10-18 03:48:32'),(7050,204,'2024-10-18',6,3,0,NULL,'2024-10-18 03:48:32','2024-10-18 03:48:32'),(7051,204,'2024-10-18',7,3,0,NULL,'2024-10-18 03:48:32','2024-10-18 03:48:32'),(7052,204,'2024-10-18',8,3,0,NULL,'2024-10-18 03:48:32','2024-10-18 03:48:32'),(7053,204,'2024-10-18',9,3,0,NULL,'2024-10-18 03:48:32','2024-10-18 03:48:32'),(7054,204,'2024-10-18',10,3,0,NULL,'2024-10-18 03:48:32','2024-10-18 03:48:32'),(7055,204,'2024-10-18',11,3,0,NULL,'2024-10-18 03:48:32','2024-10-18 03:48:32'),(7056,204,'2024-10-18',12,3,0,NULL,'2024-10-18 03:48:32','2024-10-18 03:48:32'),(7057,205,'2024-10-18',1,3,0,NULL,'2024-10-18 03:48:32','2024-10-18 03:48:32'),(7058,205,'2024-10-18',2,3,0,NULL,'2024-10-18 03:48:32','2024-10-18 03:48:32'),(7059,205,'2024-10-18',3,3,0,NULL,'2024-10-18 03:48:32','2024-10-18 03:48:32'),(7060,205,'2024-10-18',4,3,0,NULL,'2024-10-18 03:48:32','2024-10-18 03:48:32'),(7061,205,'2024-10-18',5,3,0,NULL,'2024-10-18 03:48:32','2024-10-18 03:48:32'),(7062,205,'2024-10-18',6,3,0,NULL,'2024-10-18 03:48:32','2024-10-18 03:48:32'),(7063,205,'2024-10-18',7,3,0,NULL,'2024-10-18 03:48:32','2024-10-18 03:48:32'),(7064,205,'2024-10-18',8,3,0,NULL,'2024-10-18 03:48:32','2024-10-18 03:48:32'),(7065,205,'2024-10-18',9,3,0,NULL,'2024-10-18 03:48:32','2024-10-18 03:48:32'),(7066,205,'2024-10-18',10,3,0,NULL,'2024-10-18 03:48:32','2024-10-18 03:48:32'),(7067,205,'2024-10-18',11,3,0,NULL,'2024-10-18 03:48:32','2024-10-18 03:48:32'),(7068,205,'2024-10-18',12,3,0,NULL,'2024-10-18 03:48:32','2024-10-18 03:48:32'),(7069,206,'2024-10-18',1,3,0,NULL,'2024-10-18 03:48:32','2024-10-18 03:48:32'),(7070,206,'2024-10-18',2,3,0,NULL,'2024-10-18 03:48:32','2024-10-18 03:48:32'),(7071,206,'2024-10-18',3,3,0,NULL,'2024-10-18 03:48:32','2024-10-18 03:48:32'),(7072,206,'2024-10-18',4,3,0,NULL,'2024-10-18 03:48:32','2024-10-18 03:48:32'),(7073,206,'2024-10-18',5,3,0,NULL,'2024-10-18 03:48:32','2024-10-18 03:48:32'),(7074,206,'2024-10-18',6,3,0,NULL,'2024-10-18 03:48:32','2024-10-18 03:48:32'),(7075,206,'2024-10-18',7,3,0,NULL,'2024-10-18 03:48:32','2024-10-18 03:48:32'),(7076,206,'2024-10-18',8,3,0,NULL,'2024-10-18 03:48:32','2024-10-18 03:48:32'),(7077,206,'2024-10-18',9,3,0,NULL,'2024-10-18 03:48:32','2024-10-18 03:48:32'),(7078,206,'2024-10-18',10,3,0,NULL,'2024-10-18 03:48:32','2024-10-18 03:48:32'),(7079,206,'2024-10-18',11,3,0,NULL,'2024-10-18 03:48:32','2024-10-18 03:48:32'),(7080,206,'2024-10-18',12,3,0,NULL,'2024-10-18 03:48:32','2024-10-18 03:48:32'),(7081,207,'2024-10-18',1,3,0,NULL,'2024-10-18 03:48:32','2024-10-18 03:48:32'),(7082,207,'2024-10-18',2,3,0,NULL,'2024-10-18 03:48:32','2024-10-18 03:48:32'),(7083,207,'2024-10-18',3,3,0,NULL,'2024-10-18 03:48:32','2024-10-18 03:48:32'),(7084,207,'2024-10-18',4,3,0,NULL,'2024-10-18 03:48:32','2024-10-18 03:48:32'),(7085,207,'2024-10-18',5,3,0,NULL,'2024-10-18 03:48:32','2024-10-18 03:48:32'),(7086,207,'2024-10-18',6,3,0,NULL,'2024-10-18 03:48:32','2024-10-18 03:48:32'),(7087,207,'2024-10-18',7,3,0,NULL,'2024-10-18 03:48:32','2024-10-18 03:48:32'),(7088,207,'2024-10-18',8,3,0,NULL,'2024-10-18 03:48:32','2024-10-18 03:48:32'),(7089,207,'2024-10-18',9,3,0,NULL,'2024-10-18 03:48:32','2024-10-18 03:48:32'),(7090,207,'2024-10-18',10,3,0,NULL,'2024-10-18 03:48:32','2024-10-18 03:48:32'),(7091,207,'2024-10-18',11,3,0,NULL,'2024-10-18 03:48:32','2024-10-18 03:48:32'),(7092,207,'2024-10-18',12,3,0,NULL,'2024-10-18 03:48:32','2024-10-18 03:48:32');
/*!40000 ALTER TABLE `job_schedules` ENABLE KEYS */;
UNLOCK TABLES;

--
-- Table structure for table `job_statuses`
--

DROP TABLE IF EXISTS `job_statuses`;
/*!40101 SET @saved_cs_client     = @@character_set_client */;
/*!50503 SET character_set_client = utf8mb4 */;
CREATE TABLE `job_statuses` (
  `job_status_id` bigint unsigned NOT NULL AUTO_INCREMENT,
  `job_status_description` varchar(255) CHARACTER SET utf8mb4 COLLATE utf8mb4_unicode_ci NOT NULL,
  `created_at` timestamp NULL DEFAULT NULL,
  `updated_at` timestamp NULL DEFAULT NULL,
  PRIMARY KEY (`job_status_id`)
) ENGINE=InnoDB AUTO_INCREMENT=6 DEFAULT CHARSET=utf8mb4 COLLATE=utf8mb4_unicode_ci;
/*!40101 SET character_set_client = @saved_cs_client */;

--
-- Dumping data for table `job_statuses`
--

LOCK TABLES `job_statuses` WRITE;
/*!40000 ALTER TABLE `job_statuses` DISABLE KEYS */;
INSERT INTO `job_statuses` VALUES (1,'ไม่พบปัญหา','2024-08-13 09:24:16','2024-08-13 09:24:16'),(2,'พบปัญหา','2024-08-13 09:24:16','2024-08-13 09:24:16'),(3,'ยังไม่ได้ตรวจสอบ','2024-08-13 09:24:16','2024-08-13 09:24:16'),(4,'กำลังดำเนินการ','2024-09-25 09:32:52','2024-10-18 03:22:33'),(5,'เสร็จสิ้น','2024-10-18 03:21:40','2024-10-18 03:29:54');
/*!40000 ALTER TABLE `job_statuses` ENABLE KEYS */;
UNLOCK TABLES;

--
-- Table structure for table `locations`
--

DROP TABLE IF EXISTS `locations`;
/*!40101 SET @saved_cs_client     = @@character_set_client */;
/*!50503 SET character_set_client = utf8mb4 */;
CREATE TABLE `locations` (
  `location_id` bigint unsigned NOT NULL AUTO_INCREMENT,
  `location_description` varchar(255) CHARACTER SET utf8mb4 COLLATE utf8mb4_unicode_ci NOT NULL,
  `location_qr` varchar(255) CHARACTER SET utf8mb4 COLLATE utf8mb4_unicode_ci DEFAULT NULL,
  `location_zone_id` bigint unsigned NOT NULL,
  `location_status` enum('0','1') COLLATE utf8mb4_unicode_ci DEFAULT '1',
  `deleted_at` timestamp NULL DEFAULT NULL,
  `created_at` timestamp NULL DEFAULT NULL,
  `updated_at` timestamp NULL DEFAULT NULL,
  PRIMARY KEY (`location_id`),
  KEY `locations_location_zone_id_foreign` (`location_zone_id`),
  CONSTRAINT `locations_location_zone_id_foreign` FOREIGN KEY (`location_zone_id`) REFERENCES `zones` (`zone_id`) ON DELETE CASCADE
) ENGINE=InnoDB AUTO_INCREMENT=56 DEFAULT CHARSET=utf8mb4 COLLATE=utf8mb4_unicode_ci;
/*!40101 SET character_set_client = @saved_cs_client */;

--
-- Dumping data for table `locations`
--

LOCK TABLES `locations` WRITE;
/*!40000 ALTER TABLE `locations` DISABLE KEYS */;
INSERT INTO `locations` VALUES (33,'1','2A_1_QR',1,'1',NULL,'2024-10-18 03:15:53','2024-10-18 03:34:04'),(34,'2','2A_2_QR',1,'1',NULL,'2024-10-18 03:33:26','2024-10-18 03:34:00'),(35,'3','2A_3_QR',1,'1',NULL,'2024-10-18 03:33:28','2024-10-18 03:33:28'),(36,'4','2A_4_QR',1,'1',NULL,'2024-10-18 03:33:31','2024-10-18 03:33:31'),(37,'5','2A_5_QR',1,'1',NULL,'2024-10-18 03:33:34','2024-10-18 03:33:34'),(38,'1','3A_1_QR',2,'1',NULL,'2024-10-18 03:33:36','2024-10-18 03:33:36'),(39,'2','3A_2_QR',2,'1',NULL,'2024-10-18 03:33:44','2024-10-18 03:33:44'),(40,'3','3A_3_QR',2,'1',NULL,'2024-10-18 03:33:48','2024-10-18 03:33:48'),(41,'4','3A_4_QR',2,'1',NULL,'2024-10-18 03:33:53','2024-10-18 03:33:53'),(42,'5','3A_5_QR',2,'1',NULL,'2024-10-18 03:33:56','2024-10-18 03:33:56'),(43,'1','4A_1_QR',3,'1',NULL,'2024-10-18 03:47:04','2024-10-18 03:47:04'),(44,'2','4A_2_QR',3,'1',NULL,'2024-10-18 03:47:08','2024-10-18 03:47:08'),(45,'3','4A_3_QR',3,'1',NULL,'2024-10-18 03:47:11','2024-10-18 03:47:11'),(46,'1','2B_1_QR',4,'1',NULL,'2024-10-18 03:47:15','2024-10-18 03:47:15'),(47,'2','2B_2_QR',4,'1',NULL,'2024-10-18 03:47:20','2024-10-18 03:47:20'),(48,'1','3B_1_QR',5,'1',NULL,'2024-10-18 03:47:26','2024-10-18 03:47:26'),(49,'1','4B_1_QR',6,'1',NULL,'2024-10-18 03:47:30','2024-10-18 03:47:30'),(50,'2','4B_2_QR',6,'1',NULL,'2024-10-18 03:47:34','2024-10-18 03:47:34'),(51,'1','2C_1_QR',7,'1',NULL,'2024-10-18 03:47:38','2024-10-18 03:47:38'),(52,'2','2C_2_QR',7,'1',NULL,'2024-10-18 03:47:42','2024-10-18 03:47:42'),(53,'1','2B_1_QR',8,'1',NULL,'2024-10-18 03:47:45','2024-10-18 03:47:45'),(54,'1','5A_1_QR',9,'1',NULL,'2024-10-18 03:47:50','2024-10-18 03:47:50'),(55,'2','5A_2_QR',9,'1',NULL,'2024-10-18 03:47:53','2024-10-18 03:47:53');
/*!40000 ALTER TABLE `locations` ENABLE KEYS */;
UNLOCK TABLES;

--
-- Table structure for table `migrations`
--

DROP TABLE IF EXISTS `migrations`;
/*!40101 SET @saved_cs_client     = @@character_set_client */;
/*!50503 SET character_set_client = utf8mb4 */;
CREATE TABLE `migrations` (
  `id` int unsigned NOT NULL AUTO_INCREMENT,
  `migration` varchar(255) CHARACTER SET utf8mb4 COLLATE utf8mb4_unicode_ci NOT NULL,
  `batch` int NOT NULL,
  PRIMARY KEY (`id`)
) ENGINE=InnoDB AUTO_INCREMENT=24 DEFAULT CHARSET=utf8mb4 COLLATE=utf8mb4_unicode_ci;
/*!40101 SET character_set_client = @saved_cs_client */;

--
-- Dumping data for table `migrations`
--

LOCK TABLES `migrations` WRITE;
/*!40000 ALTER TABLE `migrations` DISABLE KEYS */;
INSERT INTO `migrations` VALUES (1,'2014_10_12_000000_create_users_table',1),(2,'2014_10_12_100000_create_password_resets_table',1),(3,'2019_08_19_000000_create_failed_jobs_table',1),(4,'2019_12_14_000001_create_personal_access_tokens_table',1),(5,'2024_08_14_083021_create_zones_table',2),(6,'2024_08_14_083917_create_locations_table',3),(7,'2024_08_14_084356_create_user_authorities_table',3),(8,'2024_08_14_084855_create_work_shifts_table',4),(9,'2024_08_14_091414_create_job_statuses_table',5),(10,'2024_08_14_091930_create_job_schedules_table',6),(11,'2024_08_14_092359_create_job_schedule_images',7),(19,'2024_08_20_090206_add_inspection_completed_at_to_job_schedules_table',8),(23,'2024_09_25_113246_create_issue_topics_table',9);
/*!40000 ALTER TABLE `migrations` ENABLE KEYS */;
UNLOCK TABLES;

--
-- Table structure for table `password_resets`
--

DROP TABLE IF EXISTS `password_resets`;
/*!40101 SET @saved_cs_client     = @@character_set_client */;
/*!50503 SET character_set_client = utf8mb4 */;
CREATE TABLE `password_resets` (
  `email` varchar(255) CHARACTER SET utf8mb4 COLLATE utf8mb4_unicode_ci NOT NULL,
  `token` varchar(255) CHARACTER SET utf8mb4 COLLATE utf8mb4_unicode_ci NOT NULL,
  `created_at` timestamp NULL DEFAULT NULL,
  PRIMARY KEY (`email`)
) ENGINE=InnoDB DEFAULT CHARSET=utf8mb4 COLLATE=utf8mb4_unicode_ci;
/*!40101 SET character_set_client = @saved_cs_client */;

--
-- Dumping data for table `password_resets`
--

LOCK TABLES `password_resets` WRITE;
/*!40000 ALTER TABLE `password_resets` DISABLE KEYS */;
/*!40000 ALTER TABLE `password_resets` ENABLE KEYS */;
UNLOCK TABLES;

--
-- Table structure for table `personal_access_tokens`
--

DROP TABLE IF EXISTS `personal_access_tokens`;
/*!40101 SET @saved_cs_client     = @@character_set_client */;
/*!50503 SET character_set_client = utf8mb4 */;
CREATE TABLE `personal_access_tokens` (
  `id` bigint unsigned NOT NULL AUTO_INCREMENT,
  `tokenable_type` varchar(255) CHARACTER SET utf8mb4 COLLATE utf8mb4_unicode_ci NOT NULL,
  `tokenable_id` bigint unsigned NOT NULL,
  `name` varchar(255) CHARACTER SET utf8mb4 COLLATE utf8mb4_unicode_ci NOT NULL,
  `token` varchar(64) CHARACTER SET utf8mb4 COLLATE utf8mb4_unicode_ci NOT NULL,
  `abilities` text CHARACTER SET utf8mb4 COLLATE utf8mb4_unicode_ci,
  `last_used_at` timestamp NULL DEFAULT NULL,
  `expires_at` timestamp NULL DEFAULT NULL,
  `created_at` timestamp NULL DEFAULT NULL,
  `updated_at` timestamp NULL DEFAULT NULL,
  PRIMARY KEY (`id`),
  UNIQUE KEY `personal_access_tokens_token_unique` (`token`),
  KEY `personal_access_tokens_tokenable_type_tokenable_id_index` (`tokenable_type`,`tokenable_id`)
) ENGINE=InnoDB AUTO_INCREMENT=208 DEFAULT CHARSET=utf8mb4 COLLATE=utf8mb4_unicode_ci;
/*!40101 SET character_set_client = @saved_cs_client */;

--
-- Dumping data for table `personal_access_tokens`
--

LOCK TABLES `personal_access_tokens` WRITE;
/*!40000 ALTER TABLE `personal_access_tokens` DISABLE KEYS */;
INSERT INTO `personal_access_tokens` VALUES (1,'App\\Models\\User',1,'authToken','9b1625022cb46419df0c6aff83f31445a846d9d4c75b8c45337fea6b60bddd5d','[\"*\"]',NULL,NULL,'2024-08-13 00:32:03','2024-08-13 00:32:03'),(2,'App\\Models\\User',1,'authToken','7bc36e2fcb5e563e7c376a2c376c608491712fed0b209d4ae6801c04b2ff92ac','[\"*\"]',NULL,NULL,'2024-08-13 00:32:46','2024-08-13 00:32:46'),(3,'App\\Models\\User',1,'authToken','b1453832769c5f82708227d04c2afafcc444724c76663783ac92d74b1a976fff','[\"*\"]',NULL,NULL,'2024-08-13 00:34:05','2024-08-13 00:34:05'),(4,'App\\Models\\User',1,'authToken','59e5861b480898a4d4a4c7e3debf1f6f32882f511c6b61365ef8406bce25fa09','[\"*\"]',NULL,NULL,'2024-08-13 00:38:20','2024-08-13 00:38:20'),(5,'App\\Models\\User',2,'authToken','215ef3c1a9a299a0aee956207182b657fcb42a3ebb61c8bc2466fd47a8320ed7','[\"*\"]',NULL,NULL,'2024-08-13 00:38:57','2024-08-13 00:38:57'),(6,'App\\Models\\User',2,'authToken','0a6f8af4a439ffb078761ba17a832f545c82e397935df235d8d1d336449dc27c','[\"*\"]',NULL,NULL,'2024-08-13 00:38:59','2024-08-13 00:38:59'),(7,'App\\Models\\User',4,'authToken','a86248d25a11bc43a734a8db9123e69d0bffd113a7b36f1763f386e02fd8ba65','[\"*\"]',NULL,NULL,'2024-08-13 00:40:10','2024-08-13 00:40:10'),(8,'App\\Models\\User',4,'authToken','0d9b1edd1d7f8a879d48e0800329e822572cabac4ddde7a085429967ebe3cc30','[\"*\"]',NULL,NULL,'2024-08-13 00:42:04','2024-08-13 00:42:04'),(9,'App\\Models\\User',4,'authToken','7ec0cf36091d4c48d25bb14cf20057cf62007f0a65b39393bc1acad903905472','[\"*\"]',NULL,NULL,'2024-08-13 00:42:06','2024-08-13 00:42:06'),(10,'App\\Models\\User',4,'authToken','7ee87f199fd9144b5a13e942784b2f629fca3d0795dd2d83e9a789b0974797c1','[\"*\"]',NULL,NULL,'2024-08-13 00:48:34','2024-08-13 00:48:34'),(11,'App\\Models\\User',4,'authToken','0dab3032cf1be19dc8cd5db51430918717b5d2611eb2f1cc4da7a1da5d2c2d19','[\"*\"]',NULL,NULL,'2024-08-13 00:49:56','2024-08-13 00:49:56'),(12,'App\\Models\\User',1,'authToken','1f633980352470af92632214f9ad5ee8e1a6018948cc264dbb5bb207aa4beedf','[\"*\"]',NULL,NULL,'2024-08-13 00:50:09','2024-08-13 00:50:09'),(13,'App\\Models\\User',1,'authToken','4e250e35647d0f89dc3ad25699d9be7e074729081acf4b351d5f39ce128da312','[\"*\"]',NULL,NULL,'2024-08-13 00:50:43','2024-08-13 00:50:43'),(14,'App\\Models\\User',1,'authToken','a34a5f0986e0d0437737246f75f11cb3e9dafe4f48fabef2ed855222b6d89321','[\"*\"]',NULL,NULL,'2024-08-13 07:51:35','2024-08-13 07:51:35'),(15,'App\\Models\\User',1,'authToken','8d9f887c83eb08a1af571cd189193391948b1869b740d5e4aefa9f4975d463e5','[\"*\"]',NULL,NULL,'2024-08-13 08:01:28','2024-08-13 08:01:28'),(16,'App\\Models\\User',1,'authToken','f61e0d8f3916a7309df93bc811a1bb3ca53a7e1b798181f7c387c1954f4fd8be','[\"*\"]',NULL,NULL,'2024-08-13 08:02:41','2024-08-13 08:02:41'),(17,'App\\Models\\User',1,'authToken','fe33127adb140c32eadc63d1ddd76b321a248d6fedfba6554031298d7aa4d1fd','[\"*\"]',NULL,NULL,'2024-08-13 08:11:58','2024-08-13 08:11:58'),(18,'App\\Models\\User',1,'authToken','697ab21138d3c4d6dd64552226f63699392c4562447d19e3a32ca83a42958559','[\"*\"]',NULL,NULL,'2024-08-13 08:16:10','2024-08-13 08:16:10'),(19,'App\\Models\\User',1,'authToken','fa5555b4917a2a723d91e5d4e4ae0de4cba7cb368c8c9b502b357b3e34d6d007','[\"*\"]',NULL,NULL,'2024-08-13 08:18:29','2024-08-13 08:18:29'),(20,'App\\Models\\User',1,'authToken','d36a39ce7c9430e8254b001be64d1d151f1a4519dd92a01c415807db1756084a','[\"*\"]',NULL,NULL,'2024-08-13 08:20:44','2024-08-13 08:20:44'),(21,'App\\Models\\User',1,'authToken','ba2251b1387d672f15e81058887c3ac19a2ada292dcef705dd91dbfc85c5c637','[\"*\"]',NULL,NULL,'2024-08-13 08:25:00','2024-08-13 08:25:00'),(22,'App\\Models\\User',1,'authToken','fc05ce071e76d7d388f454ccad20cd2cc30b77e8f48d417b2dd2f3628639e766','[\"*\"]',NULL,NULL,'2024-08-13 08:27:45','2024-08-13 08:27:45'),(23,'App\\Models\\User',1,'authToken','8ab57621045f079a1a46626e23b68880c7f51c6a9512bbb079dbcfe32bfc65a4','[\"*\"]',NULL,NULL,'2024-08-13 08:39:13','2024-08-13 08:39:13'),(24,'App\\Models\\User',1,'authToken','862b6ee81fa5888d7a14ee8b1ec7b23f8015599d6d6886620777c1fa514c0495','[\"*\"]',NULL,NULL,'2024-08-13 09:00:45','2024-08-13 09:00:45'),(25,'App\\Models\\User',1,'authToken','469593170215eb61a4314a5206024236f15943be09f82cd07005d3f5403d2eab','[\"*\"]',NULL,NULL,'2024-08-13 09:04:25','2024-08-13 09:04:25'),(26,'App\\Models\\User',1,'authToken','9083294785c1f49bc780572f0e7ba603c72eca0cee5dbdbfc7ba81acebd42ebf','[\"*\"]',NULL,NULL,'2024-08-13 09:10:23','2024-08-13 09:10:23'),(27,'App\\Models\\User',1,'authToken','7a80c99e73a243bf776e719eae7ab28905b58bd3a37d679317d8715efec47dd1','[\"*\"]',NULL,NULL,'2024-08-13 09:13:14','2024-08-13 09:13:14'),(28,'App\\Models\\User',1,'authToken','44cd1ac53cc101a8de365fe57a730d7e869da0a85f5e85a12b686fce12574151','[\"*\"]',NULL,NULL,'2024-08-13 09:16:41','2024-08-13 09:16:41'),(29,'App\\Models\\User',1,'authToken','4cebb65ba8cdc511b4e588bb0b52d86de64dda0d5c30a409c5a96a27b11617b1','[\"*\"]',NULL,NULL,'2024-08-13 09:23:22','2024-08-13 09:23:22'),(30,'App\\Models\\User',1,'authToken','994fb0959424d514f27a3ae0ee74fe36566cb63e022470c404024cc3519e9526','[\"*\"]',NULL,NULL,'2024-08-13 09:24:16','2024-08-13 09:24:16'),(31,'App\\Models\\User',1,'authToken','be2585b58a94283e34618b31ac5365a5b34c5bd70ca3fda3eb9ddae442246d48','[\"*\"]',NULL,NULL,'2024-08-14 06:26:24','2024-08-14 06:26:24'),(32,'App\\Models\\User',1,'authToken','7dd158066d67b441a021d7e9b52dac0035996e09fff8aebf0d759515d2e3f38e','[\"*\"]',NULL,NULL,'2024-08-14 06:42:24','2024-08-14 06:42:24'),(33,'App\\Models\\User',1,'authToken','a46dca42893ffb87dde675ae6deb13e991fbb95b312273ff2ba2abcc2fa8ff57','[\"*\"]',NULL,NULL,'2024-08-14 06:43:18','2024-08-14 06:43:18'),(34,'App\\Models\\User',1,'authToken','2c54c0e6bf5750c5060bf50e3b18ec8111c9572849a7ef91eef3ab6e0f4a2454','[\"*\"]',NULL,NULL,'2024-08-14 06:47:35','2024-08-14 06:47:35'),(35,'App\\Models\\User',1,'authToken','f46ce72ead9b9d73e47428e3cab46656f55f9f921b681cef5553138b2ea96798','[\"*\"]',NULL,NULL,'2024-08-14 06:51:55','2024-08-14 06:51:55'),(36,'App\\Models\\User',1,'authToken','1b89f78fb7834dc44d0d943d414b251c5b68a393841ee0627a5b5529430e089a','[\"*\"]',NULL,NULL,'2024-08-14 07:01:12','2024-08-14 07:01:12'),(37,'App\\Models\\User',1,'authToken','792f1dc6583ff2a6be6911cd4bab4df89685524e71b9ae829cebdc2363e7c592','[\"*\"]',NULL,NULL,'2024-08-14 07:06:37','2024-08-14 07:06:37'),(38,'App\\Models\\User',1,'authToken','3b21116b4903f2ed48292fcd9d0931819259aa9b20a4d55aec93b963e1dbaa3a','[\"*\"]',NULL,NULL,'2024-08-14 07:27:26','2024-08-14 07:27:26'),(39,'App\\Models\\User',1,'authToken','dca8ce12bd3c2934fdbd71506f85b5873a172923646c4f617496235f0c330d91','[\"*\"]',NULL,NULL,'2024-08-14 07:29:15','2024-08-14 07:29:15'),(40,'App\\Models\\User',1,'authToken','87f4dba3f1c682af5f41d48a1a424fbce0f7dbebad2a45f43a4ce21051237120','[\"*\"]',NULL,NULL,'2024-08-14 07:41:51','2024-08-14 07:41:51'),(41,'App\\Models\\User',1,'authToken','8582b64ff7959bc84da1a287b4fe5bf033cb0dc6cd9f7614f11b95450b72340f','[\"*\"]',NULL,NULL,'2024-08-14 08:07:37','2024-08-14 08:07:37'),(42,'App\\Models\\User',1,'authToken','264379b81795db244738481f4ad96b584420e6e6efc1e66e40d91c48452ea688','[\"*\"]',NULL,NULL,'2024-08-15 02:10:18','2024-08-15 02:10:18'),(43,'App\\Models\\User',1,'authToken','6242dd8800da8e0901e00b6190d2b3b7ecce406d485adcaa0a68d576d143599f','[\"*\"]',NULL,NULL,'2024-08-15 02:15:42','2024-08-15 02:15:42'),(44,'App\\Models\\User',1,'authToken','130bf54cd9b3b97f48c616a35a68fbe6a3a950f1a9a06b9ee4d9a0602e16734d','[\"*\"]',NULL,NULL,'2024-08-15 02:18:46','2024-08-15 02:18:46'),(45,'App\\Models\\User',1,'authToken','0f53f897876d7301008eb51d432ef095d60511ec5457dc8693e887345367bcd4','[\"*\"]',NULL,NULL,'2024-08-15 02:24:26','2024-08-15 02:24:26'),(46,'App\\Models\\User',1,'authToken','909d6c301740b99391a8e57aea92b272703a0c037f2789c43a166eb080814b6f','[\"*\"]',NULL,NULL,'2024-08-15 02:32:40','2024-08-15 02:32:40'),(47,'App\\Models\\User',1,'authToken','0125b7510a3c81bb2e9ce6d252c9f1af0acc44c23c9b3f97967420c23557cdda','[\"*\"]',NULL,NULL,'2024-08-15 02:34:03','2024-08-15 02:34:03'),(48,'App\\Models\\User',1,'authToken','6e9de84556197197c27189e8610fa3142a4b671912cd74ef20a9fe5437583a7c','[\"*\"]',NULL,NULL,'2024-08-15 02:37:33','2024-08-15 02:37:33'),(49,'App\\Models\\User',1,'authToken','e9527c46da7ac29326de7d07d1eec4b25597d504b2004f5a2720e094febee3a1','[\"*\"]',NULL,NULL,'2024-08-15 02:39:50','2024-08-15 02:39:50'),(50,'App\\Models\\User',1,'authToken','a06b08d9cf6ff9d0035d191ca1a9b91accfd461f8a036f8f3835cff46bc000ba','[\"*\"]',NULL,NULL,'2024-08-15 02:47:10','2024-08-15 02:47:10'),(51,'App\\Models\\User',1,'authToken','67321c5f86a5340fe6e98f80f68a75c3c58f90dd38062a79fc7ecfff0a73230f','[\"*\"]',NULL,NULL,'2024-08-15 04:32:27','2024-08-15 04:32:27'),(52,'App\\Models\\User',1,'authToken','2b4499545362a5299d4ecada632c07b94e9da3a9db312eb5a5da0da2ed870ce9','[\"*\"]',NULL,NULL,'2024-08-15 06:11:20','2024-08-15 06:11:20'),(53,'App\\Models\\User',1,'authToken','a403f099999daeea72e1e604f6085480bfcadcea18e7e4a1a5f55efad5c526c5','[\"*\"]',NULL,NULL,'2024-08-15 06:15:49','2024-08-15 06:15:49'),(54,'App\\Models\\User',1,'authToken','d713a76adddc43415a4460bf75fb8c09e5a07e398f2a1eec61302794314d2fd6','[\"*\"]',NULL,NULL,'2024-08-15 06:24:56','2024-08-15 06:24:56'),(55,'App\\Models\\User',1,'authToken','e041c50277d1ec44eb63b489fa73ef8f303abd631cc60472205c541c6828d0d7','[\"*\"]',NULL,NULL,'2024-08-15 06:28:44','2024-08-15 06:28:44'),(56,'App\\Models\\User',1,'authToken','d5f84fff02f354daa63a23689c93ec555f512a0227780bda650cf29b23c23a0e','[\"*\"]',NULL,NULL,'2024-08-15 06:37:22','2024-08-15 06:37:22'),(57,'App\\Models\\User',1,'authToken','e1e742bfd4fea701b413d19f70592c17edb4d5ca0be36838247827bb96cb03be','[\"*\"]',NULL,NULL,'2024-08-15 06:39:12','2024-08-15 06:39:12'),(58,'App\\Models\\User',1,'authToken','cb18536776bbb0d51277cea7be96b78d193a486927452a8f0a890a5776634dcc','[\"*\"]',NULL,NULL,'2024-08-15 06:46:48','2024-08-15 06:46:48'),(59,'App\\Models\\User',1,'authToken','28a060f628562e66464939e69000da8a24d81ea8b79f02d8403066974808307e','[\"*\"]',NULL,NULL,'2024-08-15 06:49:15','2024-08-15 06:49:15'),(60,'App\\Models\\User',1,'authToken','a1a9a90f536470a5de91d3e901de667024add8e615db3ad363661875eb2705b3','[\"*\"]',NULL,NULL,'2024-08-15 06:57:06','2024-08-15 06:57:06'),(61,'App\\Models\\User',1,'authToken','223643e64aedd1ab2fb92b2ae0fe043e74d0694a021f41182613a218dfeb0ec5','[\"*\"]',NULL,NULL,'2024-08-15 07:05:04','2024-08-15 07:05:04'),(62,'App\\Models\\User',1,'authToken','f806cba14348a26c17268b062eafe764ac5c356d93501135fdc7509f2714f3d5','[\"*\"]',NULL,NULL,'2024-08-15 07:10:55','2024-08-15 07:10:55'),(63,'App\\Models\\User',1,'authToken','a6b85bc07cebff9b493281537603e88111f904e6bf553d148f55dbeb8ee9f041','[\"*\"]',NULL,NULL,'2024-08-15 07:12:13','2024-08-15 07:12:13'),(64,'App\\Models\\User',1,'authToken','497b49fc1dee61e6775d7ce9ff7602d0fe425bff7883f537ceaf3a3b6b348971','[\"*\"]',NULL,NULL,'2024-08-15 08:31:01','2024-08-15 08:31:01'),(65,'App\\Models\\User',1,'authToken','d3392389f3a76a79ccace07c972aee27f3f9602ff87766afb06825f88fafb751','[\"*\"]',NULL,NULL,'2024-08-15 08:32:17','2024-08-15 08:32:17'),(66,'App\\Models\\User',1,'authToken','bd861a7edac6f91ac9d7c6c97aa00668750ccfd50fd0503e1e760bd4ed7de694','[\"*\"]',NULL,NULL,'2024-08-16 02:38:10','2024-08-16 02:38:10'),(67,'App\\Models\\User',1,'authToken','2615be33cc28c89b6fd6fd3cba8d9c1557dd9bfa59ffca4a8e5894d7c5893afd','[\"*\"]',NULL,NULL,'2024-08-16 02:42:44','2024-08-16 02:42:44'),(68,'App\\Models\\User',1,'authToken','12aa0c18818f7106878575bed69ceb43365df98a9ef4a33d859e00d04e8823d6','[\"*\"]',NULL,NULL,'2024-08-16 03:22:20','2024-08-16 03:22:20'),(69,'App\\Models\\User',1,'authToken','ffbe375747e8e77bff4b976fb2cedd8c94ff6299534d1fd04f8302f6f34a920b','[\"*\"]',NULL,NULL,'2024-08-16 03:25:26','2024-08-16 03:25:26'),(70,'App\\Models\\User',1,'authToken','6438ef04fc0c63ad71962154c259c4deef6fc1941e1f8c43a438eff966f74b4d','[\"*\"]',NULL,NULL,'2024-08-16 04:32:51','2024-08-16 04:32:51'),(71,'App\\Models\\User',1,'authToken','03cff5e2320c1d27907de6388196265ec0c28165375771c5f6b5f2d9e4b9067e','[\"*\"]',NULL,NULL,'2024-08-16 07:09:08','2024-08-16 07:09:08'),(72,'App\\Models\\User',1,'authToken','73e166bf62fadd9a0e2e9c2a80910e3ca5d575fb5a231c2caf7047bd44ffd11e','[\"*\"]',NULL,NULL,'2024-08-16 09:03:58','2024-08-16 09:03:58'),(73,'App\\Models\\User',1,'authToken','4c5e69ca0f16f32feb7a277676bbea8baef8a4aa03dfd51bb97dbc3b9d26c8fb','[\"*\"]',NULL,NULL,'2024-08-16 09:08:15','2024-08-16 09:08:15'),(74,'App\\Models\\User',1,'authToken','6ba88a9fbd613db667df529d57b0c4040437113f8952967bd5230420195b3f24','[\"*\"]',NULL,NULL,'2024-08-19 01:27:22','2024-08-19 01:27:22'),(75,'App\\Models\\User',1,'authToken','36238b2e5bdefca2d616501e0eeaaf700368f72a9d3b11de9f95facc9485384d','[\"*\"]',NULL,NULL,'2024-08-19 01:28:14','2024-08-19 01:28:14'),(76,'App\\Models\\User',1,'authToken','c80110af567f57f45830ada13d129a6b9ddac9e6f4de9b62e3547d223142100c','[\"*\"]',NULL,NULL,'2024-08-19 01:28:58','2024-08-19 01:28:58'),(77,'App\\Models\\User',1,'authToken','9a6639d352e90c8532c02b60dff7b8561594fa4fba25d7246a8f424779ea3d4b','[\"*\"]',NULL,NULL,'2024-08-19 01:32:48','2024-08-19 01:32:48'),(78,'App\\Models\\User',1,'authToken','4469ca76266867f08f0d0355e440280e1b0bab3b965757d429148382d1676001','[\"*\"]',NULL,NULL,'2024-08-19 01:50:15','2024-08-19 01:50:15'),(79,'App\\Models\\User',1,'authToken','80988d85ca23d719177c5ac137c326e1ee52fd3ed17baae7b49b3a2b082e26c4','[\"*\"]',NULL,NULL,'2024-08-19 01:53:24','2024-08-19 01:53:24'),(80,'App\\Models\\User',1,'authToken','c31ca1862b1002a304da0a72d09886a181c5d6953bfa7618504da541205c19b2','[\"*\"]',NULL,NULL,'2024-08-19 01:57:04','2024-08-19 01:57:04'),(81,'App\\Models\\User',1,'authToken','109eec02b7882422d1b92f08260993f39cd3462821026743a623e70e7c5b69bf','[\"*\"]',NULL,NULL,'2024-08-19 02:03:38','2024-08-19 02:03:38'),(82,'App\\Models\\User',1,'authToken','a00b0fdf54d5b5c0ca7f73357ef958171aa04329b17c53237157ff4690d654cc','[\"*\"]',NULL,NULL,'2024-08-19 02:09:44','2024-08-19 02:09:44'),(83,'App\\Models\\User',1,'authToken','4de022872dc9d0539687ddf840fa4371d763f9ebcdbea0ca3654dbf14bdb3368','[\"*\"]',NULL,NULL,'2024-08-19 02:11:42','2024-08-19 02:11:42'),(84,'App\\Models\\User',1,'authToken','d684d4e5e1213e60dffab8959ca3465900625fdf0031a8342fecd68d5db53346','[\"*\"]',NULL,NULL,'2024-08-19 02:15:19','2024-08-19 02:15:19'),(85,'App\\Models\\User',1,'authToken','0ce2787365029b2e0be273e92f9bce1b26da9461a68f359b5d3ccf465918f9d5','[\"*\"]',NULL,NULL,'2024-08-19 02:16:50','2024-08-19 02:16:50'),(86,'App\\Models\\User',1,'authToken','3e14d2559e5cc760eb78b62a0a9dbb9bab3fd9d577342203cc6db30bfc85f1c2','[\"*\"]',NULL,NULL,'2024-08-19 02:21:56','2024-08-19 02:21:56'),(87,'App\\Models\\User',1,'authToken','64f91109eab3f5ddaff191a989cc1226631f215f1777b38a9266d632c06161af','[\"*\"]',NULL,NULL,'2024-08-19 02:23:47','2024-08-19 02:23:47'),(88,'App\\Models\\User',1,'authToken','233c3ff97facf08a47f59c9df43fc8f3b8a5c76d9ca286dc05dc4697eaf91280','[\"*\"]',NULL,NULL,'2024-08-19 02:26:20','2024-08-19 02:26:20'),(89,'App\\Models\\User',1,'authToken','6b1365558b683ea7415b2bbf172e5df1a1e1978250131c4d4fe93352f83f72da','[\"*\"]',NULL,NULL,'2024-08-19 02:27:27','2024-08-19 02:27:27'),(90,'App\\Models\\User',1,'authToken','9022eb608972cb2b836672c685c3f71032e72836265b3c972a604bc9dbc3a8fd','[\"*\"]',NULL,NULL,'2024-08-19 02:29:36','2024-08-19 02:29:36'),(91,'App\\Models\\User',1,'authToken','8230624f9d9478db93748f8a5069d21c8eac8fae55f26261c95cff1c162841dd','[\"*\"]',NULL,NULL,'2024-08-19 02:33:26','2024-08-19 02:33:26'),(92,'App\\Models\\User',1,'authToken','e84447231a8bbcc938d4d0740948e6e07492cf995603e4b34b0a168e87c690af','[\"*\"]',NULL,NULL,'2024-08-19 02:40:09','2024-08-19 02:40:09'),(93,'App\\Models\\User',1,'authToken','8dcda6cfdf8df36cd263bbd7decc1ac345df908c347efe2a7c8967e25dee79c3','[\"*\"]',NULL,NULL,'2024-08-19 02:41:31','2024-08-19 02:41:31'),(94,'App\\Models\\User',1,'authToken','1a65b5fd69779c73181c4991660a5dada2af19abaf81ba2bd4ce95de8a45ca4b','[\"*\"]',NULL,NULL,'2024-08-19 02:43:26','2024-08-19 02:43:26'),(95,'App\\Models\\User',1,'authToken','e70c28676d5acd667ce743f9e3217de79be7c9195bd9953e798cdca7ef6b62cf','[\"*\"]',NULL,NULL,'2024-08-19 02:50:41','2024-08-19 02:50:41'),(96,'App\\Models\\User',1,'authToken','85226c859c3287b85ce755b73b27b10100e17fb8275ebdab41ad2a5f8be4d414','[\"*\"]',NULL,NULL,'2024-08-19 02:53:12','2024-08-19 02:53:12'),(97,'App\\Models\\User',1,'authToken','af963523b1eb46ec39b96698281d2ea1d25e45602c421992c4b1345f818f114d','[\"*\"]',NULL,NULL,'2024-08-19 03:05:20','2024-08-19 03:05:20'),(98,'App\\Models\\User',1,'authToken','9a2c6a4168fe360184ae5d8ef7a4dd2e13f6a8fba236b78e86ad3ac5821aa7ce','[\"*\"]',NULL,NULL,'2024-08-19 03:06:48','2024-08-19 03:06:48'),(99,'App\\Models\\User',1,'authToken','c86f13b7cf007058cd54daab9eaee79005ca2c37a274a899393c541cdffcb572','[\"*\"]',NULL,NULL,'2024-08-19 03:11:17','2024-08-19 03:11:17'),(100,'App\\Models\\User',1,'authToken','b137d3dcb578cd3df704a0a76ce7aaa7c971fcc3be351b950aa90c659b5d75e9','[\"*\"]',NULL,NULL,'2024-08-19 03:18:18','2024-08-19 03:18:18'),(101,'App\\Models\\User',1,'authToken','6149dddf8cad845dd5e7c8c754439f8aa388c0e75716a253d2c16533b858876e','[\"*\"]',NULL,NULL,'2024-08-19 03:20:15','2024-08-19 03:20:15'),(102,'App\\Models\\User',1,'authToken','135e4c754c9d3e9bbafd3f7ffb4cbce33d4d6036032d01722fc069fd3a7525f2','[\"*\"]',NULL,NULL,'2024-08-19 03:44:05','2024-08-19 03:44:05'),(103,'App\\Models\\User',1,'authToken','f7c9f59abbeaa01cfba89a7fae70c5a6dd87cb50194d62504c539003f7ac8880','[\"*\"]',NULL,NULL,'2024-08-19 04:11:26','2024-08-19 04:11:26'),(104,'App\\Models\\User',1,'authToken','9ef3d038ed41c2e8485e63334785ad88c23160a0df9308a49c8ae1dc80dffed4','[\"*\"]',NULL,NULL,'2024-08-19 04:37:00','2024-08-19 04:37:00'),(105,'App\\Models\\User',1,'authToken','60e514106cfd054fc637e0bcc5739312b6942dd39eed20f46e328abfd7bbad77','[\"*\"]',NULL,NULL,'2024-08-19 06:10:37','2024-08-19 06:10:37'),(106,'App\\Models\\User',1,'authToken','51e7b17ae17db89e7c56d799b85b418a9614abdfc990b1ebb2cfc35739429b65','[\"*\"]',NULL,NULL,'2024-08-20 07:26:13','2024-08-20 07:26:13'),(107,'App\\Models\\User',2,'authToken','eb18c2f1d8728fb832798185fe72fc0f8ba436cf05aac554eb903677092e1bbd','[\"*\"]',NULL,NULL,'2024-08-20 08:34:12','2024-08-20 08:34:12'),(108,'App\\Models\\User',1,'authToken','b8a0555ea813df6c7d93080d109620056b31bd3b3674182225bf257fb5ff438a','[\"*\"]',NULL,NULL,'2024-08-20 08:35:43','2024-08-20 08:35:43'),(109,'App\\Models\\User',1,'authToken','ffdff4d604b9417f962468763bf78946d9143388ce7825b2d414483606b5be96','[\"*\"]',NULL,NULL,'2024-08-21 01:43:39','2024-08-21 01:43:39'),(110,'App\\Models\\User',1,'authToken','6be5e798ed8f42f392667b7d65e8b4d0ac21a7a509b7cd7185d19b091a4ee310','[\"*\"]',NULL,NULL,'2024-08-23 06:25:37','2024-08-23 06:25:37'),(111,'App\\Models\\User',2,'authToken','ab3ac75ab4e9fd347df7d87530b783a06892226477539e4495b2a78cc2195a47','[\"*\"]',NULL,NULL,'2024-08-23 09:02:21','2024-08-23 09:02:21'),(112,'App\\Models\\User',1,'authToken','480f87cd96b37a8006638368ec2070bd6373479c4f570e2a02864b6a96ebcfab','[\"*\"]',NULL,NULL,'2024-08-23 09:05:11','2024-08-23 09:05:11'),(113,'App\\Models\\User',1,'authToken','6387a18b3190797d562cce46b326daf93adeba755a222c12b41e10748519c9bd','[\"*\"]',NULL,NULL,'2024-08-26 08:46:52','2024-08-26 08:46:52'),(114,'App\\Models\\User',1,'authToken','74c89ac6ae95dce5b644e750ab6fe2e921692b9fb26349691a29de959b642ea9','[\"*\"]',NULL,NULL,'2024-08-26 08:48:15','2024-08-26 08:48:15'),(115,'App\\Models\\User',1,'authToken','1e551d3f7bbfc7fc3d2d3916112bdf148d417ad5a60335d75bb0d92b922cb744','[\"*\"]',NULL,NULL,'2024-08-27 01:39:18','2024-08-27 01:39:18'),(116,'App\\Models\\User',1,'authToken','f49c48ebb628916dff879e096f8a55828bed8b562873d9ba8f3c1dec5a9445c7','[\"*\"]',NULL,NULL,'2024-08-27 01:44:33','2024-08-27 01:44:33'),(117,'App\\Models\\User',2,'authToken','010d5a6297df30cfd11b46b1b0d727fe72a0c4c16636ca5c908b1390c459ae3d','[\"*\"]',NULL,NULL,'2024-08-27 01:45:06','2024-08-27 01:45:06'),(118,'App\\Models\\User',2,'authToken','0222ade63e75b2c2f8868a75fefee1ab917db3d2ac694418b5eac341747e7353','[\"*\"]',NULL,NULL,'2024-08-27 03:17:23','2024-08-27 03:17:23'),(119,'App\\Models\\User',1,'authToken','2fd79e78c572c0105fda822e89560c4ce449acc9c35d5c7015240335d04956d6','[\"*\"]',NULL,NULL,'2024-08-27 03:17:35','2024-08-27 03:17:35'),(120,'App\\Models\\User',2,'authToken','7e6034c4caa458581dffd904f9385ebf5d4f17ec87cb20145215104f758444a7','[\"*\"]',NULL,NULL,'2024-08-27 07:12:41','2024-08-27 07:12:41'),(121,'App\\Models\\User',1,'authToken','1b73c3dd5b3f4831c1dd8998e36f631d1fe0ab1dbdd2f27b8613e14061a1ac2f','[\"*\"]',NULL,NULL,'2024-08-27 07:19:20','2024-08-27 07:19:20'),(122,'App\\Models\\User',1,'authToken','1744996896bcf5ee2ab962b84c32cd3b7a163e31bc426b8b74c0e40b37f65f64','[\"*\"]',NULL,NULL,'2024-08-27 07:23:46','2024-08-27 07:23:46'),(123,'App\\Models\\User',1,'authToken','2d4591c42a797bce7060e857331277aa5981b50d63da66185f375091fd6cc216','[\"*\"]',NULL,NULL,'2024-08-29 03:04:40','2024-08-29 03:04:40'),(124,'App\\Models\\User',1,'authToken','25fa81fe1aca16bf6aa4a8d492a5da20638f599c78b7f0fd8a7cba3a7b78b620','[\"*\"]',NULL,NULL,'2024-08-29 03:39:14','2024-08-29 03:39:14'),(125,'App\\Models\\User',1,'authToken','ae5b06c1e153c9fb2b6ad45bd3ec5dbebd90cf0c86b9c5a2e36d1fba530970fa','[\"*\"]',NULL,NULL,'2024-08-30 01:55:09','2024-08-30 01:55:09'),(126,'App\\Models\\User',1,'authToken','1a2f31ba6dbd3f0b1f0e83f72cc579eb447d97f70e1bb65f789e26911af1048d','[\"*\"]',NULL,NULL,'2024-08-30 06:02:31','2024-08-30 06:02:31'),(127,'App\\Models\\User',1,'authToken','d43d04f03e18e15f08eb6518e176a9416b275e5c75f3e246105c553124fbc422','[\"*\"]',NULL,NULL,'2024-08-30 07:10:03','2024-08-30 07:10:03'),(128,'App\\Models\\User',1,'authToken','2938d39f943bff4cbe6977c7f59953e83bf177146cf4635ce97ace745980b157','[\"*\"]',NULL,NULL,'2024-08-30 07:23:55','2024-08-30 07:23:55'),(129,'App\\Models\\User',1,'authToken','03a370d9afa3045750703ce7f04321756ca3260b64f5293ea082971966d825d6','[\"*\"]',NULL,NULL,'2024-08-30 08:11:32','2024-08-30 08:11:32'),(130,'App\\Models\\User',1,'authToken','af451fc990de0758318f591a0343af5470af9e185804560286f7d0ea881f6515','[\"*\"]',NULL,NULL,'2024-08-30 08:27:30','2024-08-30 08:27:30'),(131,'App\\Models\\User',1,'authToken','c72d73d55815d9a5dde17357f02768257ef2dc8c9c543a8f3c135d463e08f0cc','[\"*\"]',NULL,NULL,'2024-09-02 04:51:42','2024-09-02 04:51:42'),(132,'App\\Models\\User',1,'authToken','c9fb4f2026db69d53f5bd8d2f1975f902aee06e2b42bf01e4d9ad058296c39f6','[\"*\"]',NULL,NULL,'2024-09-02 05:09:13','2024-09-02 05:09:13'),(133,'App\\Models\\User',1,'authToken','3116952a59d37937aa76b7f7c21f298234059205f15e643352e45303f6a1470f','[\"*\"]',NULL,NULL,'2024-09-02 05:24:02','2024-09-02 05:24:02'),(134,'App\\Models\\User',1,'authToken','b6d78880e27cb7a596fa181414b5596544df3e9db9058b7efc55be192d43a6c2','[\"*\"]',NULL,NULL,'2024-09-02 05:28:10','2024-09-02 05:28:10'),(135,'App\\Models\\User',1,'authToken','f4d5cc2b79a95b09886b8752d37d0d72ec7292daa5461db677673d18e8b6c9a8','[\"*\"]',NULL,NULL,'2024-09-02 05:48:11','2024-09-02 05:48:11'),(136,'App\\Models\\User',1,'authToken','3d91c893ca1281127b52b43f1dead56d873511cdda9644e3a3ab36370483e656','[\"*\"]',NULL,NULL,'2024-09-02 06:16:37','2024-09-02 06:16:37'),(137,'App\\Models\\User',1,'authToken','00b6b910583a3bceb222f74b3f63ab074c1f2dfb7637216f187d72823dc91f33','[\"*\"]',NULL,NULL,'2024-09-02 07:10:55','2024-09-02 07:10:55'),(138,'App\\Models\\User',1,'authToken','9fe0706ba060de93a58e8b85547cb60577c84818e07bfb278c28ee6c3d48c742','[\"*\"]',NULL,NULL,'2024-09-02 07:23:55','2024-09-02 07:23:55'),(139,'App\\Models\\User',1,'authToken','4088f28a9ee70e5ae269242ca8fed1d0851e31111a6febd9715bd6e01db3745c','[\"*\"]',NULL,NULL,'2024-09-02 07:44:39','2024-09-02 07:44:39'),(140,'App\\Models\\User',1,'authToken','a98ae515eebfb2f6a010db99664487caf151d2fd3b1d480d72c2e60d66c69ecc','[\"*\"]',NULL,NULL,'2024-09-02 08:08:51','2024-09-02 08:08:51'),(141,'App\\Models\\User',1,'authToken','27438c5e7ba05082f0c6bb73d6c0a3b08a3b6f49e840616ad6f8c52bf058d12d','[\"*\"]',NULL,NULL,'2024-09-02 08:40:21','2024-09-02 08:40:21'),(142,'App\\Models\\User',1,'authToken','ad28e2d6fc0608ec7cba9ee533cb6ea6db64cae13a20026c0116cb8d337b4fc3','[\"*\"]',NULL,NULL,'2024-09-02 09:36:08','2024-09-02 09:36:08'),(143,'App\\Models\\User',1,'authToken','a05b9a13729271b28db0d10fefa23728029c936305ed5ae63aeae8095b917395','[\"*\"]',NULL,NULL,'2024-09-03 02:16:43','2024-09-03 02:16:43'),(144,'App\\Models\\User',1,'authToken','92091ac1d6b8fe607977ab2802bcacecb2724dbb95d48b2cc1eaa89cd2c71e5f','[\"*\"]',NULL,NULL,'2024-09-04 04:10:17','2024-09-04 04:10:17'),(145,'App\\Models\\User',1,'authToken','1a2cc461ed0d5a2742a342ae32d60d041138dd7ccc8915fa7bab1c17d237c4c8','[\"*\"]',NULL,NULL,'2024-09-04 04:23:14','2024-09-04 04:23:14'),(146,'App\\Models\\User',1,'authToken','381866fd9ed3fc71f25e82825ed411153d1371c9262acd0427f2c6e1bb5ff2fa','[\"*\"]',NULL,NULL,'2024-09-04 07:26:03','2024-09-04 07:26:03'),(147,'App\\Models\\User',1,'authToken','f2ad096ca1b04caf07481f88128663e4cdac12b6ee94e08cccb2beaa36a6298e','[\"*\"]',NULL,NULL,'2024-09-04 07:40:38','2024-09-04 07:40:38'),(148,'App\\Models\\User',1,'authToken','f1cef117e226600cc7ca4ea52997d78dbf8dbab6c676f5d594eef5da20f7b9b2','[\"*\"]',NULL,NULL,'2024-09-04 07:46:17','2024-09-04 07:46:17'),(149,'App\\Models\\User',1,'authToken','3ea5fd0855e2717125b2dab7514b52d32ac8dff36f17afdea89ab924e7ce7652','[\"*\"]',NULL,NULL,'2024-09-06 03:25:15','2024-09-06 03:25:15'),(150,'App\\Models\\User',1,'authToken','149354449c1fa0a196f2d301e77730d9bd78484dcc8ab8b7c6c1d2a3a2c38ea3','[\"*\"]',NULL,NULL,'2024-09-06 03:48:12','2024-09-06 03:48:12'),(151,'App\\Models\\User',1,'authToken','ce5ec25bbac2cacd78ff97720b2ef09ea46ae7dd447b99a4ced1da6e63f77f15','[\"*\"]',NULL,NULL,'2024-09-06 06:05:07','2024-09-06 06:05:07'),(152,'App\\Models\\User',1,'authToken','5a82b5325f93330bdfebcd676e180e4847cd917c405c675939cbb2b32d8d07ad','[\"*\"]',NULL,NULL,'2024-09-06 06:05:08','2024-09-06 06:05:08'),(153,'App\\Models\\User',1,'authToken','b76970baac983fff4dac86c966ca75b239bd613715f4866c878be5f1c3c085f5','[\"*\"]',NULL,NULL,'2024-09-09 09:18:04','2024-09-09 09:18:04'),(154,'App\\Models\\User',1,'authToken','15eacb00bbe31448a8a3bb76b72175144bd936955bfe415fe605bf96723e63e9','[\"*\"]',NULL,NULL,'2024-09-16 08:23:17','2024-09-16 08:23:17'),(155,'App\\Models\\User',1,'authToken','5118c2cb032cafe1abb44ccbb39163db6cbe63ddc558055a3ff1318f8bdf84fa','[\"*\"]',NULL,NULL,'2024-09-17 02:41:08','2024-09-17 02:41:08'),(156,'App\\Models\\User',1,'authToken','8acf90b4fafb683fe99263659842477baeee0c8ba0f8440a0380206d307b6257','[\"*\"]',NULL,NULL,'2024-09-17 02:52:10','2024-09-17 02:52:10'),(157,'App\\Models\\User',1,'authToken','a082ae42d186b402cdf62b425611a1a2248e5e9e65304f77fc427ae41cd2a4a2','[\"*\"]',NULL,NULL,'2024-09-17 03:43:39','2024-09-17 03:43:39'),(158,'App\\Models\\User',1,'authToken','104e6c5245e3bdc856e170d2ecd290f7da430c94b3eda1369be1cdae782f3965','[\"*\"]',NULL,NULL,'2024-09-17 05:28:01','2024-09-17 05:28:01'),(159,'App\\Models\\User',2,'authToken','0d2a4866a42a29cb46fed5ba46256a034412493b4ef31e3294b8ddf8982761d4','[\"*\"]',NULL,NULL,'2024-09-17 06:03:56','2024-09-17 06:03:56'),(160,'App\\Models\\User',1,'authToken','76890de3d1ed2f344ec79ee5e981af083a0ccc88c5ea49401c9718a681d2379d','[\"*\"]',NULL,NULL,'2024-09-17 06:59:56','2024-09-17 06:59:56'),(161,'App\\Models\\User',1,'authToken','8119f86ed381089612035730f7cd13356104573d5b5d1f3893e5532084abf0c6','[\"*\"]',NULL,NULL,'2024-09-17 07:30:15','2024-09-17 07:30:15'),(162,'App\\Models\\User',1,'authToken','960f80ce7380fe09e088910f480bcc50d9df3a9be712cd4566d408b558bdf984','[\"*\"]',NULL,NULL,'2024-09-17 07:30:46','2024-09-17 07:30:46'),(163,'App\\Models\\User',1,'authToken','20151ac0a278351a416de595f4b233054c2b8da520bb19bd112818691447c174','[\"*\"]',NULL,NULL,'2024-09-17 07:58:45','2024-09-17 07:58:45'),(164,'App\\Models\\User',1,'authToken','0fd1be99dca52212da72d904c976b234097c2dbca1417af750ef5616429c04ff','[\"*\"]',NULL,NULL,'2024-09-17 08:12:18','2024-09-17 08:12:18'),(165,'App\\Models\\User',2,'authToken','b073307cc1e495aa2c6a369ecb6d8fdc3214b8df869155e79df1c8994d1ea800','[\"*\"]',NULL,NULL,'2024-09-17 09:00:00','2024-09-17 09:00:00'),(166,'App\\Models\\User',1,'authToken','3aaf2279a8f3e02737d9842e9f8ed88ac7ee867589b590278f4cfd2419dc29b2','[\"*\"]',NULL,NULL,'2024-09-17 09:21:50','2024-09-17 09:21:50'),(167,'App\\Models\\User',1,'authToken','963b00d9130f229d2995b077111db3075877de6b0ba53b6e12f873fb80ceb7cc','[\"*\"]',NULL,NULL,'2024-09-18 03:25:14','2024-09-18 03:25:14'),(168,'App\\Models\\User',1,'authToken','12e310d25a3724e4cbbc76b5686a9439936139dcb789d7fbdb43d30bd87f2c53','[\"*\"]',NULL,NULL,'2024-09-18 03:40:57','2024-09-18 03:40:57'),(169,'App\\Models\\User',2,'authToken','0514d5243b99d126443466d134b55051b5ced4220d2deec4b9f9a589642bf6a2','[\"*\"]',NULL,NULL,'2024-09-18 05:30:48','2024-09-18 05:30:48'),(170,'App\\Models\\User',1,'authToken','0c90e77d8ca1ead8abba3a1fb100d0ec4132939d8d2d1dbb442b4f3260670211','[\"*\"]',NULL,NULL,'2024-09-18 07:30:45','2024-09-18 07:30:45'),(171,'App\\Models\\User',1,'authToken','f880b5c534d5175d312325acad7041ad130e9bfa0b6a1a6655dc7f9015fe6da1','[\"*\"]',NULL,NULL,'2024-09-18 08:04:51','2024-09-18 08:04:51'),(172,'App\\Models\\User',1,'authToken','d5abd1fe9453c69eb1120527005e29e22270b7f43bdb3bdb6cabd9d0bdf17266','[\"*\"]',NULL,NULL,'2024-09-18 08:05:25','2024-09-18 08:05:25'),(173,'App\\Models\\User',1,'authToken','702692bb69a69faa77e7fda4fce85d09c87c1076867220d4521982458d6a7d63','[\"*\"]',NULL,NULL,'2024-09-18 08:07:03','2024-09-18 08:07:03'),(174,'App\\Models\\User',1,'authToken','5624fbdaf895b7d8b7d0b5056709984b9dfe94feccf720a27112c548c13f7e33','[\"*\"]',NULL,NULL,'2024-09-20 02:28:11','2024-09-20 02:28:11'),(175,'App\\Models\\User',1,'authToken','5da6450cb026f8a905061ef3280c557184a537b43c333d92a0ceab9d10c471de','[\"*\"]',NULL,NULL,'2024-09-20 07:32:37','2024-09-20 07:32:37'),(176,'App\\Models\\User',1,'authToken','3886b8d439c8b06a0e72b67834ce914a624964643846d9f2a3dacf9d4c4f75a4','[\"*\"]',NULL,NULL,'2024-09-24 02:16:47','2024-09-24 02:16:47'),(177,'App\\Models\\User',1,'authToken','685edab9e989f52206384e51ab8567f6e8490a410f8b8630584a29863099d880','[\"*\"]',NULL,NULL,'2024-09-24 03:25:37','2024-09-24 03:25:37'),(178,'App\\Models\\User',1,'authToken','8dc47a91a134520b2747c9ba1e4712fa12d5854df2f3d6f872ca47564420fe31','[\"*\"]',NULL,NULL,'2024-09-24 04:00:53','2024-09-24 04:00:53'),(179,'App\\Models\\User',1,'authToken','7c231d13217e1a2532b9cbc0f9fd1d5980df2121c8e5e232c702ba440d979a70','[\"*\"]',NULL,NULL,'2024-09-24 04:23:08','2024-09-24 04:23:08'),(180,'App\\Models\\User',1,'authToken','56cc2881db428f8a573bcaa40d890b19170e59b5021663256351e82aaa0eea1d','[\"*\"]',NULL,NULL,'2024-09-24 06:16:16','2024-09-24 06:16:16'),(181,'App\\Models\\User',1,'authToken','7f76572af351ea7e720f538c8e3c07f7764495982d8311aa635a3ec5cd0c2d8b','[\"*\"]',NULL,NULL,'2024-09-24 06:30:51','2024-09-24 06:30:51'),(182,'App\\Models\\User',1,'authToken','c3155193fb21ac2ae25395bff4bee0eb19dbc37d25c5778eb7b4ff38f6711120','[\"*\"]',NULL,NULL,'2024-09-24 06:46:37','2024-09-24 06:46:37'),(183,'App\\Models\\User',1,'authToken','8a0f03487b9ebf260823bb5c4d8b3c51a1aa9958d804aa2da651f1eb99a84ddd','[\"*\"]',NULL,NULL,'2024-09-24 06:51:22','2024-09-24 06:51:22'),(184,'App\\Models\\User',1,'authToken','b1733624617a8058db5c3fa6f8d8344d5993aa352bafa6bc5642d286bb79206e','[\"*\"]',NULL,NULL,'2024-09-24 07:03:27','2024-09-24 07:03:27'),(185,'App\\Models\\User',1,'authToken','1feb62e79dcc9009220421023c0e8257a295da7f76c4e7cd15038e96b2027e5e','[\"*\"]',NULL,NULL,'2024-09-24 07:13:51','2024-09-24 07:13:51'),(186,'App\\Models\\User',1,'authToken','0285de3da5fc4213c29a4e35178d2d9a7e25c6309edc94f2b0da6279db3944ac','[\"*\"]',NULL,NULL,'2024-09-24 09:09:29','2024-09-24 09:09:29'),(187,'App\\Models\\User',1,'authToken','551022f151a734e6a645169f79987a98b321b9a3cf67b359792411d9ac654ec7','[\"*\"]',NULL,NULL,'2024-09-25 01:52:55','2024-09-25 01:52:55'),(188,'App\\Models\\User',1,'authToken','ed43456387fc6a4b404281bd4c27b22e987100295da624b211776efd5c25470e','[\"*\"]',NULL,NULL,'2024-09-25 02:23:48','2024-09-25 02:23:48'),(189,'App\\Models\\User',1,'authToken','cca7960b614c7f32b89ad7418ea76edc7bae56d0f9a2ccb1909059af2cce7083','[\"*\"]',NULL,NULL,'2024-09-25 02:39:22','2024-09-25 02:39:22'),(190,'App\\Models\\User',1,'authToken','dca1168d39a2a8f79e4c7c00859ac14182dd7a81390264b142ddc04f30c9d916','[\"*\"]',NULL,NULL,'2024-09-25 06:32:56','2024-09-25 06:32:56'),(191,'App\\Models\\User',1,'authToken','f52b8a12d7163d8fde63f95cf961fb41b4b960764a38de243a26d7d2c62ddd41','[\"*\"]',NULL,NULL,'2024-09-25 08:36:08','2024-09-25 08:36:08'),(192,'App\\Models\\User',1,'authToken','8eb08df954261e9b56b8df964794a2485aa5598000733a774c4b66aae111f039','[\"*\"]',NULL,NULL,'2024-09-25 09:07:57','2024-09-25 09:07:57'),(193,'App\\Models\\User',1,'authToken','e9416f7bd0a241f0313292a3d0ad2d7261f9e5296b86271af05c5c5ea2dbcf1b','[\"*\"]',NULL,NULL,'2024-09-27 02:20:39','2024-09-27 02:20:39'),(194,'App\\Models\\User',1,'authToken','af632f316e6cdfdd1973c9e27fbf8c694e9e498a79e810c4a7dad14a2250bdbd','[\"*\"]',NULL,NULL,'2024-09-27 02:21:51','2024-09-27 02:21:51'),(195,'App\\Models\\User',1,'authToken','b1a4d6de0761971fe2aebfb86f5e1e69171ca9b43884cd9493735ea0f6e91eff','[\"*\"]',NULL,NULL,'2024-09-27 02:58:03','2024-09-27 02:58:03'),(196,'App\\Models\\User',1,'authToken','33d6ab7ac34e915624768a7b962949dafa96360a0534ef9c1bd180ac0d59d254','[\"*\"]',NULL,NULL,'2024-09-27 03:23:27','2024-09-27 03:23:27'),(197,'App\\Models\\User',1,'authToken','4a1104f88f22849999f6554f1ec06871fc79e495b9bdd0a1560e9682557ce89b','[\"*\"]',NULL,NULL,'2024-09-27 03:46:35','2024-09-27 03:46:35'),(198,'App\\Models\\User',1,'authToken','71b97ce0236e3b8e58a46825cef9a99752e77a6d361302b8515d98b3d61da4ae','[\"*\"]',NULL,NULL,'2024-09-27 03:54:52','2024-09-27 03:54:52'),(199,'App\\Models\\User',1,'authToken','2bd4037dac2633f97de375db13cf242d55c9cc3b0a608bac1fbf67d3ce5828b0','[\"*\"]',NULL,NULL,'2024-09-27 04:09:28','2024-09-27 04:09:28'),(200,'App\\Models\\User',1,'authToken','c03d0549b0741077221e6e2b9ffebc8617e012cbde2e9924a142e7d5d1f16430','[\"*\"]',NULL,NULL,'2024-10-15 04:38:52','2024-10-15 04:38:52'),(201,'App\\Models\\User',1,'authToken','56fea714610eabda9300228559e6083ab1aaf8445c8f536851423f959fba9bf1','[\"*\"]',NULL,NULL,'2024-10-17 04:01:46','2024-10-17 04:01:46'),(202,'App\\Models\\User',1,'authToken','e59ef83fc8cd953dc37cbb150edeb04c73dfdf2cd126946fff180c3040bc8ed4','[\"*\"]',NULL,NULL,'2024-10-17 06:18:21','2024-10-17 06:18:21'),(203,'App\\Models\\User',1,'authToken','729ff0596112ffd39cee03a8b354fd37283621f1ab0166dcde8e183e65285dc1','[\"*\"]',NULL,NULL,'2024-10-17 08:27:55','2024-10-17 08:27:55'),(204,'App\\Models\\User',1,'authToken','be5da8b660713c7e6fcd839215f7bc229f9ac6824e780658ddfb0d9084607b5a','[\"*\"]',NULL,NULL,'2024-10-17 08:39:12','2024-10-17 08:39:12'),(205,'App\\Models\\User',1,'authToken','1a6123d3936318b6ad0c369aa5184b450d1f60d616eb26f857cbc5a412852d04','[\"*\"]',NULL,NULL,'2024-10-17 08:46:18','2024-10-17 08:46:18'),(206,'App\\Models\\User',1,'authToken','c4e9084b8dbd9cf32b1101a14a0e4a11c84059f3660f4671c779439d809dc866','[\"*\"]',NULL,NULL,'2024-10-17 09:28:14','2024-10-17 09:28:14'),(207,'App\\Models\\User',1,'authToken','d134b3d6941586bed575589fb5d3a617b1b2bf1a1c304feb7f6d6597e5111512','[\"*\"]',NULL,NULL,'2024-10-18 02:05:11','2024-10-18 02:05:11');
/*!40000 ALTER TABLE `personal_access_tokens` ENABLE KEYS */;
UNLOCK TABLES;

--
-- Table structure for table `repairs`
--

DROP TABLE IF EXISTS `repairs`;
/*!40101 SET @saved_cs_client     = @@character_set_client */;
/*!50503 SET character_set_client = utf8mb4 */;
CREATE TABLE `repairs` (
  `repair_id` bigint unsigned NOT NULL AUTO_INCREMENT,
  `job_id` bigint unsigned NOT NULL,
  `repair_status` bigint unsigned NOT NULL DEFAULT '2',
  `accepted_at` timestamp NULL DEFAULT NULL,
  `completed_at` timestamp NULL DEFAULT NULL,
  `created_at` timestamp NULL DEFAULT NULL,
  `updated_at` timestamp NULL DEFAULT NULL,
  PRIMARY KEY (`repair_id`)
) ENGINE=InnoDB AUTO_INCREMENT=2 DEFAULT CHARSET=utf8mb4 COLLATE=utf8mb4_0900_ai_ci;
/*!40101 SET character_set_client = @saved_cs_client */;

--
-- Dumping data for table `repairs`
--

LOCK TABLES `repairs` WRITE;
/*!40000 ALTER TABLE `repairs` DISABLE KEYS */;
INSERT INTO `repairs` VALUES (1,6822,2,NULL,NULL,'2024-10-18 04:05:40','2024-10-18 04:05:40');
/*!40000 ALTER TABLE `repairs` ENABLE KEYS */;
UNLOCK TABLES;

--
-- Table structure for table `roles`
--

DROP TABLE IF EXISTS `roles`;
/*!40101 SET @saved_cs_client     = @@character_set_client */;
/*!50503 SET character_set_client = utf8mb4 */;
CREATE TABLE `roles` (
  `role_id` bigint unsigned NOT NULL AUTO_INCREMENT,
  `role_name` varchar(255) CHARACTER SET utf8mb4 COLLATE utf8mb4_unicode_ci NOT NULL,
  `created_at` timestamp NULL DEFAULT NULL,
  `updated_at` timestamp NULL DEFAULT NULL,
  PRIMARY KEY (`role_id`),
  UNIQUE KEY `roles_role_name_unique` (`role_name`)
) ENGINE=InnoDB AUTO_INCREMENT=5 DEFAULT CHARSET=utf8mb4 COLLATE=utf8mb4_unicode_ci;
/*!40101 SET character_set_client = @saved_cs_client */;

--
-- Dumping data for table `roles`
--

LOCK TABLES `roles` WRITE;
/*!40000 ALTER TABLE `roles` DISABLE KEYS */;
INSERT INTO `roles` VALUES (1,'Admin','2024-08-13 00:27:01','2024-09-19 03:35:14'),(2,'User','2024-08-13 00:28:01','2024-08-13 00:28:01'),(4,'Head of Maintenance','2024-09-25 03:41:09','2024-09-27 02:11:55');
/*!40000 ALTER TABLE `roles` ENABLE KEYS */;
UNLOCK TABLES;

--
-- Table structure for table `user_authorities`
--

DROP TABLE IF EXISTS `user_authorities`;
/*!40101 SET @saved_cs_client     = @@character_set_client */;
/*!50503 SET character_set_client = utf8mb4 */;
CREATE TABLE `user_authorities` (
  `user_authority_id` bigint unsigned NOT NULL AUTO_INCREMENT,
  `user_id` bigint unsigned NOT NULL,
  `user_location_id` bigint unsigned NOT NULL,
  `user_authority_status` enum('0','1') COLLATE utf8mb4_unicode_ci DEFAULT '1',
  `created_at` timestamp NULL DEFAULT NULL,
  `deleted_at` timestamp NULL DEFAULT NULL,
  `updated_at` timestamp NULL DEFAULT NULL,
  PRIMARY KEY (`user_authority_id`),
  KEY `user_authorities_user_id_foreign` (`user_id`),
  KEY `user_authorities_user_location_id_foreign` (`user_location_id`),
  CONSTRAINT `user_authorities_user_id_foreign` FOREIGN KEY (`user_id`) REFERENCES `users` (`user_id`) ON DELETE CASCADE,
  CONSTRAINT `user_authorities_user_location_id_foreign` FOREIGN KEY (`user_location_id`) REFERENCES `locations` (`location_id`) ON DELETE CASCADE
) ENGINE=InnoDB AUTO_INCREMENT=208 DEFAULT CHARSET=utf8mb4 COLLATE=utf8mb4_unicode_ci;
/*!40101 SET character_set_client = @saved_cs_client */;

--
-- Dumping data for table `user_authorities`
--

LOCK TABLES `user_authorities` WRITE;
/*!40000 ALTER TABLE `user_authorities` DISABLE KEYS */;
INSERT INTO `user_authorities` VALUES (185,1,33,'1','2024-10-18 03:48:18',NULL,'2024-10-18 03:48:18'),(186,1,34,'1','2024-10-18 03:48:18',NULL,'2024-10-18 03:48:18'),(187,1,35,'1','2024-10-18 03:48:18',NULL,'2024-10-18 03:48:18'),(188,1,36,'1','2024-10-18 03:48:18',NULL,'2024-10-18 03:48:18'),(189,1,37,'1','2024-10-18 03:48:18',NULL,'2024-10-18 03:48:18'),(190,1,38,'1','2024-10-18 03:48:18',NULL,'2024-10-18 03:48:18'),(191,1,39,'1','2024-10-18 03:48:18',NULL,'2024-10-18 03:48:18'),(192,1,40,'1','2024-10-18 03:48:18',NULL,'2024-10-18 03:48:18'),(193,1,41,'1','2024-10-18 03:48:18',NULL,'2024-10-18 03:48:18'),(194,1,42,'1','2024-10-18 03:48:18',NULL,'2024-10-18 03:48:18'),(195,1,43,'1','2024-10-18 03:48:18',NULL,'2024-10-18 03:48:18'),(196,1,44,'1','2024-10-18 03:48:18',NULL,'2024-10-18 03:48:18'),(197,1,45,'1','2024-10-18 03:48:18',NULL,'2024-10-18 03:48:18'),(198,1,46,'1','2024-10-18 03:48:18',NULL,'2024-10-18 03:48:18'),(199,1,47,'1','2024-10-18 03:48:18',NULL,'2024-10-18 03:48:18'),(200,1,48,'1','2024-10-18 03:48:18',NULL,'2024-10-18 03:48:18'),(201,1,49,'1','2024-10-18 03:48:18',NULL,'2024-10-18 03:48:18'),(202,1,50,'1','2024-10-18 03:48:18',NULL,'2024-10-18 03:48:18'),(203,1,51,'1','2024-10-18 03:48:18',NULL,'2024-10-18 03:48:18'),(204,1,52,'1','2024-10-18 03:48:18',NULL,'2024-10-18 03:48:18'),(205,1,53,'1','2024-10-18 03:48:18',NULL,'2024-10-18 03:48:18'),(206,1,54,'1','2024-10-18 03:48:18',NULL,'2024-10-18 03:48:18'),(207,1,55,'1','2024-10-18 03:48:18',NULL,'2024-10-18 03:48:18');
/*!40000 ALTER TABLE `user_authorities` ENABLE KEYS */;
UNLOCK TABLES;

--
-- Table structure for table `users`
--

DROP TABLE IF EXISTS `users`;
/*!40101 SET @saved_cs_client     = @@character_set_client */;
/*!50503 SET character_set_client = utf8mb4 */;
CREATE TABLE `users` (
  `user_id` bigint unsigned NOT NULL AUTO_INCREMENT,
  `user_name` varchar(50) CHARACTER SET utf8mb4 COLLATE utf8mb4_unicode_ci NOT NULL,
  `email` varchar(50) CHARACTER SET utf8mb4 COLLATE utf8mb4_unicode_ci NOT NULL,
  `first_name` varchar(50) CHARACTER SET utf8mb4 COLLATE utf8mb4_unicode_ci DEFAULT NULL,
  `last_name` varchar(50) CHARACTER SET utf8mb4 COLLATE utf8mb4_unicode_ci DEFAULT NULL,
  `email_verified_at` timestamp NULL DEFAULT NULL,
  `password` varchar(255) CHARACTER SET utf8mb4 COLLATE utf8mb4_unicode_ci NOT NULL,
  `role_id` bigint unsigned NOT NULL,
  `remember_token` varchar(100) CHARACTER SET utf8mb4 COLLATE utf8mb4_unicode_ci DEFAULT NULL,
  `last_login_at` timestamp NULL DEFAULT NULL,
  `created_at` timestamp NULL DEFAULT NULL,
  `updated_at` timestamp NULL DEFAULT NULL,
  PRIMARY KEY (`user_id`),
  UNIQUE KEY `users_user_name_unique` (`user_name`),
  UNIQUE KEY `users_email_unique` (`email`),
  KEY `users_role_id_foreign` (`role_id`),
  CONSTRAINT `users_role_id_foreign` FOREIGN KEY (`role_id`) REFERENCES `roles` (`role_id`) ON DELETE CASCADE
) ENGINE=InnoDB AUTO_INCREMENT=5 DEFAULT CHARSET=utf8mb4 COLLATE=utf8mb4_unicode_ci;
/*!40101 SET character_set_client = @saved_cs_client */;

--
-- Dumping data for table `users`
--

LOCK TABLES `users` WRITE;
/*!40000 ALTER TABLE `users` DISABLE KEYS */;
INSERT INTO `users` VALUES (1,'admin','admin.com','Admin','Test',NULL,'$2y$10$kQrmD7F7YVTOa.O8fjeem.3HfxSxqAoIEEgJk0tZNRivLy1HX/qwW',1,NULL,'2024-10-18 02:05:10','2024-08-13 00:27:01','2024-10-18 02:05:10'),(2,'user','user.com','User','Test',NULL,'$2y$10$8vLd2f.qDsU4Lm7aJMJWpOd8aJf5Lt5kBEgdtiAK.iUoxIxALwlMS',2,NULL,'2024-09-18 05:30:48','2024-08-13 00:28:11','2024-09-18 05:30:48'),(4,'wiroj','wiroj.com','wiroj','Test',NULL,'$2y$10$Ys.gJAzNzapKCvUT.gdQWep.FYGuK0NickCBtCQyw.HwELb8MxEze',4,NULL,'2024-08-13 00:49:56','2024-08-13 00:39:55','2024-08-13 00:49:56');
/*!40000 ALTER TABLE `users` ENABLE KEYS */;
UNLOCK TABLES;

--
-- Table structure for table `work_shifts`
--

DROP TABLE IF EXISTS `work_shifts`;
/*!40101 SET @saved_cs_client     = @@character_set_client */;
/*!50503 SET character_set_client = utf8mb4 */;
CREATE TABLE `work_shifts` (
  `work_shift_id` bigint unsigned NOT NULL AUTO_INCREMENT,
  `work_shift_description` varchar(255) CHARACTER SET utf8mb4 COLLATE utf8mb4_unicode_ci NOT NULL,
  `shift_time_slot` varchar(255) CHARACTER SET utf8mb4 COLLATE utf8mb4_unicode_ci NOT NULL,
  `created_at` timestamp NULL DEFAULT NULL,
  `updated_at` timestamp NULL DEFAULT NULL,
  PRIMARY KEY (`work_shift_id`)
) ENGINE=InnoDB AUTO_INCREMENT=13 DEFAULT CHARSET=utf8mb4 COLLATE=utf8mb4_unicode_ci;
/*!40101 SET character_set_client = @saved_cs_client */;

--
-- Dumping data for table `work_shifts`
--

LOCK TABLES `work_shifts` WRITE;
/*!40000 ALTER TABLE `work_shifts` DISABLE KEYS */;
INSERT INTO `work_shifts` VALUES (1,'รอบที่ 1 ','00:00-02:00','2024-08-13 09:24:16','2024-08-13 09:24:16'),(2,'รอบที่ 2','02:01-04:00','2024-08-13 09:24:16','2024-08-13 09:24:16'),(3,'รอบที่ 3','04:01-06:00','2024-08-13 09:24:16','2024-08-13 09:24:16'),(4,'รอบที่ 4','06:01-08:00',NULL,NULL),(5,'รอบที่ 5','08:01-10:00',NULL,NULL),(6,'รอบที่ 6','10:01-12:00',NULL,NULL),(7,'รอบที่ 7','12:01-14:00',NULL,NULL),(8,'รอบที่ 8','14:01-16:00',NULL,NULL),(9,'รอบที่ 9','16:01-18:00',NULL,NULL),(10,'รอบที่ 10','18:01-20:00',NULL,NULL),(11,'รอบที่ 11','20:01-22:00',NULL,NULL),(12,'รอบที่ 12','22:01-23:59',NULL,NULL);
/*!40000 ALTER TABLE `work_shifts` ENABLE KEYS */;
UNLOCK TABLES;

--
-- Table structure for table `zones`
--

DROP TABLE IF EXISTS `zones`;
/*!40101 SET @saved_cs_client     = @@character_set_client */;
/*!50503 SET character_set_client = utf8mb4 */;
CREATE TABLE `zones` (
  `zone_id` bigint unsigned NOT NULL AUTO_INCREMENT,
  `zone_description` varchar(255) CHARACTER SET utf8mb4 COLLATE utf8mb4_unicode_ci NOT NULL,
  `zone_status` enum('0','1') COLLATE utf8mb4_unicode_ci DEFAULT '1',
  `deleted_at` timestamp NULL DEFAULT NULL,
  `created_at` timestamp NULL DEFAULT NULL,
  `updated_at` timestamp NULL DEFAULT NULL,
  PRIMARY KEY (`zone_id`)
) ENGINE=InnoDB AUTO_INCREMENT=10 DEFAULT CHARSET=utf8mb4 COLLATE=utf8mb4_unicode_ci;
/*!40101 SET character_set_client = @saved_cs_client */;

--
-- Dumping data for table `zones`
--

LOCK TABLES `zones` WRITE;
/*!40000 ALTER TABLE `zones` DISABLE KEYS */;
INSERT INTO `zones` VALUES (1,'2A','1',NULL,'2024-10-18 01:27:01','2024-10-18 01:27:01'),(2,'3A','1',NULL,'2024-10-18 01:27:01','2024-10-18 01:27:01'),(3,'4A','1',NULL,'2024-10-18 01:27:01','2024-10-18 01:27:01'),(4,'2B','1',NULL,'2024-10-18 01:27:01','2024-10-18 01:27:01'),(5,'3B','1',NULL,'2024-10-18 01:27:01','2024-10-18 01:27:01'),(6,'4B','1',NULL,'2024-10-18 01:27:01','2024-10-18 01:27:01'),(7,'2C','1',NULL,'2024-10-18 01:27:01','2024-10-18 01:27:01'),(8,'2B','1',NULL,'2024-10-18 01:27:01','2024-10-18 01:27:01'),(9,'5A','1',NULL,'2024-10-18 03:02:44','2024-10-18 03:02:44');
/*!40000 ALTER TABLE `zones` ENABLE KEYS */;
UNLOCK TABLES;
/*!40103 SET TIME_ZONE=@OLD_TIME_ZONE */;

/*!40101 SET SQL_MODE=@OLD_SQL_MODE */;
/*!40014 SET FOREIGN_KEY_CHECKS=@OLD_FOREIGN_KEY_CHECKS */;
/*!40014 SET UNIQUE_CHECKS=@OLD_UNIQUE_CHECKS */;
/*!40101 SET CHARACTER_SET_CLIENT=@OLD_CHARACTER_SET_CLIENT */;
/*!40101 SET CHARACTER_SET_RESULTS=@OLD_CHARACTER_SET_RESULTS */;
/*!40101 SET COLLATION_CONNECTION=@OLD_COLLATION_CONNECTION */;
/*!40111 SET SQL_NOTES=@OLD_SQL_NOTES */;

-- Dump completed on 2024-10-18 11:09:01
